"File number",Title,"Indexed by"
AG-RC-2026-50,"ALHAJI ADO ABDULLAHI","ISYAKU IBRAHIM"
AG-RC-2026-500,"hello world","Klaes Admin"
COM-2026-10,"H.G SHARIFAI NIGERIA LIMITED","MARYAM JAFAR DALHA"
COM-2026-11,"H.G SHARIFAI NIGERIA LIMITED","MARYAM JAFAR DALHA"
COM-2026-12,"H.G SHARIFAI NIGERIA LIMITED","MARYAM JAFAR DALHA"
COM-2026-13,"H.G SHARIFAI NIGERIA LIMITED","MUHAMMED YAKUBU"
COM-2026-14,"H.G SHARIFAI NIGERIA LIMITED","MUHAMMED YAKUBU"
COM-2026-15,"H.G SHARIFAI NIGERIA LIMITED","FATIMA HASSAN"
COM-2026-16,"H.G SHARIFAI NIGERIA LIMITED","MUHAMMED YAKUBU"
COM-2026-1665,"AMINU SUNUSI UWAISU","ABDULRASHEED ADAM"
COM-2026-1669,"ALH BASHIR ABUBAKAR TSANYAWA","ABDULRASHEED ADAM"
COM-2026-1676,"AMINU DANLAMI","ABDULRASHEED ADAM"
COM-2026-17,"H.G SHARIFAI NIGERIA LIMITED","MUHAMMED YAKUBU"
COM-2026-18,"H.G SHARIFAI NIGERIA LIMITED","NURADDEEN ALHASSAN"
COM-2026-19,"H.G SHARIFAI NIGERIA LIMITED","MUHAMMED YAKUBU"
COM-2026-1978,"MUJBUR RAHMAN","AUWAL YUSUF MOHAMMED"
COM-2026-20,"H.G SHARIFAI NIGERIA LIMITED","MUHAMMED YAKUBU"
COM-2026-2038,"UMAR BALA","AUWAL YUSUF MOHAMMED"
COM-2026-2039,,"AUWAL YUSUF MOHAMMED"
COM-2026-21,"H.G. SHARIFAI NIGERIA LIMITED","IKHLAS MUHAMMAD SHEHU"
COM-2026-22,"H.G SHARIFAI NIGERIA LIMITED","MUHAMMED YAKUBU"
COM-2026-226,"ABDULMALIK I RABIU","Maryam Ibrahim Jibril"
COM-2026-23,"H.G SHARIFAI NIGERIA LIMITED","MUHAMMED YAKUBU"
COM-2026-24,"H.G SHARIFAI NIGERIA LIMITED","MARYAM JAFAR DALHA"
COM-2026-25,"H.G SHARIFAI NIGERIA LIMITED","MUHAMMED YAKUBU"
COM-2026-26,"H.G SHARIFAI NIGERIA LIMITED","MUHAMMED YAKUBU"
COM-2026-30,"VLAAR HOMES LIMITED","NAFISA AMINU SALEH"
COM-2026-305,"AHMAD IDRIS SULAIMAN","ABDULRASHEED ADAM"
COM-2026-31,"VLAAR HOMES LIMITED","IKHLAS MUHAMMAD SHEHU"
COM-2026-32,"VLAAR HOMES LIMITED","FATIMA HASSAN"
COM-2026-33,"VLAAR HOMES LIMITED","ABBAS SALISU"
COM-2026-35,"VLAAR HOMES LIMITED","ABBAS SALISU"
COM-2026-36,"VLAAR HOMES LIMITED","ABDULRASHEED ADAM"
COM-2026-37,"VLAAR HOMES LIMITED","ABDULRASHEED ADAM"
COM-2026-38,"VLAAR HOMES LIMITED","ABDULRASHEED ADAM"
COM-2026-39,"VLAAR HOMES LIMITED","ABDULRASHEED ADAM"
COM-2026-40,"VLAAR HOMES LIMITED","ABDULRASHEED ADAM"
COM-2026-4003,"Principal Branding Officer","Klaes Admin"
COM-2026-4004,"Global Mobility Executive","Klaes Admin"
COM-2026-405,"DANTATA PROPERTY DEVELOPMENT AND MANAGEMENT COMPANY LIMITED","AL-AMIN ISMAIL SANI"
COM-2026-41,"VLAAR HOMES LIMITED","ABDULRASHEED ADAM"
COM-2026-42,"VLAAR HOMES LIMITED","ABDULRASHEED ADAM"
COM-2026-43,"VLAAR HOMES LIMITED","ABDULRASHEED ADAM"
COM-2026-44,"VLAAR HOMES LIMITED","ABDULRASHEED ADAM"
COM-2026-45,"VLAAR HOMES LIMITED","ABDULRASHEED ADAM"
COM-2026-46,"VLAAR HOMES LIMITED","ABDULRASHEED ADAM"
COM-2026-465,"SHAANXI AUTO LOGISTICS AND SOLUTION LTD","Abba Ibrahim"
COM-2026-47,"VLAAR HOMES LIMITED","ABDULRASHEED ADAM"
COM-2026-48,"VLAAR HOMES LIMITED","ABDULRASHEED ADAM"
COM-2026-49,"HON ABUBAKAR ZARARI MUHD","IKHLAS MUHAMMAD SHEHU"
COM-2026-50,"VLAAR HOMES LIMITED","NAFISA AMINU SALEH"
COM-2026-506,"MOHAMMED HUSAINI","ABDULRASHEED ADAM"
COM-2026-507,"ZIMTAS CONSULTANT NIG LTD","USMAN KABIR"
COM-2026-51,"VLAAR HOMES LIMITED","NAFISA AMINU SALEH"
COM-2026-52,"VLAAR HOMES LIMITED","NAFISA AMINU SALEH"
COM-2026-523,"HON (DR) YERIMA LAWAN NGAMA","Maryam Ibrahim Jibril"
COM-2026-53,"VLAAR HOMES LIMITED","NAFISA AMINU SALEH"
COM-2026-54,"VLAAR HOMES LIMITED","NAFISA AMINU SALEH"
COM-2026-55,"VLAAR HOMES LIMITED","FATIMA HASSAN"
COM-2026-56,"VLAAR HOMES LTD","NURADDEEN ALHASSAN"
COM-2026-57,"VLAAR HOMES LTD","NURADDEEN ALHASSAN"
COM-2026-58,"AKIBU NAGAMBO INUWA","FARIDA ABUBAKAR MUHAMMAD"
COM-2026-61,"M.H GANO RICE MILLS NIGERIA LTD","FARIDA ABUBAKAR MUHAMMAD"
COM-2026-62,"M.H GANO RICE MILLS NIGERIA LTD","FARIDA ABUBAKAR MUHAMMAD"
COM-2026-63,"M.H GANO RICE MILLS NIGERIA LTD","FARIDA ABUBAKAR MUHAMMAD"
COM-2026-64,"M.H GANO RICE MILLS NIGERIA LTD","FARIDA ABUBAKAR MUHAMMAD"
COM-2026-65,"M.H GANO RICE MILLS NIGERIA LTD","FARIDA ABUBAKAR MUHAMMAD"
COM-2026-66,"M.H GANO RICE MILLS NIGERIA LTD","FARIDA ABUBAKAR MUHAMMAD"
COM-2026-67,"M.H GANO RICE MILLS NIGERIA LTD","FARIDA ABUBAKAR MUHAMMAD"
COM-2026-68,"M.H GANO RICE MILLS NIGERIA LTD","FARIDA ABUBAKAR MUHAMMAD"
COM-2026-69,"M.H GANO RICE MILLS NIGERIA LTD","FARIDA ABUBAKAR MUHAMMAD"
COM-2026-70,"M.H GANO RICE MILLS NIGERIA LTD","FARIDA ABUBAKAR MUHAMMAD"
COM-2026-71,"M.H GANO RICE MILLS NIGERIA LTD","FARIDA ABUBAKAR MUHAMMAD"
COM-2026-72,"M.H GANO RICE MILLS NIGERIA LTD","FARIDA ABUBAKAR MUHAMMAD"
COM-2026-73,"M.H GANO RICE MILLS NIGERIA LIMITED","FARIDA ABUBAKAR MUHAMMAD"
COM-2026-74,"M.H GANO RICE MILLS NIG. LTD","FARIDA ABUBAKAR MUHAMMAD"
COM-2026-75,"M.H GANO RICE MILLS NIG. LTD","FARIDA ABUBAKAR MUHAMMAD"
COM-2026-76,"M.H GANO RICE MILLS NIG. LTD","FARIDA ABUBAKAR MUHAMMAD"
COM-2026-8,"H.G SHARIFAI NIGERIA LIMITED","MARYAM JAFAR DALHA"
COM-2026-9,"H.G SHARIFAI NIGERIA LIMITED","MARYAM JAFAR DALHA"
COM-RC-2026-249,"DE-FRIENDSHIP LATERING SERVICE LTD","NURADDEEN ALHASSAN"
CON-AG-2026-10,"ABDULLAHI RABI'U MUSA","ZARADDEN MUHAMMAD UMAR"
CON-AG-2026-11,"ABDULLAHI TANKO HASSAN","AL-AMIN ISMAIL SANI"
CON-AG-2026-14,"ALH. AMINU SULAIMAN DAN ZOGARI SARKIN ZOGARAWA","FARIDA ABUBAKAR MUHAMMAD"
CON-AG-2026-2,"ABDULLAHI MUHAMMAD FAGGE","ALIYU DANJUMA"
CON-AG-2026-8,"MONKOLE ABDULLAHI NIGERIA LIMITED","AMINA ABDULLAHI IBRAHIM"
CON-AG-2026-9,"SALISU BELLO","NAZIFI BABA"
CON-COM-2026-1167,"SHEHU UMAR GARKO","Nura Musa Muhammad"
CON-COM-2026-13,"MR. INNOCENT UDEMEZUE","FARIDA ABUBAKAR MUHAMMAD"
CON-COM-2026-14,"SULAIMAN ABDULHAMID BAKO","NAZIFI BABA"
CON-COM-2026-15,"OSUNAGRI COMMODITIES AND EXPORT LTD","FARIDA ABUBAKAR MUHAMMAD"
CON-COM-2026-16,"OSUNAGRI COMMODITIES AND EXPORT LTD","FARIDA ABUBAKAR MUHAMMAD"
CON-COM-2026-17,"OSUNAGRI COMMODITIES AND EXPORT LTD","FARIDA ABUBAKAR MUHAMMAD"
CON-COM-2026-21,"RANO GLOBAL RESOURCES LTD","FARIDA ABUBAKAR MUHAMMAD"
CON-COM-2026-24,"LIMAN HOLDING","FARIDA ABUBAKAR MUHAMMAD"
CON-COM-2026-27,"AREEF OIL AND GAS","ABBAS SALISU"
CON-COM-2026-28,"ALHAJI MURTALA ABDULLAHI","Abba Ibrahim"
CON-COM-2026-31,"NASIR SANI BUJI","AMINA ABDULLAHI IBRAHIM"
CON-COM-2026-33,"MUHAMMAD NASIRU ABUBAKAR","FARIDA ABUBAKAR MUHAMMAD"
CON-COM-2026-369,"ABDULRAHMAN MUKHTAR GORA","Abba Ibrahim"
CON-COM-2026-564,"UMAR NASIR LAWAN","FARIDA ABUBAKAR MUHAMMAD"
CON-COM-2026-566,"HASHIMCO GLOBAL SERVICE LIMITED","FARIDA ABUBAKAR MUHAMMAD"
CON-COM-2026-569,"MALLAM ABDULLAHI HARUNA","FARIDA ABUBAKAR MUHAMMAD"
CON-COM-2026-6,"FATIHU HAMZA DARMA","MUHAMMAD IBRAHIM"
CON-COM-2026-600,"MUSTAPHA MUHAMMAD AKAR","Nura Musa Muhammad"
CON-COM-2026-7,"BABAN-NAIMA NIG LTD","AISHA MOMODU"
CON-COM-2026-9,"AMINU ABDULLAHI","AL-AMIN ISMAIL SANI"
CON-IND-2026-2,"PISTIA VENTURES LTD","Nura Musa Muhammad"
CON-IND-2026-288,"SA'AD SHITU SHARUBUTU","FARIDA ABUBAKAR MUHAMMAD"
CON-RES-2026-13,"YUSIF ABDULLAHI","FARIDA ABUBAKAR MUHAMMAD"
CON-RES-2026-17,"MUSA DANJUMA","AMINA ABDULLAHI IBRAHIM"
CON-RES-2026-18,"MUSA DANJUMA","AMINA ABDULLAHI IBRAHIM"
CON-RES-2026-3300,"MARIYA ADAMU","AL-AMIN ISMAIL SANI"
CON-RES-2026-5930,"MUSTAPHA MUHAMMAD AKAR","FARIDA ABUBAKAR MUHAMMAD"
DCIV-2026-217,EFCC,"MUHAMMED YAKUBU"
IND-2026-8999,"Regional Usability Representative","Klaes Admin"
IND-RC-2026-33,"Global Usability Associate","Klaes Admin"
RES-2026-10,"MUSTAPHA HARIS DABA","FARIDA ABUBAKAR MUHAMMAD"
RES-2026-100,"AHMAD ABUBAKAR AZAREMA","Abba Ibrahim"
RES-2026-108,"GARBA ALIYU","Nura Musa Muhammad"
RES-2026-109,"JIBRIN YA`U","Nura Musa Muhammad"
RES-2026-110,"DATTIJO FAMILY","Nura Musa Muhammad"
RES-2026-111,"IBRAHIM MUAZZAM NASIRU KABARA","AMINA ABDULLAHI IBRAHIM"
RES-2026-13,"MARYAM & ZALIHA MUHAMMAD","FARIDA ABUBAKAR MUHAMMAD"
RES-2026-14,"MALAM SANI MUSA","Nura Musa Muhammad"
RES-2026-15,"MU`AZU NASIRU MU`AZU","Nura Musa Muhammad"
RES-2026-16,"SALEH YUSUF","AL-AMIN ISMAIL SANI"
RES-2026-160,"HARISU AHMAD ABDULLAHI","AMINA ABDULLAHI IBRAHIM"
RES-2026-164,"ALIYU SULEIMAN","AMINA ABDULLAHI IBRAHIM"
RES-2026-169,"SABI'U ABUBAKAR SADIQ","FARIDA ABUBAKAR MUHAMMAD"
RES-2026-17,"AYUBA YUSUF MUSA","Nura Musa Muhammad"
RES-2026-171,"MUHAMMAD MUHAMMAD","AMINA ABDULLAHI IBRAHIM"
RES-2026-174,"BALA SABO","AMINA ABDULLAHI IBRAHIM"
RES-2026-175,"BALA SABO","AMINA ABDULLAHI IBRAHIM"
RES-2026-18,"ABUBAKAR SALISU ABUBAKAR","Nura Musa Muhammad"
RES-2026-19,"USMAN SALISU","Nura Musa Muhammad"
RES-2026-20,"UMAR SALISU","Nura Musa Muhammad"
RES-2026-21,"MALAM SANI MUSA","FARIDA ABUBAKAR MUHAMMAD"
RES-2026-22,"TASI`U ISMA`IL UMAR","Nura Musa Muhammad"
RES-2026-226,"VLAAR HOMES LIMITED","RAMATU MUHAMMAD ALHASSAN"
RES-2026-228,"VLAAR  HOMES  LIMITED","RAMATU MUHAMMAD ALHASSAN"
RES-2026-23,"MUSBAHU A. ALIYU","Nura Musa Muhammad"
RES-2026-2304,"ALH. BAKO YA'U","AL-AMIN ISMAIL SANI"
RES-2026-2331,"ALHAJI MUKHTAR CHIRANCHI","AL-AMIN ISMAIL SANI"
RES-2026-2394,"MALAM YAHAYA YAKUBU","AL-AMIN ISMAIL SANI"
RES-2026-24,"ALHAJI KABIRU ALI","Nura Musa Muhammad"
RES-2026-25,"MUSBAHU A. ALIYU","Nura Musa Muhammad"
RES-2026-26,"HARUNA IBRAHIM","FARIDA ABUBAKAR MUHAMMAD"
RES-2026-27,"GARZALI HASSAN","FARIDA ABUBAKAR MUHAMMAD"
RES-2026-270,"VLAAR HOMES LIMITED","RAMATU MUHAMMAD ALHASSAN"
RES-2026-271,"VLAAR HOMES LIMITED","RAMATU MUHAMMAD ALHASSAN"
RES-2026-28,"AMMAR SURAJO","FARIDA ABUBAKAR MUHAMMAD"
RES-2026-29,"ABDULLAHI NASIRU MUSTAFA","FARIDA ABUBAKAR MUHAMMAD"
RES-2026-291,"VLAAR HOMES LIMITED","FARIDA ABUBAKAR MUHAMMAD"
RES-2026-293,"VLAAR HOMES LIMITED","FARIDA ABUBAKAR MUHAMMAD"
RES-2026-295,"VLAAR HOMES LIMITED","FARIDA ABUBAKAR MUHAMMAD"
RES-2026-30,"KHADIJA ISA ABBAS","Nura Musa Muhammad"
RES-2026-3005,"AMINU LAWAN","Nura Musa Muhammad"
RES-2026-304,"SALISU MUHD","SIDI SALMAN"
RES-2026-31,"SADAM ABUBAKAR ABDULLAHI","FARIDA ABUBAKAR MUHAMMAD"
RES-2026-3181,"BELLO SANI (DPO BICHI)","Nura Musa Muhammad"
RES-2026-32,"MUBARAK SURAJO","FARIDA ABUBAKAR MUHAMMAD"
RES-2026-3215,"ASHIRU SANI KWANKWASO","Aminu Rabiu Saleh"
RES-2026-33,"UMAR SHEHU","FARIDA ABUBAKAR MUHAMMAD"
RES-2026-34,"UBAIDA YAHAYA","FARIDA ABUBAKAR MUHAMMAD"
RES-2026-345,"VLAAR HOMES LIMITED","MARYAM ABDULKADIR"
RES-2026-346,"VLAAR HOMES LIMITED","MARYAM ABDULKADIR"
RES-2026-347,"VLAAR HOMES LIMITED","MARYAM ABDULKADIR"
RES-2026-348,"VLAAR HOMES LIMITED","MARYAM ABDULKADIR"
RES-2026-349,"VLAAR HOES LIMITED","MARYAM ABDULKADIR"
RES-2026-3549,"ALHAJI IBRAHIM","RUKAYYA MUHAMMAD TANKO"
RES-2026-3630,"AL-JUMRAH INDUSTRIES LIMITED","Zuwaria Usman"
RES-2026-366,"ALHAJI AMINU BADAWA","RUKAYYA MUHAMMAD TANKO"
RES-2026-406,"ALHAJI BELLO UMAR","SIDI SALMAN"
RES-2026-41,"DAYYABU KABIRU SANI","FARIDA ABUBAKAR MUHAMMAD"
RES-2026-412,"VLAAR HOMES LTD","AMINA ABDULLAHI IBRAHIM"
RES-2026-417,"AKIBU NAGAMBO INUWA","AMINA ABDULLAHI IBRAHIM"
RES-2026-4173,"HALLIRU ADAMU","AL-AMIN ISMAIL SANI"
RES-2026-418,"AKIBU NAGAMBO INUWA","AMINA ABDULLAHI IBRAHIM"
RES-2026-419,"YAKUBU ADAMU SALISU","FARIDA ABUBAKAR MUHAMMAD"
RES-2026-42,"HALIMA SHUAIBU ARAFAT","AMINA ABDULLAHI IBRAHIM"
RES-2026-4201,"SALISU MUKHTARI TIJJANI","IKHLAS MUHAMMAD SHEHU"
RES-2026-421,"IBRAHIM ABUBAKAR ABDULLAHI","Nura Musa Muhammad"
RES-2026-422,"SADIYA DANJUMA ABDULLAHI","FARIDA ABUBAKAR MUHAMMAD"
RES-2026-423,"YAHAYA ABDULKARIM","Nura Musa Muhammad"
RES-2026-4247,"AISH HARUNA ABDULLAHI","Nura Musa Muhammad"
RES-2026-425,"ABDULLAHI IBRAHIM GOGEL","Nura Musa Muhammad"
RES-2026-426,"GAMBO TANKO","Nura Musa Muhammad"
RES-2026-427,"MOHAMMED YUSUF SUNU","FARIDA ABUBAKAR MUHAMMAD"
RES-2026-428,"MAHADI ADAMU SALISU","FARIDA ABUBAKAR MUHAMMAD"
RES-2026-429,"HAUWA ABUBAKAR","Nura Musa Muhammad"
RES-2026-43,"HALIMA SHU'AIBU ARAFAT","FARIDA ABUBAKAR MUHAMMAD"
RES-2026-431,"ALHAJI MANSUR ZUBAIRU SALISU","Nura Musa Muhammad"
RES-2026-432,"ZAHARADDEEN ABUBAKAR","Nura Musa Muhammad"
RES-2026-433,"AUWAL MUHAMMAD SANI","AISHA JAFAR"
RES-2026-434,"UMAR SULEIMAN","Nura Musa Muhammad"
RES-2026-435,"AMINU RABI'U ALIYU","FARIDA ABUBAKAR MUHAMMAD"
RES-2026-436,"ABUBAKAR ABDULLAHI HASSAN","Nura Musa Muhammad"
RES-2026-437,"NURA SALIHU","Nura Musa Muhammad"
RES-2026-438,"SALIHU SANI","Nura Musa Muhammad"
RES-2026-439,"ZAHARADDEEN ABUBAKAR","FARIDA ABUBAKAR MUHAMMAD"
RES-2026-44,"HALIMA SHU'AIBU ARAFAT","FARIDA ABUBAKAR MUHAMMAD"
RES-2026-440,"UMAR ADAMU","FARIDA ABUBAKAR MUHAMMAD"
RES-2026-441,"MUHAMMAD SANI SALIHU","FARIDA ABUBAKAR MUHAMMAD"
RES-2026-442,"AHMAD TIJJANI SALUHU","Nura Musa Muhammad"
RES-2026-444,"BASHIR MUSA","FARIDA ABUBAKAR MUHAMMAD"
RES-2026-445,"HUSSAINI ABBA YALO","Nura Musa Muhammad"
RES-2026-446,"ADAMU SALISU MAILABUJE","Nura Musa Muhammad"
RES-2026-447,"RABILU ABDULKARIM GWANI","FARIDA ABUBAKAR MUHAMMAD"
RES-2026-448,"KABIRU SALISU SALEH","Nura Musa Muhammad"
RES-2026-449,"Mr NURUDDEEN HARUN","Klaes Admin"
RES-2026-45,"AISHA YAHAYA ABKAR","MUHAMMED YAKUBU"
RES-2026-450,"ABDURRAZAK ADAMU","AISHA JAFAR"
RES-2026-451,"HAJARA ADAMU SALISU","FARIDA ABUBAKAR MUHAMMAD"
RES-2026-452,"YAKUBU YUNUSA SANI","Nura Musa Muhammad"
RES-2026-453,"MUSA HAMISU IDRIS","Nura Musa Muhammad"
RES-2026-454,"AMINU ABUBAKAR ABDULLAHI","Nura Musa Muhammad"
RES-2026-455,"MUHAMMMAD DANJUMA ABDULLAHI","AISHA JAFAR"
RES-2026-456,"ABBA TIJJANI","FARIDA ABUBAKAR MUHAMMAD"
RES-2026-457,"MARYAM IBRAHIM","FARIDA ABUBAKAR MUHAMMAD"
RES-2026-458,"ZAKARIYYA SALMANU YA`U","Nura Musa Muhammad"
RES-2026-459,"IDRIS SHARIF MUHAMMAD","FARIDA ABUBAKAR MUHAMMAD"
RES-2026-460,"IBRAHIM HARUNA","Nura Musa Muhammad"
RES-2026-461,"WALI YUSIF ABUBAKAR","FARIDA ABUBAKAR MUHAMMAD"
RES-2026-462,"AMINU AMMANI","Nura Musa Muhammad"
RES-2026-463,"ABUBAKAR ISA","Nura Musa Muhammad"
RES-2026-464,"SAIFULLAHI ABUBAKAR","FARIDA ABUBAKAR MUHAMMAD"
RES-2026-465,"SUNUSI YUNUSA SANI","Nura Musa Muhammad"
RES-2026-470,"LAWALI SULE","SIDI SALMAN"
RES-2026-4709,"ALJ. UMMARU SALUSU KUMURYA","AL-AMIN ISMAIL SANI"
RES-2026-471,"SADIQ MURTALA MANSUR","SIDI SALMAN"
RES-2026-4735,"SANI AHMED RUFA'I","AL-AMIN ISMAIL SANI"
RES-2026-4739,"ABUBAKAR TANKO","AL-AMIN ISMAIL SANI"
RES-2026-4744,"USMAN ABUBAKAR","AL-AMIN ISMAIL SANI"
RES-2026-478,"IBRAHIM AMINU AHMAD","MUBARAK DAUDA MUKHTAR"
RES-2026-480,"IBRAHIM AMINU AHMAD","Abba Ibrahim"
RES-2026-481,"IBRAHIM AMINU AHMAD","FARIDA ABUBAKAR MUHAMMAD"
RES-2026-482,"IBRAHIM AMINU AHMAD","FARIDA ABUBAKAR MUHAMMAD"
RES-2026-484,"IBRAHIM AMINU AHMAD","MUHAMMAD IBRAHIM"
RES-2026-4846,"TAJJANI SAIDU","AL-AMIN ISMAIL SANI"
RES-2026-4853,"ALH. SALISU BELLO","AL-AMIN ISMAIL SANI"
RES-2026-4880,"A. LAWAN USMAN DUGAJI","AL-AMIN ISMAIL SANI"
RES-2026-49,"HAFIZU SAFYANU MADUGU","AMINA ABDULLAHI IBRAHIM"
RES-2026-498,"NURA ALHASSAN SAIDU","FARIDA ABUBAKAR MUHAMMAD"
RES-2026-499,"ABDULLAHI MAHMUDU BAYERO","ALIYU DANJUMA JIGILAWA"
RES-2026-50,"HAFIZU SAFIYANU MADUGU.","FARIDA ABUBAKAR MUHAMMAD"
RES-2026-500,"MA'AWIYA UMAR MUSA","Abba Ibrahim"
RES-2026-501,"MAIJIDDA ADAMU","AMINA ABDULLAHI IBRAHIM"
RES-2026-502,"MAAWIYYA  UMAR MUSA","AMINA ABDULLAHI IBRAHIM"
RES-2026-503,"IDI MUSTAPHA","AMINA ABDULLAHI IBRAHIM"
RES-2026-508,"ALFA UMAR YAKUBU","FARIDA ABUBAKAR MUHAMMAD"
RES-2026-509,"ALFA UMAR YAKUBU","FARIDA ABUBAKAR MUHAMMAD"
RES-2026-511,"YAHAYA DAUDA, DALHA USMAN & SAMAILA SAADU","FARIDA ABUBAKAR MUHAMMAD"
RES-2026-512,"MUHAMMAD ABDULLAHI & 3 OTHERS","FARIDA ABUBAKAR MUHAMMAD"
RES-2026-513,"TRIPPLE A FARM PRODUCT AND AGRO ALLIED COMMODITIES SERVICES","AMINA ABDULLAHI IBRAHIM"
RES-2026-515,"BASHIR ABDULLAHI YUSUF","MUHAMMED YAKUBU"
RES-2026-5161,"S.O OLORUNEUNMI","SIDI SALMAN"
RES-2026-5353,"JIBRIN MUSA","Nura Musa Muhammad"
RES-2026-5447,"DANLADI INUSA","RUKAYYA MUHAMMAD TANKO"
RES-2026-556,"A. ABDULLAHI IDRIS","FARIDA ABUBAKAR MUHAMMAD"
RES-2026-557,"ALH. YAHUZA ADAM","FARIDA ABUBAKAR MUHAMMAD"
RES-2026-562,"FLT. LT. SAMIRA H. ABDUL","AL-AMIN ISMAIL SANI"
RES-2026-563,"DATTIJO FAMILY","Nura Musa Muhammad"
RES-2026-564,"YAHUZA UMAR MAIDA","Nura Musa Muhammad"
RES-2026-5642,"ALH KASSIM A IBRAHIM","AMINA ABDULLAHI IBRAHIM"
RES-2026-57,"SALAMATU AYUBA","Nura Musa Muhammad"
RES-2026-5797,"MAL LAWAN ALI","SIDI SALMAN"
RES-2026-58,"MUHAMMAD ADO MUHAMMAD","Abba Ibrahim"
RES-2026-6348,"UMAR BELLO HARIS","RABIU ABDULLAHI RABIU"
RES-2026-6583,"MR. M.K.Z DADARE","AL-AMIN ISMAIL SANI"
RES-2026-72,"FAROUK UMAR MAIGARI","FARIDA ABUBAKAR MUHAMMAD"
RES-2026-7403,"ABDULKADIR UMAR","SIDI SALMAN"
RES-2026-81,"SULEIMAN ABDULLAHI HARBO.","FARIDA ABUBAKAR MUHAMMAD"
RES-2026-9,"MUSTAPHA HARIS DABA","AMINA ABDULLAHI IBRAHIM"
RES-2026-91,"AMINU DAYYABU DIJO","FARIDA ABUBAKAR MUHAMMAD"
RES-2026-97,"AHMAD ABUBAKAR AZAREMA","Abba Ibrahim"
RES-2026-98,"AHMED ABUBAKAR AZAREMA","Abba Ibrahim"
RES-2026-99,"AHMAD ABUBAKAR AZAREMA","Abba Ibrahim"
RES-RC-2026-1291,"LAWISA DAYYABU","ALIYU DANJUMA JIGILAWA"
RES-RC-2026-1853,"ALHAJI LAWAN SAMBO","ALIYU DANJUMA JIGILAWA"
RES-RC-2026-7,"ALH. ADA'U ISA RANO","FARIDA ABUBAKAR MUHAMMAD"
RES-RC-2026-70,"ALHAJI LABARAN NUHU","Maryam Ibrahim Jibril"
