id,title,first_name,middle_name,last_name,plot_number,district,lga,state,allocated_by,created_by,updated_by,created_at,updated_at,is_allocated,allottee_address,file_no,file_title,allottee_name,location,allocation_year,institution_category,institution_name,addressed_to
576,,,,,9525,"YAR GAYA EXT","DAWAKIN KUDU",KANO,,1,1,"2026-09-24 17:35:13.3620000","2026-09-24 17:35:13.3620000",0,,,,,"YAR GAYA EXT, DAWAKIN KUDU",,,,
577,,,,,9526,"YAR GAYA EXT","DAWAKIN KUDU",KANO,,1,1,"2026-09-24 17:35:13.3620000","2026-09-24 17:35:13.3620000",0,,,,,"YAR GAYA EXT, DAWAKIN KUDU",,,,
578,,,,,9527,"YAR GAYA EXT","DAWAKIN KUDU",KANO,,1,1,"2026-09-24 17:35:13.3620000","2026-09-24 17:35:13.3620000",0,,,,,"YAR GAYA EXT, DAWAKIN KUDU",,,,
579,,,,,9528,"YAR GAYA EXT","DAWAKIN KUDU",KANO,,1,1,"2026-09-24 17:35:13.3620000","2026-09-24 17:35:13.3620000",0,,,,,"YAR GAYA EXT, DAWAKIN KUDU",,,,
580,,,,,9529,"YAR GAYA EXT","DAWAKIN KUDU",KANO,,1,1,"2026-09-24 17:35:13.3620000","2026-09-24 17:35:13.3620000",0,,,,,"YAR GAYA EXT, DAWAKIN KUDU",,,,
581,,,,,9530,"YAR GAYA EXT","DAWAKIN KUDU",KANO,,1,1,"2026-09-24 17:35:13.3620000","2026-09-24 17:35:13.3620000",0,,,,,"YAR GAYA EXT, DAWAKIN KUDU",,,,
582,,,,,9531,"YAR GAYA EXT","DAWAKIN KUDU",KANO,,1,1,"2026-09-24 17:35:13.3620000","2026-09-24 17:35:13.3620000",0,,,,,"YAR GAYA EXT, DAWAKIN KUDU",,,,
583,,,,,9532,"YAR GAYA EXT","DAWAKIN KUDU",KANO,,1,1,"2026-09-24 17:35:13.3620000","2026-09-24 17:35:13.3620000",0,,,,,"YAR GAYA EXT, DAWAKIN KUDU",,,,
584,,,,,9533,"YAR GAYA EXT","DAWAKIN KUDU",KANO,,1,1,"2026-09-24 17:35:13.3620000","2026-09-24 17:35:13.3620000",0,,,,,"YAR GAYA EXT, DAWAKIN KUDU",,,,
585,,,,,9534,"YAR GAYA EXT","DAWAKIN KUDU",KANO,,1,1,"2026-09-24 17:35:13.3620000","2026-09-24 17:35:13.3620000",0,,,,,"YAR GAYA EXT, DAWAKIN KUDU",,,,
586,,,,,9535,"YAR GAYA EXT","DAWAKIN KUDU",KANO,,1,1,"2026-09-24 17:35:13.3620000","2026-09-24 17:35:13.3620000",0,,,,,"YAR GAYA EXT, DAWAKIN KUDU",,,,
587,,,,,9536,"YAR GAYA EXT","DAWAKIN KUDU",KANO,,1,1,"2026-09-24 17:35:13.3620000","2026-09-24 17:35:13.3620000",0,,,,,"YAR GAYA EXT, DAWAKIN KUDU",,,,
588,,,,,9537,"YAR GAYA EXT","DAWAKIN KUDU",KANO,,1,1,"2026-09-24 17:35:13.3620000","2026-09-24 17:35:13.3620000",0,,,,,"YAR GAYA EXT, DAWAKIN KUDU",,,,
589,,,,,9538,"YAR GAYA EXT","DAWAKIN KUDU",KANO,,1,1,"2026-09-24 17:35:13.3620000","2026-09-24 17:35:13.3620000",0,,,,,"YAR GAYA EXT, DAWAKIN KUDU",,,,
590,,,,,9539,"YAR GAYA EXT","DAWAKIN KUDU",KANO,,1,1,"2026-09-24 17:35:13.3620000","2026-09-24 17:35:13.3620000",0,,,,,"YAR GAYA EXT, DAWAKIN KUDU",,,,
591,,,,,9540,"YAR GAYA EXT","DAWAKIN KUDU",KANO,,1,1,"2026-09-24 17:35:13.3620000","2026-09-24 17:35:13.3620000",0,,,,,"YAR GAYA EXT, DAWAKIN KUDU",,,,
592,,,,,9541,"YAR GAYA EXT","DAWAKIN KUDU",KANO,,1,1,"2026-09-24 17:35:13.3620000","2026-09-24 17:35:13.3620000",0,,,,,"YAR GAYA EXT, DAWAKIN KUDU",,,,
593,,,,,9542,"YAR GAYA EXT","DAWAKIN KUDU",KANO,,1,1,"2026-09-24 17:35:13.3620000","2026-09-24 17:35:13.3620000",0,,,,,"YAR GAYA EXT, DAWAKIN KUDU",,,,
594,,,,,9543,"YAR GAYA EXT","DAWAKIN KUDU",KANO,,1,1,"2026-09-24 17:35:13.3620000","2026-09-24 17:35:13.3620000",0,,,,,"YAR GAYA EXT, DAWAKIN KUDU",,,,
595,,,,,9544,"YAR GAYA EXT","DAWAKIN KUDU",KANO,,1,1,"2026-09-24 17:35:13.3620000","2026-09-24 17:35:13.3620000",0,,,,,"YAR GAYA EXT, DAWAKIN KUDU",,,,
596,,,,,9545,"YAR GAYA EXT","DAWAKIN KUDU",KANO,,1,1,"2026-09-24 17:35:13.3620000","2026-09-24 17:35:13.3620000",0,,,,,"YAR GAYA EXT, DAWAKIN KUDU",,,,
597,,,,,9546,"YAR GAYA EXT","DAWAKIN KUDU",KANO,,1,1,"2026-09-24 17:35:13.3620000","2026-09-24 17:35:13.3620000",0,,,,,"YAR GAYA EXT, DAWAKIN KUDU",,,,
598,,,,,9547,"YAR GAYA EXT","DAWAKIN KUDU",KANO,,1,1,"2026-09-24 17:35:13.3620000","2026-09-24 17:35:13.3620000",0,,,,,"YAR GAYA EXT, DAWAKIN KUDU",,,,
599,,,,,9548,"YAR GAYA EXT","DAWAKIN KUDU",KANO,,1,1,"2026-09-24 17:35:13.3620000","2026-09-24 17:35:13.3620000",0,,,,,"YAR GAYA EXT, DAWAKIN KUDU",,,,
600,,,,,9549,"YAR GAYA EXT","DAWAKIN KUDU",KANO,,1,1,"2026-09-24 17:35:13.3620000","2026-09-24 17:35:13.3620000",0,,,,,"YAR GAYA EXT, DAWAKIN KUDU",,,,
601,,,,,9550,"YAR GAYA EXT","DAWAKIN KUDU",KANO,,1,1,"2026-09-24 17:35:13.3620000","2026-09-24 17:35:13.3620000",0,,,,,"YAR GAYA EXT, DAWAKIN KUDU",,,,
602,,,,,9551,"YAR GAYA EXT","DAWAKIN KUDU",KANO,,1,1,"2026-09-24 17:35:13.3620000","2026-09-24 17:35:13.3620000",0,,,,,"YAR GAYA EXT, DAWAKIN KUDU",,,,
603,,,,,9552,"YAR GAYA EXT","DAWAKIN KUDU",KANO,,1,1,"2026-09-24 17:35:13.3620000","2026-09-24 17:35:13.3620000",0,,,,,"YAR GAYA EXT, DAWAKIN KUDU",,,,
604,,,,,9553,"YAR GAYA EXT","DAWAKIN KUDU",KANO,,1,1,"2026-09-24 17:35:13.3620000","2026-09-24 17:35:13.3620000",0,,,,,"YAR GAYA EXT, DAWAKIN KUDU",,,,
605,,,,,9554,"YAR GAYA EXT","DAWAKIN KUDU",KANO,,1,1,"2026-09-24 17:35:13.3620000","2026-09-24 17:35:13.3620000",0,,,,,"YAR GAYA EXT, DAWAKIN KUDU",,,,
606,,,,,9555,"YAR GAYA EXT","DAWAKIN KUDU",KANO,,1,1,"2026-09-24 17:35:13.3620000","2026-09-24 17:35:13.3620000",0,,,,,"YAR GAYA EXT, DAWAKIN KUDU",,,,
607,,,,,9556,"YAR GAYA EXT","DAWAKIN KUDU",KANO,,1,1,"2026-09-24 17:35:13.3620000","2026-09-24 17:35:13.3620000",0,,,,,"YAR GAYA EXT, DAWAKIN KUDU",,,,
608,,,,,9557,"YAR GAYA EXT","DAWAKIN KUDU",KANO,,1,1,"2026-09-24 17:35:13.3620000","2026-09-24 17:35:13.3620000",0,,,,,"YAR GAYA EXT, DAWAKIN KUDU",,,,
609,,,,,9558,"YAR GAYA EXT","DAWAKIN KUDU",KANO,,1,1,"2026-09-24 17:35:13.3620000","2026-09-24 17:35:13.3620000",0,,,,,"YAR GAYA EXT, DAWAKIN KUDU",,,,
610,,,,,9559,"YAR GAYA EXT","DAWAKIN KUDU",KANO,,1,1,"2026-09-24 17:35:13.3620000","2026-09-24 17:35:13.3620000",0,,,,,"YAR GAYA EXT, DAWAKIN KUDU",,,,
611,,,,,9560,"YAR GAYA EXT","DAWAKIN KUDU",KANO,,1,1,"2026-09-24 17:35:13.3620000","2026-09-24 17:35:13.3620000",0,,,,,"YAR GAYA EXT, DAWAKIN KUDU",,,,
612,,,,,9561,"YAR GAYA EXT","DAWAKIN KUDU",KANO,,1,1,"2026-09-24 17:35:13.3620000","2026-09-24 17:35:13.3620000",0,,,,,"YAR GAYA EXT, DAWAKIN KUDU",,,,
613,,,,,9562,"YAR GAYA EXT","DAWAKIN KUDU",KANO,,1,1,"2026-09-24 17:35:13.3620000","2026-09-24 17:35:13.3620000",0,,,,,"YAR GAYA EXT, DAWAKIN KUDU",,,,
614,,,,,9563,"YAR GAYA EXT","DAWAKIN KUDU",KANO,,1,1,"2026-09-24 17:35:13.3620000","2026-09-24 17:35:13.3620000",0,,,,,"YAR GAYA EXT, DAWAKIN KUDU",,,,
615,,,,,9564,"YAR GAYA EXT","DAWAKIN KUDU",KANO,,1,1,"2026-09-24 17:35:13.3620000","2026-09-24 17:35:13.3620000",0,,,,,"YAR GAYA EXT, DAWAKIN KUDU",,,,
616,,,,,9565,"YAR GAYA EXT","DAWAKIN KUDU",KANO,,1,1,"2026-09-24 17:35:13.3620000","2026-09-24 17:35:13.3620000",0,,,,,"YAR GAYA EXT, DAWAKIN KUDU",,,,
617,,,,,9566,"YAR GAYA EXT","DAWAKIN KUDU",KANO,,1,1,"2026-09-24 17:35:13.3620000","2026-09-24 17:35:13.3620000",0,,,,,"YAR GAYA EXT, DAWAKIN KUDU",,,,
618,,,,,9567,"YAR GAYA EXT","DAWAKIN KUDU",KANO,,1,1,"2026-09-24 17:35:13.3620000","2026-09-24 17:35:13.3620000",0,,,,,"YAR GAYA EXT, DAWAKIN KUDU",,,,
619,,,,,9568,"YAR GAYA EXT","DAWAKIN KUDU",KANO,,1,1,"2026-09-24 17:35:13.3620000","2026-09-24 17:35:13.3620000",0,,,,,"YAR GAYA EXT, DAWAKIN KUDU",,,,
620,,,,,9569,"YAR GAYA EXT","DAWAKIN KUDU",KANO,,1,1,"2026-09-24 17:35:13.3620000","2026-09-24 17:35:13.3620000",0,,,,,"YAR GAYA EXT, DAWAKIN KUDU",,,,
621,,,,,9570,"YAR GAYA EXT","DAWAKIN KUDU",KANO,,1,1,"2026-09-24 17:35:13.3620000","2026-09-24 17:35:13.3620000",0,,,,,"YAR GAYA EXT, DAWAKIN KUDU",,,,
622,,,,,9571,"YAR GAYA EXT","DAWAKIN KUDU",KANO,,1,1,"2026-09-24 17:35:13.3620000","2026-09-24 17:35:13.3620000",0,,,,,"YAR GAYA EXT, DAWAKIN KUDU",,,,
623,,,,,9572,"YAR GAYA EXT","DAWAKIN KUDU",KANO,,1,1,"2026-09-24 17:35:13.3620000","2026-09-24 17:35:13.3620000",0,,,,,"YAR GAYA EXT, DAWAKIN KUDU",,,,
624,,,,,9573,"YAR GAYA EXT","DAWAKIN KUDU",KANO,,1,1,"2026-09-24 17:35:13.3620000","2026-09-24 17:35:13.3620000",0,,,,,"YAR GAYA EXT, DAWAKIN KUDU",,,,
625,,,,,9574,"YAR GAYA EXT","DAWAKIN KUDU",KANO,,1,1,"2026-09-24 17:35:13.3620000","2026-09-24 17:35:13.3620000",0,,,,,"YAR GAYA EXT, DAWAKIN KUDU",,,,
626,,,,,9575,"YAR GAYA EXT","DAWAKIN KUDU",KANO,,1,1,"2026-09-24 17:35:13.3620000","2026-09-24 17:35:13.3620000",0,,,,,"YAR GAYA EXT, DAWAKIN KUDU",,,,
627,,,,,9576,"YAR GAYA EXT","DAWAKIN KUDU",KANO,,1,1,"2026-09-24 17:35:13.3620000","2026-09-24 17:35:13.3620000",0,,,,,"YAR GAYA EXT, DAWAKIN KUDU",,,,
628,,,,,9577,"YAR GAYA EXT","DAWAKIN KUDU",KANO,,1,1,"2026-09-24 17:35:13.3620000","2026-09-24 17:35:13.3620000",0,,,,,"YAR GAYA EXT, DAWAKIN KUDU",,,,
629,,,,,9578,"YAR GAYA EXT","DAWAKIN KUDU",KANO,,1,1,"2026-09-24 17:35:13.3620000","2026-09-24 17:35:13.3620000",0,,,,,"YAR GAYA EXT, DAWAKIN KUDU",,,,
696,,,,,9645,"YAR GAYA EXT","DAWAKIN KUDU",KANO,,1,1,"2026-09-24 17:35:13.3620000","2026-09-24 17:35:13.3620000",0,,,,,"YAR GAYA EXT, DAWAKIN KUDU",,,,
697,,,,,9646,"YAR GAYA EXT","DAWAKIN KUDU",KANO,,1,1,"2026-09-24 17:35:13.3620000","2026-09-24 17:35:13.3620000",0,,,,,"YAR GAYA EXT, DAWAKIN KUDU",,,,
698,,,,,9647,"YAR GAYA EXT","DAWAKIN KUDU",KANO,,1,1,"2026-09-24 17:35:13.3620000","2026-09-24 17:35:13.3620000",0,,,,,"YAR GAYA EXT, DAWAKIN KUDU",,,,
699,,,,,9648,"YAR GAYA EXT","DAWAKIN KUDU",KANO,,1,1,"2026-09-24 17:35:13.3620000","2026-09-24 17:35:13.3620000",0,,,,,"YAR GAYA EXT, DAWAKIN KUDU",,,,
700,,,,,9649,"YAR GAYA EXT","DAWAKIN KUDU",KANO,,1,1,"2026-09-24 17:35:13.3620000","2026-09-24 17:35:13.3620000",0,,,,,"YAR GAYA EXT, DAWAKIN KUDU",,,,
701,,,,,9650,"YAR GAYA EXT","DAWAKIN KUDU",KANO,,1,1,"2026-09-24 17:35:13.3620000","2026-09-24 17:35:13.3620000",0,,,,,"YAR GAYA EXT, DAWAKIN KUDU",,,,
702,,,,,9651,"YAR GAYA EXT","DAWAKIN KUDU",KANO,,1,1,"2026-09-24 17:35:13.3620000","2026-09-24 17:35:13.3620000",0,,,,,"YAR GAYA EXT, DAWAKIN KUDU",,,,
703,,,,,9652,"YAR GAYA EXT","DAWAKIN KUDU",KANO,,1,1,"2026-09-24 17:35:13.3620000","2026-09-24 17:35:13.3620000",0,,,,,"YAR GAYA EXT, DAWAKIN KUDU",,,,
704,,,,,9653,"YAR GAYA EXT","DAWAKIN KUDU",KANO,,1,1,"2026-09-24 17:35:13.3620000","2026-09-24 17:35:13.3620000",0,,,,,"YAR GAYA EXT, DAWAKIN KUDU",,,,
705,,,,,9654,"YAR GAYA EXT","DAWAKIN KUDU",KANO,,1,1,"2026-09-24 17:35:13.3620000","2026-09-24 17:35:13.3620000",0,,,,,"YAR GAYA EXT, DAWAKIN KUDU",,,,
706,,,,,9655,"YAR GAYA EXT","DAWAKIN KUDU",KANO,,1,1,"2026-09-24 17:35:13.3620000","2026-09-24 17:35:13.3620000",0,,,,,"YAR GAYA EXT, DAWAKIN KUDU",,,,
707,,,,,9656,"YAR GAYA EXT","DAWAKIN KUDU",KANO,,1,1,"2026-09-24 17:35:13.3620000","2026-09-24 17:35:13.3620000",0,,,,,"YAR GAYA EXT, DAWAKIN KUDU",,,,
708,,,,,9657,"YAR GAYA EXT","DAWAKIN KUDU",KANO,,1,1,"2026-09-24 17:35:13.3620000","2026-09-24 17:35:13.3620000",0,,,,,"YAR GAYA EXT, DAWAKIN KUDU",,,,
709,,,,,9658,"YAR GAYA EXT","DAWAKIN KUDU",KANO,,1,1,"2026-09-24 17:35:13.3620000","2026-09-24 17:35:13.3620000",0,,,,,"YAR GAYA EXT, DAWAKIN KUDU",,,,
710,,,,,9659,"YAR GAYA EXT","DAWAKIN KUDU",KANO,,1,1,"2026-09-24 17:35:13.3620000","2026-09-24 17:35:13.3620000",0,,,,,"YAR GAYA EXT, DAWAKIN KUDU",,,,
711,,,,,9660,"YAR GAYA EXT","DAWAKIN KUDU",KANO,,1,1,"2026-09-24 17:35:13.3620000","2026-09-24 17:35:13.3620000",0,,,,,"YAR GAYA EXT, DAWAKIN KUDU",,,,
712,,,,,9661,"YAR GAYA EXT","DAWAKIN KUDU",KANO,,1,1,"2026-09-24 17:35:13.3620000","2026-09-24 17:35:13.3620000",0,,,,,"YAR GAYA EXT, DAWAKIN KUDU",,,,
713,,,,,9662,"YAR GAYA EXT","DAWAKIN KUDU",KANO,,1,1,"2026-09-24 17:35:13.3620000","2026-09-24 17:35:13.3620000",0,,,,,"YAR GAYA EXT, DAWAKIN KUDU",,,,
714,,,,,9663,"YAR GAYA EXT","DAWAKIN KUDU",KANO,,1,1,"2026-09-24 17:35:13.3620000","2026-09-24 17:35:13.3620000",0,,,,,"YAR GAYA EXT, DAWAKIN KUDU",,,,
715,,,,,9664,"YAR GAYA EXT","DAWAKIN KUDU",KANO,,1,1,"2026-09-24 17:35:13.3620000","2026-09-24 17:35:13.3620000",0,,,,,"YAR GAYA EXT, DAWAKIN KUDU",,,,
716,,,,,9665,"YAR GAYA EXT","DAWAKIN KUDU",KANO,,1,1,"2026-09-24 17:35:13.3620000","2026-09-24 17:35:13.3620000",0,,,,,"YAR GAYA EXT, DAWAKIN KUDU",,,,
717,,,,,9666,"YAR GAYA EXT","DAWAKIN KUDU",KANO,,1,1,"2026-09-24 17:35:13.3620000","2026-09-24 17:35:13.3620000",0,,,,,"YAR GAYA EXT, DAWAKIN KUDU",,,,
718,,,,,9667,"YAR GAYA EXT","DAWAKIN KUDU",KANO,,1,1,"2026-09-24 17:35:13.3620000","2026-09-24 17:35:13.3620000",0,,,,,"YAR GAYA EXT, DAWAKIN KUDU",,,,
719,,,,,9668,"YAR GAYA EXT","DAWAKIN KUDU",KANO,,1,1,"2026-09-24 17:35:13.3620000","2026-09-24 17:35:13.3620000",0,,,,,"YAR GAYA EXT, DAWAKIN KUDU",,,,
720,,,,,9669,"YAR GAYA EXT","DAWAKIN KUDU",KANO,,1,1,"2026-09-24 17:35:13.3620000","2026-09-24 17:35:13.3620000",0,,,,,"YAR GAYA EXT, DAWAKIN KUDU",,,,
721,,,,,9670,"YAR GAYA EXT","DAWAKIN KUDU",KANO,,1,1,"2026-09-24 17:35:13.3620000","2026-09-24 17:35:13.3620000",0,,,,,"YAR GAYA EXT, DAWAKIN KUDU",,,,
722,,,,,9671,"YAR GAYA EXT","DAWAKIN KUDU",KANO,,1,1,"2026-09-24 17:35:13.3620000","2026-09-24 17:35:13.3620000",0,,,,,"YAR GAYA EXT, DAWAKIN KUDU",,,,
723,,,,,9672,"YAR GAYA EXT","DAWAKIN KUDU",KANO,,1,1,"2026-09-24 17:35:13.3620000","2026-09-24 17:35:13.3620000",0,,,,,"YAR GAYA EXT, DAWAKIN KUDU",,,,
724,,,,,9673,"YAR GAYA EXT","DAWAKIN KUDU",KANO,,1,1,"2026-09-24 17:35:13.3620000","2026-09-24 17:35:13.3620000",0,,,,,"YAR GAYA EXT, DAWAKIN KUDU",,,,
725,,,,,9674,"YAR GAYA EXT","DAWAKIN KUDU",KANO,,1,1,"2026-09-24 17:35:13.3620000","2026-09-24 17:35:13.3620000",0,,,,,"YAR GAYA EXT, DAWAKIN KUDU",,,,
726,,,,,9675,"YAR GAYA EXT","DAWAKIN KUDU",KANO,,1,1,"2026-09-24 17:35:13.3620000","2026-09-24 17:35:13.3620000",0,,,,,"YAR GAYA EXT, DAWAKIN KUDU",,,,
727,,,,,9676,"YAR GAYA EXT","DAWAKIN KUDU",KANO,,1,1,"2026-09-24 17:35:13.3620000","2026-09-24 17:35:13.3620000",0,,,,,"YAR GAYA EXT, DAWAKIN KUDU",,,,
728,,,,,9677,"YAR GAYA EXT","DAWAKIN KUDU",KANO,,1,1,"2026-09-24 17:35:13.3620000","2026-09-24 17:35:13.3620000",0,,,,,"YAR GAYA EXT, DAWAKIN KUDU",,,,
729,,,,,9678,"YAR GAYA EXT","DAWAKIN KUDU",KANO,,1,1,"2026-09-24 17:35:13.3620000","2026-09-24 17:35:13.3620000",0,,,,,"YAR GAYA EXT, DAWAKIN KUDU",,,,
730,,,,,9679,"YAR GAYA EXT","DAWAKIN KUDU",KANO,,1,1,"2026-09-24 17:35:13.3620000","2026-09-24 17:35:13.3620000",0,,,,,"YAR GAYA EXT, DAWAKIN KUDU",,,,
731,,,,,9680,"YAR GAYA EXT","DAWAKIN KUDU",KANO,,1,1,"2026-09-24 17:35:13.3620000","2026-09-24 17:35:13.3620000",0,,,,,"YAR GAYA EXT, DAWAKIN KUDU",,,,
732,,,,,9681,"YAR GAYA EXT","DAWAKIN KUDU",KANO,,1,1,"2026-09-24 17:35:13.3620000","2026-09-24 17:35:13.3620000",0,,,,,"YAR GAYA EXT, DAWAKIN KUDU",,,,
733,,,,,9682,"YAR GAYA EXT","DAWAKIN KUDU",KANO,,1,1,"2026-09-24 17:35:13.3620000","2026-09-24 17:35:13.3620000",0,,,,,"YAR GAYA EXT, DAWAKIN KUDU",,,,
734,,,,,9683,"YAR GAYA EXT","DAWAKIN KUDU",KANO,,1,1,"2026-09-24 17:35:13.3620000","2026-09-24 17:35:13.3620000",0,,,,,"YAR GAYA EXT, DAWAKIN KUDU",,,,
735,,,,,9684,"YAR GAYA EXT","DAWAKIN KUDU",KANO,,1,1,"2026-09-24 17:35:13.3620000","2026-09-24 17:35:13.3620000",0,,,,,"YAR GAYA EXT, DAWAKIN KUDU",,,,
736,,,,,9685,"YAR GAYA EXT","DAWAKIN KUDU",KANO,,1,1,"2026-09-24 17:35:13.3620000","2026-09-24 17:35:13.3620000",0,,,,,"YAR GAYA EXT, DAWAKIN KUDU",,,,
737,,,,,9686,"YAR GAYA EXT","DAWAKIN KUDU",KANO,,1,1,"2026-09-24 17:35:13.3620000","2026-09-24 17:35:13.3620000",0,,,,,"YAR GAYA EXT, DAWAKIN KUDU",,,,
738,,,,,9687,"YAR GAYA EXT","DAWAKIN KUDU",KANO,,1,1,"2026-09-24 17:35:13.3620000","2026-09-24 17:35:13.3620000",0,,,,,"YAR GAYA EXT, DAWAKIN KUDU",,,,
739,,,,,9688,"YAR GAYA EXT","DAWAKIN KUDU",KANO,,1,1,"2026-09-24 17:35:13.3620000","2026-09-24 17:35:13.3620000",0,,,,,"YAR GAYA EXT, DAWAKIN KUDU",,,,
740,,,,,9689,"YAR GAYA EXT","DAWAKIN KUDU",KANO,,1,1,"2026-09-24 17:35:13.3620000","2026-09-24 17:35:13.3620000",0,,,,,"YAR GAYA EXT, DAWAKIN KUDU",,,,
741,,,,,9690,"YAR GAYA EXT","DAWAKIN KUDU",KANO,,1,1,"2026-09-24 17:35:13.3620000","2026-09-24 17:35:13.3620000",0,,,,,"YAR GAYA EXT, DAWAKIN KUDU",,,,
742,,,,,9691,"YAR GAYA EXT","DAWAKIN KUDU",KANO,,1,1,"2026-09-24 17:35:13.3620000","2026-09-24 17:35:13.3620000",0,,,,,"YAR GAYA EXT, DAWAKIN KUDU",,,,
743,,,,,9692,"YAR GAYA EXT","DAWAKIN KUDU",KANO,,1,1,"2026-09-24 17:35:13.3620000","2026-09-24 17:35:13.3620000",0,,,,,"YAR GAYA EXT, DAWAKIN KUDU",,,,
744,,,,,9693,"YAR GAYA EXT","DAWAKIN KUDU",KANO,,1,1,"2026-09-24 17:35:13.3620000","2026-09-24 17:35:13.3620000",0,,,,,"YAR GAYA EXT, DAWAKIN KUDU",,,,
745,,,,,9694,"YAR GAYA EXT","DAWAKIN KUDU",KANO,,1,1,"2026-09-24 17:35:13.3620000","2026-09-24 17:35:13.3620000",0,,,,,"YAR GAYA EXT, DAWAKIN KUDU",,,,
746,,,,,9695,"YAR GAYA EXT","DAWAKIN KUDU",KANO,,1,1,"2026-09-24 17:35:13.3620000","2026-09-24 17:35:13.3620000",0,,,,,"YAR GAYA EXT, DAWAKIN KUDU",,,,
747,,,,,9696,"YAR GAYA EXT","DAWAKIN KUDU",KANO,,1,1,"2026-09-24 17:35:13.3620000","2026-09-24 17:35:13.3620000",0,,,,,"YAR GAYA EXT, DAWAKIN KUDU",,,,
748,,,,,9697,"YAR GAYA EXT","DAWAKIN KUDU",KANO,,1,1,"2026-09-24 17:35:13.3620000","2026-09-24 17:35:13.3620000",0,,,,,"YAR GAYA EXT, DAWAKIN KUDU",,,,
749,,,,,9698,"YAR GAYA EXT","DAWAKIN KUDU",KANO,,1,1,"2026-09-24 17:35:13.3620000","2026-09-24 17:35:13.3620000",0,,,,,"YAR GAYA EXT, DAWAKIN KUDU",,,,
750,,,,,9699,"YAR GAYA EXT","DAWAKIN KUDU",KANO,,1,1,"2026-09-24 17:35:13.3620000","2026-09-24 17:35:13.3620000",0,,,,,"YAR GAYA EXT, DAWAKIN KUDU",,,,
751,,,,,9700,"YAR GAYA EXT","DAWAKIN KUDU",KANO,,1,1,"2026-09-24 17:35:13.3620000","2026-09-24 17:35:13.3620000",0,,,,,"YAR GAYA EXT, DAWAKIN KUDU",,,,
752,,,,,9701,"YAR GAYA EXT","DAWAKIN KUDU",KANO,,1,1,"2026-09-24 17:35:13.3620000","2026-09-24 17:35:13.3620000",0,,,,,"YAR GAYA EXT, DAWAKIN KUDU",,,,
753,,,,,9702,"YAR GAYA EXT","DAWAKIN KUDU",KANO,,1,1,"2026-09-24 17:35:13.3620000","2026-09-24 17:35:13.3620000",0,,,,,"YAR GAYA EXT, DAWAKIN KUDU",,,,
754,,,,,9703,"YAR GAYA EXT","DAWAKIN KUDU",KANO,,1,1,"2026-09-24 17:35:13.3620000","2026-09-24 17:35:13.3620000",0,,,,,"YAR GAYA EXT, DAWAKIN KUDU",,,,
755,,,,,9704,"YAR GAYA EXT","DAWAKIN KUDU",KANO,,1,1,"2026-09-24 17:35:13.3620000","2026-09-24 17:35:13.3620000",0,,,,,"YAR GAYA EXT, DAWAKIN KUDU",,,,
756,,,,,9705,"YAR GAYA EXT","DAWAKIN KUDU",KANO,,1,1,"2026-09-24 17:35:13.3620000","2026-09-24 17:35:13.3620000",0,,,,,"YAR GAYA EXT, DAWAKIN KUDU",,,,
757,,,,,9706,"YAR GAYA EXT","DAWAKIN KUDU",KANO,,1,1,"2026-09-24 17:35:13.3620000","2026-09-24 17:35:13.3620000",0,,,,,"YAR GAYA EXT, DAWAKIN KUDU",,,,
758,,,,,9707,"YAR GAYA EXT","DAWAKIN KUDU",KANO,,1,1,"2026-09-24 17:35:13.3620000","2026-09-24 17:35:13.3620000",0,,,,,"YAR GAYA EXT, DAWAKIN KUDU",,,,
759,,,,,9708,"YAR GAYA EXT","DAWAKIN KUDU",KANO,,1,1,"2026-09-24 17:35:13.3620000","2026-09-24 17:35:13.3620000",0,,,,,"YAR GAYA EXT, DAWAKIN KUDU",,,,
760,,,,,9709,"YAR GAYA EXT","DAWAKIN KUDU",KANO,,1,1,"2026-09-24 17:35:13.3620000","2026-09-24 17:35:13.3620000",0,,,,,"YAR GAYA EXT, DAWAKIN KUDU",,,,
761,,,,,9710,"YAR GAYA EXT","DAWAKIN KUDU",KANO,,1,1,"2026-09-24 17:35:13.3620000","2026-09-24 17:35:13.3620000",0,,,,,"YAR GAYA EXT, DAWAKIN KUDU",,,,
762,,,,,9711,"YAR GAYA EXT","DAWAKIN KUDU",KANO,,1,1,"2026-09-24 17:35:13.3620000","2026-09-24 17:35:13.3620000",0,,,,,"YAR GAYA EXT, DAWAKIN KUDU",,,,
763,,,,,9712,"YAR GAYA EXT","DAWAKIN KUDU",KANO,,1,1,"2026-09-24 17:35:13.3620000","2026-09-24 17:35:13.3620000",0,,,,,"YAR GAYA EXT, DAWAKIN KUDU",,,,
764,,,,,9713,"YAR GAYA EXT","DAWAKIN KUDU",KANO,,1,1,"2026-09-24 17:35:13.3620000","2026-09-24 17:35:13.3620000",0,,,,,"YAR GAYA EXT, DAWAKIN KUDU",,,,
765,,,,,9714,"YAR GAYA EXT","DAWAKIN KUDU",KANO,,1,1,"2026-09-24 17:35:13.3620000","2026-09-24 17:35:13.3620000",0,,,,,"YAR GAYA EXT, DAWAKIN KUDU",,,,
766,,,,,9715,"YAR GAYA EXT","DAWAKIN KUDU",KANO,,1,1,"2026-09-24 17:35:13.3620000","2026-09-24 17:35:13.3620000",0,,,,,"YAR GAYA EXT, DAWAKIN KUDU",,,,
767,,,,,9716,"YAR GAYA EXT","DAWAKIN KUDU",KANO,,1,1,"2026-09-24 17:35:13.3620000","2026-09-24 17:35:13.3620000",0,,,,,"YAR GAYA EXT, DAWAKIN KUDU",,,,
768,,,,,9717,"YAR GAYA EXT","DAWAKIN KUDU",KANO,,1,1,"2026-09-24 17:35:13.3620000","2026-09-24 17:35:13.3620000",0,,,,,"YAR GAYA EXT, DAWAKIN KUDU",,,,
769,,,,,9718,"YAR GAYA EXT","DAWAKIN KUDU",KANO,,1,1,"2026-09-24 17:35:13.3620000","2026-09-24 17:35:13.3620000",0,,,,,"YAR GAYA EXT, DAWAKIN KUDU",,,,
770,,,,,9719,"YAR GAYA EXT","DAWAKIN KUDU",KANO,,1,1,"2026-09-24 17:35:13.3620000","2026-09-24 17:35:13.3620000",0,,,,,"YAR GAYA EXT, DAWAKIN KUDU",,,,
771,,,,,9720,"YAR GAYA EXT","DAWAKIN KUDU",KANO,,1,1,"2026-09-24 17:35:13.3620000","2026-09-24 17:35:13.3620000",0,,,,,"YAR GAYA EXT, DAWAKIN KUDU",,,,
772,,,,,9721,"YAR GAYA EXT","DAWAKIN KUDU",KANO,,1,1,"2026-09-24 17:35:13.3620000","2026-09-24 17:35:13.3620000",0,,,,,"YAR GAYA EXT, DAWAKIN KUDU",,,,
773,,,,,9722,"YAR GAYA EXT","DAWAKIN KUDU",KANO,,1,1,"2026-09-24 17:35:13.3620000","2026-09-24 17:35:13.3620000",0,,,,,"YAR GAYA EXT, DAWAKIN KUDU",,,,
774,,,,,9723,"YAR GAYA EXT","DAWAKIN KUDU",KANO,,1,1,"2026-09-24 17:35:13.3620000","2026-09-24 17:35:13.3620000",0,,,,,"YAR GAYA EXT, DAWAKIN KUDU",,,,
775,,,,,9724,"YAR GAYA EXT","DAWAKIN KUDU",KANO,,1,1,"2026-09-24 17:35:13.3620000","2026-09-24 17:35:13.3620000",0,,,,,"YAR GAYA EXT, DAWAKIN KUDU",,,,
776,,,,,9725,"YAR GAYA EXT","DAWAKIN KUDU",KANO,,1,1,"2026-09-24 17:35:13.3620000","2026-09-24 17:35:13.3620000",0,,,,,"YAR GAYA EXT, DAWAKIN KUDU",,,,
777,,,,,9726,"YAR GAYA EXT","DAWAKIN KUDU",KANO,,1,1,"2026-09-24 17:35:13.3620000","2026-09-24 17:35:13.3620000",0,,,,,"YAR GAYA EXT, DAWAKIN KUDU",,,,
778,,,,,9727,"YAR GAYA EXT","DAWAKIN KUDU",KANO,,1,1,"2026-09-24 17:35:13.3620000","2026-09-24 17:35:13.3620000",0,,,,,"YAR GAYA EXT, DAWAKIN KUDU",,,,
779,,,,,9728,"YAR GAYA EXT","DAWAKIN KUDU",KANO,,1,1,"2026-09-24 17:35:13.3620000","2026-09-24 17:35:13.3620000",0,,,,,"YAR GAYA EXT, DAWAKIN KUDU",,,,
780,,,,,9720,"YAR GAYA EXT","DAWAKIN KUDU",KANO,,1,1,"2026-09-24 17:35:13.3620000","2026-09-24 17:35:13.3620000",0,,,,,"YAR GAYA EXT, DAWAKIN KUDU",,,,
781,,,,,9730,"YAR GAYA EXT","DAWAKIN KUDU",KANO,,1,1,"2026-09-24 17:35:13.3620000","2026-09-24 17:35:13.3620000",0,,,,,"YAR GAYA EXT, DAWAKIN KUDU",,,,
782,,,,,9731,"YAR GAYA EXT","DAWAKIN KUDU",KANO,,1,1,"2026-09-24 17:35:13.3620000","2026-09-24 17:35:13.3620000",0,,,,,"YAR GAYA EXT, DAWAKIN KUDU",,,,
783,,,,,9732,"YAR GAYA EXT","DAWAKIN KUDU",KANO,,1,1,"2026-09-24 17:35:13.3620000","2026-09-24 17:35:13.3620000",0,,,,,"YAR GAYA EXT, DAWAKIN KUDU",,,,
784,,,,,9733,"YAR GAYA EXT","DAWAKIN KUDU",KANO,,1,1,"2026-09-24 17:35:13.3620000","2026-09-24 17:35:13.3620000",0,,,,,"YAR GAYA EXT, DAWAKIN KUDU",,,,
785,,,,,9734,"YAR GAYA EXT","DAWAKIN KUDU",KANO,,1,1,"2026-09-24 17:35:13.3620000","2026-09-24 17:35:13.3620000",0,,,,,"YAR GAYA EXT, DAWAKIN KUDU",,,,
786,,,,,9735,"YAR GAYA EXT","DAWAKIN KUDU",KANO,,1,1,"2026-09-24 17:35:13.3620000","2026-09-24 17:35:13.3620000",0,,,,,"YAR GAYA EXT, DAWAKIN KUDU",,,,
787,,,,,9736,"YAR GAYA EXT","DAWAKIN KUDU",KANO,,1,1,"2026-09-24 17:35:13.3620000","2026-09-24 17:35:13.3620000",0,,,,,"YAR GAYA EXT, DAWAKIN KUDU",,,,
788,,,,,9737,"YAR GAYA EXT","DAWAKIN KUDU",KANO,,1,1,"2026-09-24 17:35:13.3620000","2026-09-24 17:35:13.3620000",0,,,,,"YAR GAYA EXT, DAWAKIN KUDU",,,,
789,,,,,9738,"YAR GAYA EXT","DAWAKIN KUDU",KANO,,1,1,"2026-09-24 17:35:13.3620000","2026-09-24 17:35:13.3620000",0,,,,,"YAR GAYA EXT, DAWAKIN KUDU",,,,
790,,,,,9739,"YAR GAYA EXT","DAWAKIN KUDU",KANO,,1,1,"2026-09-24 17:35:13.3620000","2026-09-24 17:35:13.3620000",0,,,,,"YAR GAYA EXT, DAWAKIN KUDU",,,,
791,,,,,9740,"YAR GAYA EXT","DAWAKIN KUDU",KANO,,1,1,"2026-09-24 17:35:13.3620000","2026-09-24 17:35:13.3620000",0,,,,,"YAR GAYA EXT, DAWAKIN KUDU",,,,
792,,,,,9741,"YAR GAYA EXT","DAWAKIN KUDU",KANO,,1,1,"2026-09-24 17:35:13.3620000","2026-09-24 17:35:13.3620000",0,,,,,"YAR GAYA EXT, DAWAKIN KUDU",,,,
793,,,,,9742,"YAR GAYA EXT","DAWAKIN KUDU",KANO,,1,1,"2026-09-24 17:35:13.3620000","2026-09-24 17:35:13.3620000",0,,,,,"YAR GAYA EXT, DAWAKIN KUDU",,,,
794,,,,,9743,"YAR GAYA EXT","DAWAKIN KUDU",KANO,,1,1,"2026-09-24 17:35:13.3620000","2026-09-24 17:35:13.3620000",0,,,,,"YAR GAYA EXT, DAWAKIN KUDU",,,,
795,,,,,9744,"YAR GAYA EXT","DAWAKIN KUDU",KANO,,1,1,"2026-09-24 17:35:13.3620000","2026-09-24 17:35:13.3620000",0,,,,,"YAR GAYA EXT, DAWAKIN KUDU",,,,
796,,,,,9745,"YAR GAYA EXT","DAWAKIN KUDU",KANO,,1,1,"2026-09-24 17:35:13.3620000","2026-09-24 17:35:13.3620000",0,,,,,"YAR GAYA EXT, DAWAKIN KUDU",,,,
797,,,,,9746,"YAR GAYA EXT","DAWAKIN KUDU",KANO,,1,1,"2026-09-24 17:35:13.3620000","2026-09-24 17:35:13.3620000",0,,,,,"YAR GAYA EXT, DAWAKIN KUDU",,,,
798,,,,,9747,"YAR GAYA EXT","DAWAKIN KUDU",KANO,,1,1,"2026-09-24 17:35:13.3620000","2026-09-24 17:35:13.3620000",0,,,,,"YAR GAYA EXT, DAWAKIN KUDU",,,,
799,,,,,9748,"YAR GAYA EXT","DAWAKIN KUDU",KANO,,1,1,"2026-09-24 17:35:13.3620000","2026-09-24 17:35:13.3620000",0,,,,,"YAR GAYA EXT, DAWAKIN KUDU",,,,
800,,,,,9749,"YAR GAYA EXT","DAWAKIN KUDU",KANO,,1,1,"2026-09-24 17:35:13.3620000","2026-09-24 17:35:13.3620000",0,,,,,"YAR GAYA EXT, DAWAKIN KUDU",,,,
801,,,,,9750,"YAR GAYA EXT","DAWAKIN KUDU",KANO,,1,1,"2026-09-24 17:35:13.3620000","2026-09-24 17:35:13.3620000",0,,,,,"YAR GAYA EXT, DAWAKIN KUDU",,,,
802,,,,,9751,"YAR GAYA EXT","DAWAKIN KUDU",KANO,,1,1,"2026-09-24 17:35:13.3620000","2026-09-24 17:35:13.3620000",0,,,,,"YAR GAYA EXT, DAWAKIN KUDU",,,,
803,,,,,9752,"YAR GAYA EXT","DAWAKIN KUDU",KANO,,1,1,"2026-09-24 17:35:13.3620000","2026-09-24 17:35:13.3620000",0,,,,,"YAR GAYA EXT, DAWAKIN KUDU",,,,
804,,,,,9753,"YAR GAYA EXT","DAWAKIN KUDU",KANO,,1,1,"2026-09-24 17:35:13.3620000","2026-09-24 17:35:13.3620000",0,,,,,"YAR GAYA EXT, DAWAKIN KUDU",,,,
805,,,,,9754,"YAR GAYA EXT","DAWAKIN KUDU",KANO,,1,1,"2026-09-24 17:35:13.3620000","2026-09-24 17:35:13.3620000",0,,,,,"YAR GAYA EXT, DAWAKIN KUDU",,,,
806,,,,,9755,"YAR GAYA EXT","DAWAKIN KUDU",KANO,,1,1,"2026-09-24 17:35:13.3620000","2026-09-24 17:35:13.3620000",0,,,,,"YAR GAYA EXT, DAWAKIN KUDU",,,,
807,,,,,9756,"YAR GAYA EXT","DAWAKIN KUDU",KANO,,1,1,"2026-09-24 17:35:13.3620000","2026-09-24 17:35:13.3620000",0,,,,,"YAR GAYA EXT, DAWAKIN KUDU",,,,
808,,,,,9757,"YAR GAYA EXT","DAWAKIN KUDU",KANO,,1,1,"2026-09-24 17:35:13.3620000","2026-09-24 17:35:13.3620000",0,,,,,"YAR GAYA EXT, DAWAKIN KUDU",,,,
809,,,,,9758,"YAR GAYA EXT","DAWAKIN KUDU",KANO,,1,1,"2026-09-24 17:35:13.3620000","2026-09-24 17:35:13.3620000",0,,,,,"YAR GAYA EXT, DAWAKIN KUDU",,,,
810,,,,,9759,"YAR GAYA EXT","DAWAKIN KUDU",KANO,,1,1,"2026-09-24 17:35:13.3620000","2026-09-24 17:35:13.3620000",0,,,,,"YAR GAYA EXT, DAWAKIN KUDU",,,,
811,,,,,9760,"YAR GAYA EXT","DAWAKIN KUDU",KANO,,1,1,"2026-09-24 17:35:13.3620000","2026-09-24 17:35:13.3620000",0,,,,,"YAR GAYA EXT, DAWAKIN KUDU",,,,
812,,,,,9761,"YAR GAYA EXT","DAWAKIN KUDU",KANO,,1,1,"2026-09-24 17:35:13.3620000","2026-09-24 17:35:13.3620000",0,,,,,"YAR GAYA EXT, DAWAKIN KUDU",,,,
813,,,,,9762,"YAR GAYA EXT","DAWAKIN KUDU",KANO,,1,1,"2026-09-24 17:35:13.3620000","2026-09-24 17:35:13.3620000",0,,,,,"YAR GAYA EXT, DAWAKIN KUDU",,,,
814,,,,,9763,"YAR GAYA EXT","DAWAKIN KUDU",KANO,,1,1,"2026-09-24 17:35:13.3620000","2026-09-24 17:35:13.3620000",0,,,,,"YAR GAYA EXT, DAWAKIN KUDU",,,,
815,,,,,9764,"YAR GAYA EXT","DAWAKIN KUDU",KANO,,1,1,"2026-09-24 17:35:13.3620000","2026-09-24 17:35:13.3620000",0,,,,,"YAR GAYA EXT, DAWAKIN KUDU",,,,
816,,,,,9765,"YAR GAYA EXT","DAWAKIN KUDU",KANO,,1,1,"2026-09-24 17:35:13.3620000","2026-09-24 17:35:13.3620000",0,,,,,"YAR GAYA EXT, DAWAKIN KUDU",,,,
817,,,,,9766,"YAR GAYA EXT","DAWAKIN KUDU",KANO,,1,1,"2026-09-24 17:35:13.3620000","2026-09-24 17:35:13.3620000",0,,,,,"YAR GAYA EXT, DAWAKIN KUDU",,,,
818,,,,,9767,"YAR GAYA EXT","DAWAKIN KUDU",KANO,,1,1,"2026-09-24 17:35:13.3620000","2026-09-24 17:35:13.3620000",0,,,,,"YAR GAYA EXT, DAWAKIN KUDU",,,,
819,,,,,9768,"YAR GAYA EXT","DAWAKIN KUDU",KANO,,1,1,"2026-09-24 17:35:13.3620000","2026-09-24 17:35:13.3620000",0,,,,,"YAR GAYA EXT, DAWAKIN KUDU",,,,
820,,,,,9769,"YAR GAYA EXT","DAWAKIN KUDU",KANO,,1,1,"2026-09-24 17:35:13.3620000","2026-09-24 17:35:13.3620000",0,,,,,"YAR GAYA EXT, DAWAKIN KUDU",,,,
821,,,,,9770,"YAR GAYA EXT","DAWAKIN KUDU",KANO,,1,1,"2026-09-24 17:35:13.3620000","2026-09-24 17:35:13.3620000",0,,,,,"YAR GAYA EXT, DAWAKIN KUDU",,,,
822,,,,,9771,"YAR GAYA EXT","DAWAKIN KUDU",KANO,,1,1,"2026-09-24 17:35:13.3620000","2026-09-24 17:35:13.3620000",0,,,,,"YAR GAYA EXT, DAWAKIN KUDU",,,,
823,,,,,9772,"YAR GAYA EXT","DAWAKIN KUDU",KANO,,1,1,"2026-09-24 17:35:13.3620000","2026-09-24 17:35:13.3620000",0,,,,,"YAR GAYA EXT, DAWAKIN KUDU",,,,
824,,,,,9773,"YAR GAYA EXT","DAWAKIN KUDU",KANO,,1,1,"2026-09-24 17:35:13.3620000","2026-09-24 17:35:13.3620000",0,,,,,"YAR GAYA EXT, DAWAKIN KUDU",,,,
825,,,,,9774,"YAR GAYA EXT","DAWAKIN KUDU",KANO,,1,1,"2026-09-24 17:35:13.3620000","2026-09-24 17:35:13.3620000",0,,,,,"YAR GAYA EXT, DAWAKIN KUDU",,,,
826,,,,,9775,"YAR GAYA EXT","DAWAKIN KUDU",KANO,,1,1,"2026-09-24 17:35:13.3620000","2026-09-24 17:35:13.3620000",0,,,,,"YAR GAYA EXT, DAWAKIN KUDU",,,,
827,,,,,9776,"YAR GAYA EXT","DAWAKIN KUDU",KANO,,1,1,"2026-09-24 17:35:13.3620000","2026-09-24 17:35:13.3620000",0,,,,,"YAR GAYA EXT, DAWAKIN KUDU",,,,
828,,,,,9777,"YAR GAYA EXT","DAWAKIN KUDU",KANO,,1,1,"2026-09-24 17:35:13.3620000","2026-09-24 17:35:13.3620000",0,,,,,"YAR GAYA EXT, DAWAKIN KUDU",,,,
829,,,,,9778,"YAR GAYA EXT","DAWAKIN KUDU",KANO,,1,1,"2026-09-24 17:35:13.3620000","2026-09-24 17:35:13.3620000",0,,,,,"YAR GAYA EXT, DAWAKIN KUDU",,,,
1175,,,,,,"YAR GAYA EXT","DAWAKIN KUDU",KANO,,1,1,"2026-09-24 17:35:13.3620000","2026-09-24 17:35:13.3620000",0,,,,,"YAR GAYA EXT, DAWAKIN KUDU",,,,
1201,,,,,,"YAR GAYA EXT","DAWAKIN KUDU",KANO,,1,1,"2026-09-24 17:35:13.3620000","2026-09-24 17:35:13.3620000",0,,,,,"YAR GAYA EXT, DAWAKIN KUDU",,,,
