full_name,group_size,id,username,email,phone_number,staff_type_category,is_active,roles,profile,passport_photo_path,created_at
"AMINA ABDULLAHI IBRAHIM",2,80621,MeenahAI,temp6957fd9a04297@klaes.com.ng,07078367129,MDC,1,"Dashboard,Log a File,File Tracker/Tracking,File Digital Library - Doc-WARE,Indexing,EDMS Update,EDMS Update",profiles/Lr2AIAZ6XNfXr9ZKWo7bELoKUTnG4OavwJP5esbp.jpg,,"2026-01-02 17:17:14"
"AMINA ABDULLAHI IBRAHIM",2,101296,AMINA,temp69a03f95a5dc4@klaes.com.ng,O81111111111,MDC,1,"EDMS Update",avatar.png,upload/profile/avatar.png,"2026-02-26 13:41:57"
"AMINU ADAMU",2,101610,Adamu123,temp6a52b78a70863@klaes.com.ng,,MDC,1,"Blind Scanning,Scanning,Document Page Types",avatar.png,upload/profile/avatar.png,"2026-07-11 22:37:14"
"AMINU ADAMU",2,101617,Ameenu_MDC,aminuadamu18@gmail.com,08148147447,MDC,1,"Dashboard,Document Page Types",avatar.png,upload/profile/avatar.png,"2026-08-12 17:45:22"
"AMINU RABIU SALEH",2,101601,aminu_rabiu,aminurabiusaleh2004@gmail.com,08166451014,MDC,0,Indexing,avatar.png,upload/profile/avatar.png,"2026-06-19 10:44:35"
"AMINU RABIU SALEH",2,101608,Aminu_MDC,aminurabiusaleh2004@gmail.com,08166451014,MDC,1,"Dashboard,Indexing",avatar.png,upload/profile/avatar.png,"2026-07-10 15:48:53"
"FARIDA ABUBAKAR MUHAMMAD",2,50400,AMfarida_MDC,AMfarida_MDC@klaes.ng,2347030231548,MDC,1,"Dashboard,CRM - Person,CRM - Corporate,Log a File,File Tracker/Tracking,File Digital Library - Doc-WARE,Indexing,File History View,Land One Stop Shop,Land",profiles/7hwLkRDkf43SkQY7v7FiZ64inUlAnmyDof0Yy02c.jpg,,"2025-11-11 15:57:13"
"FARIDA ABUBAKAR MUHAMMAD",2,101297,FARIDA,temp69a041170482a@klaes.com.ng,08111111111,MDC,1,"EDMS Update",avatar.png,upload/profile/avatar.png,"2026-02-26 13:48:23"
"FATIMA AHMAD",2,50365,AMfatima_MDC,AMfatima_MDC@klaes.ng,080000000000,MDC,1,"Dashboard,Blind Scanning",profiles/VwKIcDipgVVRed12SdCTBOws8HYN77KhOby2qzGf.jpg,,"2025-11-11 15:57:08"
"FATIMA AHMAD",2,50516,FArufai_MDC,FArufai_MDC@klaes.ng,09067227729,MDC,1,Dashboard,avatar.png,,"2025-11-11 16:04:31"
"MARYAM JAFAR DALHA",2,91074,MDALHA,temp698ef7b00d7ef@klaes.com.ng,080000000000000,MDC,1,"Dashboard,Log a File,File Tracker/Tracking,File Digital Library - Doc-WARE,Indexing",avatar.png,upload/profile/avatar.png,"2026-02-13 11:06:40"
"MARYAM JAFAR DALHA",2,91119,MJDALHA_MDC,temp698ef7b00d7ef@klaes.com.ng,+23481000000000,MDC,1,"Dashboard,Log a File,File Tracker/Tracking,File Digital Library - Doc-WARE,Indexing,EDMS Update,File History View,EDMS Update,KANGIS - File Digital Library,Kangis-Indexing,KANGIS - Digital Archive",avatar.png,upload/profile/avatar.png,"2026-02-16 09:48:05"
"MUSA YAKUBU",2,101460,MUSAYAKUBU,musakano1994@gmail.com,07038463884,MDC,1,"Dashboard,Scanning,Document Page Types",avatar.png,upload/profile/avatar.png,"2026-03-07 15:38:47"
"MUSA YAKUBU",2,101592,MusaKano,musakano1994@gmail.com,07038463884,MDC,1,"Dashboard,Blind Scanning,Scanning,Document Page Types",avatar.png,upload/profile/avatar.png,"2026-05-24 09:49:23"
"SAMIR IDRIS USMAN",2,80737,SIUsman_MDC,temp696529638b518@klaes.com.ng,080000000000000,MDC,1,"Dashboard,Blind Scanning,Scanning,Document Page Types",avatar.png,upload/profile/avatar.png,"2026-01-12 17:03:31"
"SAMIR IDRIS USMAN",2,91084,SAMIRIU_MDC,temp696529638b518@klaes.com.ng,080000000000000,MDC,1,"Dashboard,Blind Scanning,Scanning,Document Page Types",avatar.png,upload/profile/avatar.png,"2026-02-13 18:04:07"
"SULAIMAN MUSA GADANYA",2,80705,SMGadanya_MDC,temp695f89ea86db4@klaes.com.ng,0800000000000,MDC,1,"Dashboard,Indexing",avatar.png,upload/profile/avatar.png,"2026-01-08 10:41:46"
"SULAIMAN MUSA GADANYA",2,101597,GADANYA,sulaimanmusayarima@gmail.com,2347072070606,MDC,1,"Dashboard,Indexing",upload/profile/profile_6ab5169313cdf_1790252691.png,upload/profile/profile_6ab5169313cdf_1790252691.png,"2026-06-08 14:46:03"
"YUSUF MUSA UMAR",2,80647,Danmusa_MDC,temp695927e9062ac@klaes.com.ng,0800000000000,MDC,1,"Dashboard,Blind Scanning",profiles/oLwjaEV18jsiOhEsVFAvOmEv9FwxHGVarFPxaQZi.jpg,,"2026-01-03 14:30:01"
"YUSUF MUSA UMAR",2,101342,YUSUFMU,Yusufmusaumar333@gmail.com,08139270314,MDC,1,"Dashboard,Scanning,Document Page Types",profiles/BoWmQ9xnDIabt6UTEbP6QUkUZYIep9xwEqzgN1yr.jpg,upload/profile/avatar.png,"2026-03-01 17:08:37"
