id,file_number,field,old_value,new_value
21668,CON-RES-1982-1614,registry,,3
21668,CON-RES-1982-1614,general_registry,"Land  Registry","Lands Registry"
21669,CON-RES-1982-1615,registry,,3
21669,CON-RES-1982-1615,general_registry,"Land  Registry","Lands Registry"
21676,CON-RES-1982-1618,registry,,3
21676,CON-RES-1982-1618,general_registry,"Land  Registry","Lands Registry"
22943,CON-RES-1982-1536,registry,,3
22943,CON-RES-1982-1536,general_registry,"Land  Registry","Lands Registry"
23374,CON-RES-1982-1629,registry,,3
23374,CON-RES-1982-1629,general_registry,"Land  Registry","Lands Registry"
23389,CON-RES-1982-1526,registry,,3
23389,CON-RES-1982-1526,general_registry,"Land  Registry","Lands Registry"
23412,CON-RES-1982-1606,registry,,3
23412,CON-RES-1982-1606,general_registry,"Land  Registry","Lands Registry"
23483,CON-RES-1982-1607,registry,,3
23483,CON-RES-1982-1607,general_registry,"Land  Registry","Lands Registry"
23545,CON-RES-1982-1624,registry,,3
23545,CON-RES-1982-1624,general_registry,"Land  Registry","Lands Registry"
23547,CON-RES-1982-1634,registry,,3
23547,CON-RES-1982-1634,general_registry,"Land  Registry","Lands Registry"
23565,CON-RES-1982-1544,registry,,3
23565,CON-RES-1982-1544,general_registry,"Land  Registry","Lands Registry"
23570,CON-RES-1982-1581,registry,,3
23570,CON-RES-1982-1581,general_registry,"Land  Registry","Lands Registry"
23580,CON-RES-1982-1608,registry,,3
23580,CON-RES-1982-1608,general_registry,"Land  Registry","Lands Registry"
23625,CON-RES-1982-1600,registry,,3
23625,CON-RES-1982-1600,general_registry,"Land  Registry","Lands Registry"
23916,CON-RES-1982-1630,registry,,3
23916,CON-RES-1982-1630,general_registry,"Land  Registry","Lands Registry"
24060,CON-RES-1983-84,registry,,3
24060,CON-RES-1983-84,general_registry,"Land  Registry","Lands Registry"
24425,CON-RES-1983-72,registry,,3
24425,CON-RES-1983-72,general_registry,"Land  Registry","Lands Registry"
24426,CON-RES-1983-71,registry,,3
24426,CON-RES-1983-71,general_registry,"Land  Registry","Lands Registry"
24427,CON-RES-1983-63,registry,,3
24427,CON-RES-1983-63,general_registry,"Land  Registry","Lands Registry"
24428,CON-RES-1983-50,registry,,3
24428,CON-RES-1983-50,general_registry,"Land  Registry","Lands Registry"
25002,CON-RES-1982-1557,registry,,3
25002,CON-RES-1982-1557,general_registry,"Land  Registry","Lands Registry"
25110,CON-RES-1982-1572,registry,,3
25110,CON-RES-1982-1572,general_registry,"Land  Registry","Lands Registry"
25119,CON-RES-1982-1504,registry,,3
25119,CON-RES-1982-1504,general_registry,"Land  Registry","Lands Registry"
25136,CON-RES-1982-1555,registry,,3
25136,CON-RES-1982-1555,general_registry,"Land  Registry","Lands Registry"
25137,CON-RES-1982-1562,registry,,3
25137,CON-RES-1982-1562,general_registry,"Land  Registry","Lands Registry"
25156,CON-RES-1982-1554,registry,,3
25156,CON-RES-1982-1554,general_registry,"Land  Registry","Lands Registry"
25157,CON-RES-1982-1521,registry,,3
25157,CON-RES-1982-1521,general_registry,"Land  Registry","Lands Registry"
25160,CON-RES-1982-1529,registry,,3
25160,CON-RES-1982-1529,general_registry,"Land  Registry","Lands Registry"
25161,CON-RES-1982-1541,registry,,3
25161,CON-RES-1982-1541,general_registry,"Land  Registry","Lands Registry"
25180,CON-RES-1982-1582,registry,,3
25180,CON-RES-1982-1582,general_registry,"Land  Registry","Lands Registry"
25192,CON-RES-1982-1525,registry,,3
25192,CON-RES-1982-1525,general_registry,"Land  Registry","Lands Registry"
25272,CON-RES-1983-51,registry,,3
25272,CON-RES-1983-51,general_registry,"Land  Registry","Lands Registry"
25371,CON-RES-1982-1590,registry,,3
25371,CON-RES-1982-1590,general_registry,"Land  Registry","Lands Registry"
25965,CON-RES-1982-1551,registry,,3
25965,CON-RES-1982-1551,general_registry,"Land  Registry","Lands Registry"
25973,CON-RES-1982-1564,registry,,3
25973,CON-RES-1982-1564,general_registry,"Land  Registry","Lands Registry"
25979,CON-RES-1983-59,registry,,3
25979,CON-RES-1983-59,general_registry,"Land  Registry","Lands Registry"
26007,CON-RES-1982-1548,registry,,3
26007,CON-RES-1982-1548,general_registry,"Land  Registry","Lands Registry"
26008,CON-RES-1982-1503,registry,,3
26008,CON-RES-1982-1503,general_registry,"Land  Registry","Lands Registry"
26009,CON-RES-1982-1515,registry,,3
26009,CON-RES-1982-1515,general_registry,"Land  Registry","Lands Registry"
26010,CON-RES-1982-1524,registry,,3
26010,CON-RES-1982-1524,general_registry,"Land  Registry","Lands Registry"
26012,CON-RES-1982-1584,registry,,3
26012,CON-RES-1982-1584,general_registry,"Land  Registry","Lands Registry"
26013,CON-RES-1982-1580,registry,,3
26013,CON-RES-1982-1580,general_registry,"Land  Registry","Lands Registry"
26339,CON-RES-1983-62,registry,,3
26339,CON-RES-1983-62,general_registry,"Land  Registry","Lands Registry"
34228,CON-RES-1982-1616,registry,,3
34228,CON-RES-1982-1616,general_registry,"Land  Registry","Lands Registry"
34236,CON-RES-1982-1507,registry,,3
34236,CON-RES-1982-1507,general_registry,"Land  Registry","Lands Registry"
34462,CON-RES-1982-1601,registry,,3
34462,CON-RES-1982-1601,general_registry,"Land  Registry","Lands Registry"
34508,CON-RES-1982-1639,registry,,3
34508,CON-RES-1982-1639,general_registry,"Land  Registry","Lands Registry"
57020,RES-1988-2855,registry,,1
57020,RES-1988-2855,general_registry,"Land  Registry","Lands Registry"
60089,RES-1989-4487,registry,,1
60089,RES-1989-4487,general_registry,"Land  Registry","Lands Registry"
60097,RES-1989-4473,registry,,1
60097,RES-1989-4473,general_registry,"Land  Registry","Lands Registry"
60099,RES-1989-4469,registry,,1
60099,RES-1989-4469,general_registry,"Land  Registry","Lands Registry"
60123,RES-1989-4463,registry,,1
60123,RES-1989-4463,general_registry,"Land  Registry","Lands Registry"
60128,RES-1989-4462,registry,,1
60128,RES-1989-4462,general_registry,"Land  Registry","Lands Registry"
60175,RES-1989-4464,registry,,1
60175,RES-1989-4464,general_registry,"Land  Registry","Lands Registry"
60186,RES-1989-4466,registry,,1
60186,RES-1989-4466,general_registry,"Land  Registry","Lands Registry"
60957,RES-1989-4382,registry,,1
60957,RES-1989-4382,general_registry,"Land  Registry","Lands Registry"
60965,RES-1989-4343,registry,,1
60965,RES-1989-4343,general_registry,"Land  Registry","Lands Registry"
60979,RES-1989-4349,registry,,1
60979,RES-1989-4349,general_registry,"Land  Registry","Lands Registry"
60988,RES-1989-4323,registry,,1
60988,RES-1989-4323,general_registry,"Land  Registry","Lands Registry"
60998,RES-1989-4304,registry,,1
60998,RES-1989-4304,general_registry,"Land  Registry","Lands Registry"
61001,RES-1989-4348,registry,,1
61001,RES-1989-4348,general_registry,"Land  Registry","Lands Registry"
61026,RES-1989-4318,registry,,1
61026,RES-1989-4318,general_registry,"Land  Registry","Lands Registry"
61064,RES-1989-4396,registry,,1
61064,RES-1989-4396,general_registry,"Land  Registry","Lands Registry"
61087,RES-1989-4381,registry,,1
61087,RES-1989-4381,general_registry,"Land  Registry","Lands Registry"
61103,RES-1989-4397,registry,,1
61103,RES-1989-4397,general_registry,"Land  Registry","Lands Registry"
61120,RES-1989-4330,registry,,1
61120,RES-1989-4330,general_registry,"Land  Registry","Lands Registry"
61125,RES-1989-4341,registry,,1
61125,RES-1989-4341,general_registry,"Land  Registry","Lands Registry"
61145,RES-1989-4335,registry,,1
61145,RES-1989-4335,general_registry,"Land  Registry","Lands Registry"
61152,RES-1989-4332,registry,,1
61152,RES-1989-4332,general_registry,"Land  Registry","Lands Registry"
61175,RES-1989-4355,registry,,1
61175,RES-1989-4355,general_registry,"Land  Registry","Lands Registry"
61179,RES-1989-4322,registry,,1
61179,RES-1989-4322,general_registry,"Land  Registry","Lands Registry"
61185,RES-1989-4325,registry,,1
61185,RES-1989-4325,general_registry,"Land  Registry","Lands Registry"
61189,RES-1989-4351,registry,,1
61189,RES-1989-4351,general_registry,"Land  Registry","Lands Registry"
61193,RES-1989-4326,registry,,1
61193,RES-1989-4326,general_registry,"Land  Registry","Lands Registry"
61196,RES-1989-4327,registry,,1
61196,RES-1989-4327,general_registry,"Land  Registry","Lands Registry"
61200,RES-1989-4328,registry,,1
61200,RES-1989-4328,general_registry,"Land  Registry","Lands Registry"
61209,RES-1989-4391,registry,,1
61209,RES-1989-4391,general_registry,"Land  Registry","Lands Registry"
61270,RES-1989-4410,registry,,1
61270,RES-1989-4410,general_registry,"Land  Registry","Lands Registry"
64067,RES-1989-4358,registry,,1
64067,RES-1989-4358,general_registry,"Land  Registry","Lands Registry"
100109,COM-2010-178,registry,,1
100109,COM-2010-178,general_registry,"Land  Registry","Lands Registry"
113597,CON-COM-2026-246,registry,,3
113597,CON-COM-2026-246,general_registry,"Land  Registry","Lands Registry"
118073,RES-RC-1981-316,registry,,1
118073,RES-RC-1981-316,general_registry,"Land  Registry","Lands Registry"
131734,RES-1999-724,registry,,2
131734,RES-1999-724,general_registry,"Land  Registry","Lands Registry"
138088,CON-IND-2026-39,registry,,3
138088,CON-IND-2026-39,general_registry,"Land  Registry","Lands Registry"
156854,RES-2001-5308,general_registry,"Land  Registry","Lands Registry"
157275,CON-COM-2026-463,registry,,3
157275,CON-COM-2026-463,general_registry,"Land  Registry","Lands Registry"
179585,RES-1993-2890,registry,,2
179585,RES-1993-2890,general_registry,"Land  Registry","Lands Registry"
198959,RES-2022-7698(T),registry,,2
198959,RES-2022-7698(T),general_registry,"Land  Registry","Lands Registry"
198965,CON-AG-2024-211,general_registry,"Land  Registry","Lands Registry"
198966,RES-2026-3689,registry,,2
198966,RES-2026-3689,general_registry,,"Lands Registry"
198966,RES-2026-3689,physical_registry,,"Registry 2 - Land"
198967,RES-2026-3690,registry,,2
198967,RES-2026-3690,general_registry,,"Lands Registry"
198967,RES-2026-3690,physical_registry,,"Registry 2 - Land"
198968,RES-2026-3691,registry,,2
198968,RES-2026-3691,general_registry,,"Lands Registry"
198968,RES-2026-3691,physical_registry,,"Registry 2 - Land"
198969,RES-2026-3692,registry,,2
198969,RES-2026-3692,general_registry,,"Lands Registry"
198969,RES-2026-3692,physical_registry,,"Registry 2 - Land"
198970,RES-2026-3693,registry,,2
198970,RES-2026-3693,general_registry,,"Lands Registry"
198970,RES-2026-3693,physical_registry,,"Registry 2 - Land"
198971,RES-2026-3694,registry,,2
198971,RES-2026-3694,general_registry,,"Lands Registry"
198971,RES-2026-3694,physical_registry,,"Registry 2 - Land"
198972,RES-2026-3695,registry,,2
198972,RES-2026-3695,general_registry,,"Lands Registry"
198972,RES-2026-3695,physical_registry,,"Registry 2 - Land"
198973,RES-2026-3696,registry,,2
198973,RES-2026-3696,general_registry,,"Lands Registry"
198973,RES-2026-3696,physical_registry,,"Registry 2 - Land"
198974,RES-2026-3697,registry,,2
198974,RES-2026-3697,general_registry,,"Lands Registry"
198974,RES-2026-3697,physical_registry,,"Registry 2 - Land"
198975,RES-2026-3698,registry,,2
198975,RES-2026-3698,general_registry,,"Lands Registry"
198975,RES-2026-3698,physical_registry,,"Registry 2 - Land"
198976,RES-2026-3699,registry,,2
198976,RES-2026-3699,general_registry,,"Lands Registry"
198976,RES-2026-3699,physical_registry,,"Registry 2 - Land"
198977,RES-2026-3700,registry,,2
198977,RES-2026-3700,general_registry,,"Lands Registry"
198977,RES-2026-3700,physical_registry,,"Registry 2 - Land"
198978,CON-AG-2024-212,general_registry,"Land  Registry","Lands Registry"
198979,RES-2026-3701,registry,,2
198979,RES-2026-3701,general_registry,,"Lands Registry"
198979,RES-2026-3701,physical_registry,,"Registry 2 - Land"
198980,RES-2010-4517(T),general_registry,"Land  Registry","Lands Registry"
198981,RES-2026-3702,registry,,2
198981,RES-2026-3702,general_registry,,"Lands Registry"
198981,RES-2026-3702,physical_registry,,"Registry 2 - Land"
198982,CON-RES-2026-3035,registry,,3
198982,CON-RES-2026-3035,general_registry,,"Lands Registry"
198982,CON-RES-2026-3035,physical_registry,,"Registry 3 - Land"
198983,CON-RES-2026-3036,registry,,3
198983,CON-RES-2026-3036,general_registry,,"Lands Registry"
198983,CON-RES-2026-3036,physical_registry,,"Registry 3 - Land"
198984,CON-COM-2014-19,general_registry,"Land  Registry","Lands Registry"
198985,RES-2009-7956,general_registry,"Land  Registry","Lands Registry"
198986,RES-2009-7913,general_registry,"Land  Registry","Lands Registry"
198987,RES-2009-2059,general_registry,"Land  Registry","Lands Registry"
198988,RES-2026-3703,registry,,2
198988,RES-2026-3703,general_registry,,"Lands Registry"
198988,RES-2026-3703,physical_registry,,"Registry 2 - Land"
198989,RES-2026-3704,registry,,2
198989,RES-2026-3704,general_registry,,"Lands Registry"
198989,RES-2026-3704,physical_registry,,"Registry 2 - Land"
198990,RES-2026-3705,registry,,2
198990,RES-2026-3705,general_registry,,"Lands Registry"
198990,RES-2026-3705,physical_registry,,"Registry 2 - Land"
198991,RES-2026-3706,registry,,2
198991,RES-2026-3706,general_registry,,"Lands Registry"
198991,RES-2026-3706,physical_registry,,"Registry 2 - Land"
198992,RES-2026-3707,registry,,2
198992,RES-2026-3707,general_registry,,"Lands Registry"
198992,RES-2026-3707,physical_registry,,"Registry 2 - Land"
198993,RES-2026-3708,registry,,2
198993,RES-2026-3708,general_registry,,"Lands Registry"
198993,RES-2026-3708,physical_registry,,"Registry 2 - Land"
198994,RES-2026-3709,registry,,2
198994,RES-2026-3709,general_registry,,"Lands Registry"
198994,RES-2026-3709,physical_registry,,"Registry 2 - Land"
198995,RES-2026-3710,registry,,2
198995,RES-2026-3710,general_registry,,"Lands Registry"
198995,RES-2026-3710,physical_registry,,"Registry 2 - Land"
198996,RES-2026-3711,registry,,2
198996,RES-2026-3711,general_registry,,"Lands Registry"
198996,RES-2026-3711,physical_registry,,"Registry 2 - Land"
198997,RES-2026-3712,registry,,2
198997,RES-2026-3712,general_registry,,"Lands Registry"
198997,RES-2026-3712,physical_registry,,"Registry 2 - Land"
198998,RES-2026-3713,registry,,2
198998,RES-2026-3713,general_registry,,"Lands Registry"
198998,RES-2026-3713,physical_registry,,"Registry 2 - Land"
198999,RES-2026-3714,registry,,2
198999,RES-2026-3714,general_registry,,"Lands Registry"
198999,RES-2026-3714,physical_registry,,"Registry 2 - Land"
199000,RES-2026-3715,registry,,2
199000,RES-2026-3715,general_registry,,"Lands Registry"
199000,RES-2026-3715,physical_registry,,"Registry 2 - Land"
199001,RES-2026-3716,registry,,2
199001,RES-2026-3716,general_registry,,"Lands Registry"
199001,RES-2026-3716,physical_registry,,"Registry 2 - Land"
199002,RES-2026-3717,registry,,2
199002,RES-2026-3717,general_registry,,"Lands Registry"
199002,RES-2026-3717,physical_registry,,"Registry 2 - Land"
199003,RES-2026-3718,registry,,2
199003,RES-2026-3718,general_registry,,"Lands Registry"
199003,RES-2026-3718,physical_registry,,"Registry 2 - Land"
199004,RES-2026-3719,registry,,2
199004,RES-2026-3719,general_registry,,"Lands Registry"
199004,RES-2026-3719,physical_registry,,"Registry 2 - Land"
199005,RES-2026-3720,registry,,2
199005,RES-2026-3720,general_registry,,"Lands Registry"
199005,RES-2026-3720,physical_registry,,"Registry 2 - Land"
199006,RES-2026-3721,registry,,2
199006,RES-2026-3721,general_registry,,"Lands Registry"
199006,RES-2026-3721,physical_registry,,"Registry 2 - Land"
199009,RES-2009-6651,general_registry,"Land  Registry","Lands Registry"
199010,RES-2009-7328,general_registry,"Land  Registry","Lands Registry"
199011,RES-2009-6234,general_registry,"Land  Registry","Lands Registry"
199012,RES-2009-7793,general_registry,"Land  Registry","Lands Registry"
199014,RES-2009-7335,general_registry,"Land  Registry","Lands Registry"
199015,RES-2009-6233,general_registry,"Land  Registry","Lands Registry"
199016,RES-2009-1362,general_registry,"Land  Registry","Lands Registry"
199017,CON-RES-2012-491,general_registry,"Land  Registry","Lands Registry"
199018,RES-2009-5006,registry,,2
199018,RES-2009-5006,general_registry,"Land  Registry","Lands Registry"
199020,RES-2009-7790,general_registry,"Land  Registry","Lands Registry"
199022,RES-2009-4031,general_registry,"Land  Registry","Lands Registry"
199023,RES-2009-4673,general_registry,"Land  Registry","Lands Registry"
199025,RES-2009-1456,general_registry,"Land  Registry","Lands Registry"
199026,RES-2009-4509,general_registry,"Land  Registry","Lands Registry"
199027,RES-2009-4992,general_registry,"Land  Registry","Lands Registry"
199028,CON-RES-2012-487,general_registry,"Land  Registry","Lands Registry"
199029,RES-2009-7459,general_registry,"Land  Registry","Lands Registry"
199030,RES-2018-512,registry,,2
199030,RES-2018-512,general_registry,"Land  Registry","Lands Registry"
199032,RES-2009-4466,general_registry,"Land  Registry","Lands Registry"
199033,CON-COM-2022-612,general_registry,"Land  Registry","Lands Registry"
199034,RES-2009-7420,general_registry,"Land  Registry","Lands Registry"
199035,RES-2009-1258,general_registry,"Land  Registry","Lands Registry"
199036,RES-2009-1271,general_registry,"Land  Registry","Lands Registry"
199038,RES-2009-8187,general_registry,"Land  Registry","Lands Registry"
199039,RES-2009-7425,general_registry,"Land  Registry","Lands Registry"
199041,CON-RES-2011-367,general_registry,"Land  Registry","Lands Registry"
199042,RES-1989-4387,general_registry,"Land  Registry","Lands Registry"
199043,RES-2009-4406,general_registry,"Land  Registry","Lands Registry"
199044,RES-2009-7444,general_registry,"Land  Registry","Lands Registry"
199046,RES-2009-746,general_registry,"Land  Registry","Lands Registry"
199047,RES-2009-7027,general_registry,"Land  Registry","Lands Registry"
199049,RES-2009-7028,general_registry,"Land  Registry","Lands Registry"
199050,RES-2009-6066,general_registry,"Land  Registry","Lands Registry"
199051,RES-2009-4558,registry,,2
199051,RES-2009-4558,general_registry,"Land  Registry","Lands Registry"
199052,RES-2009-5033,general_registry,"Land  Registry","Lands Registry"
199053,RES-2009-1589,general_registry,"Land  Registry","Lands Registry"
199054,RES-2009-4510,general_registry,"Land  Registry","Lands Registry"
199056,RES-2009-7720,general_registry,"Land  Registry","Lands Registry"
199057,RES-2009-8073,general_registry,"Land  Registry","Lands Registry"
199058,RES-2009-8058,general_registry,"Land  Registry","Lands Registry"
199060,RES-2009-7424,registry,,2
199060,RES-2009-7424,general_registry,"Land  Registry","Lands Registry"
199062,RES-2009-195,general_registry,"Land  Registry","Lands Registry"
199063,RES-2009-2353,general_registry,"Land  Registry","Lands Registry"
199064,RES-2009-93,general_registry,"Land  Registry","Lands Registry"
199065,RES-2009-37,general_registry,"Land  Registry","Lands Registry"
199066,RES-2009-1303,general_registry,"Land  Registry","Lands Registry"
199067,COM-2003-46,registry,,1
199067,COM-2003-46,general_registry,"Land  Registry","Lands Registry"
199068,RES-2009-7875,general_registry,"Land  Registry","Lands Registry"
199070,RES-2009-2329,general_registry,"Land  Registry","Lands Registry"
199071,RES-2009-7348,general_registry,"Land  Registry","Lands Registry"
199072,RES-2009-2080,general_registry,"Land  Registry","Lands Registry"
199074,RES-2009-1547,general_registry,"Land  Registry","Lands Registry"
199075,RES-2009-2124,general_registry,"Land  Registry","Lands Registry"
199076,RES-2009-4752,general_registry,"Land  Registry","Lands Registry"
199077,RES-2014-1461,general_registry,"Land  Registry","Lands Registry"
199078,RES-2009-4275,general_registry,"Land  Registry","Lands Registry"
199080,RES-2009-1715,general_registry,"Land  Registry","Lands Registry"
199081,COM-2026-351,registry,,1
199081,COM-2026-351,general_registry,,"Lands Registry"
199081,COM-2026-351,physical_registry,,"Registry 1 - Land"
199083,RES-2009-7499,general_registry,"Land  Registry","Lands Registry"
199088,RES-2022-5096,general_registry,"Land  Registry","Lands Registry"
199095,RES-2001-4223,registry,,2
199095,RES-2001-4223,general_registry,"Land  Registry","Lands Registry"
199096,RES-2009-3998,general_registry,"Land  Registry","Lands Registry"
199097,RES-2009-1449,general_registry,"Land  Registry","Lands Registry"
199100,RES-1996-291,general_registry,"Land  Registry","Lands Registry"
199102,RES-2018-511,general_registry,"Land  Registry","Lands Registry"
199103,RES-2022-5034,registry,,2
199103,RES-2022-5034,general_registry,"Land  Registry","Lands Registry"
199110,CON-RES-2011-189,general_registry,"Land  Registry","Lands Registry"
199111,RES-2009-7468,general_registry,"Land  Registry","Lands Registry"
199112,CON-COM-2006-88,general_registry,"Land  Registry","Lands Registry"
199113,RES-2009-1612,general_registry,"Land  Registry","Lands Registry"
199114,RES-2009-8164,general_registry,"Land  Registry","Lands Registry"
199116,CON-RES-2013-523,general_registry,"Land  Registry","Lands Registry"
199117,RES-2009-891,general_registry,"Land  Registry","Lands Registry"
199118,RES-1992-242,general_registry,"Land  Registry","Lands Registry"
199119,RES-2009-848,general_registry,"Land  Registry","Lands Registry"
199121,RES-2015-3213,general_registry,"Land  Registry","Lands Registry"
199122,RES-2009-5662,general_registry,"Land  Registry","Lands Registry"
199123,RES-2026-3722,registry,,2
199123,RES-2026-3722,general_registry,,"Lands Registry"
199123,RES-2026-3722,physical_registry,,"Registry 2 - Land"
199126,RES-2009-832,general_registry,"Land  Registry","Lands Registry"
199127,RES-2009-2501,general_registry,"Land  Registry","Lands Registry"
199128,RES-2009-2240,general_registry,"Land  Registry","Lands Registry"
199129,RES-1996-858,general_registry,"Land  Registry","Lands Registry"
199131,RES-2009-841,general_registry,"Land  Registry","Lands Registry"
199132,RES-2009-4383,general_registry,"Land  Registry","Lands Registry"
199133,CON-IND-2024-7,general_registry,"Land  Registry","Lands Registry"
199134,RES-2009-5660,general_registry,"Land  Registry","Lands Registry"
199137,RES-2009-252,general_registry,"Land  Registry","Lands Registry"
199138,CON-RES-2026-3037,registry,,3
199138,CON-RES-2026-3037,general_registry,,"Lands Registry"
199138,CON-RES-2026-3037,physical_registry,,"Registry 3 - Land"
199140,RES-2009-840,general_registry,"Land  Registry","Lands Registry"
199141,RES-2009-4381,general_registry,"Land  Registry","Lands Registry"
199143,RES-2009-2239,general_registry,"Land  Registry","Lands Registry"
199144,RES-2009-835,general_registry,"Land  Registry","Lands Registry"
199145,RES-2009-2515,general_registry,"Land  Registry","Lands Registry"
199146,RES-2009-4083,general_registry,"Land  Registry","Lands Registry"
199147,RES-2009-2102,general_registry,"Land  Registry","Lands Registry"
199148,RES-2009-5613,general_registry,"Land  Registry","Lands Registry"
199149,RES-2009-2514,general_registry,"Land  Registry","Lands Registry"
199150,RES-2009-4048,general_registry,"Land  Registry","Lands Registry"
199151,RES-2009-4077,general_registry,"Land  Registry","Lands Registry"
199152,CON-RES-2012-490,general_registry,"Land  Registry","Lands Registry"
199156,RES-2009-3831,general_registry,"Land  Registry","Lands Registry"
199157,RES-2009-2193,general_registry,"Land  Registry","Lands Registry"
199158,RES-RC-1982-1264,general_registry,"Land  Registry","Lands Registry"
199159,RES-2009-5616,general_registry,"Land  Registry","Lands Registry"
199160,RES-2009-2246,general_registry,"Land  Registry","Lands Registry"
199161,RES-2009-4084,general_registry,"Land  Registry","Lands Registry"
199162,RES-2009-839,general_registry,"Land  Registry","Lands Registry"
199163,RES-2009-7103,general_registry,"Land  Registry","Lands Registry"
199164,RES-2009-834,general_registry,"Land  Registry","Lands Registry"
199165,CON-RES-2026-3038,registry,,3
199165,CON-RES-2026-3038,general_registry,,"Lands Registry"
199165,CON-RES-2026-3038,physical_registry,,"Registry 3 - Land"
199166,RES-2009-4061,general_registry,"Land  Registry","Lands Registry"
199167,RES-2022-1067,general_registry,"Land  Registry","Lands Registry"
199168,RES-2009-3829,general_registry,"Land  Registry","Lands Registry"
199169,RES-2009-2143,general_registry,"Land  Registry","Lands Registry"
199170,RES-2009-4032,general_registry,"Land  Registry","Lands Registry"
199172,RES-2009-838,general_registry,"Land  Registry","Lands Registry"
199173,RES-2009-4089,general_registry,"Land  Registry","Lands Registry"
199174,CON-RES-2026-3039,registry,,3
199174,CON-RES-2026-3039,general_registry,,"Lands Registry"
199174,CON-RES-2026-3039,physical_registry,,"Registry 3 - Land"
199175,RES-2009-833,general_registry,"Land  Registry","Lands Registry"
199176,RES-2009-7102,general_registry,"Land  Registry","Lands Registry"
199177,RES-2009-3828,general_registry,"Land  Registry","Lands Registry"
199178,RES-2009-5640,general_registry,"Land  Registry","Lands Registry"
199179,RES-2009-4049,general_registry,"Land  Registry","Lands Registry"
199180,COM-2008-179,general_registry,"Land  Registry","Lands Registry"
199181,RES-2009-837,general_registry,"Land  Registry","Lands Registry"
199182,RES-2009-2155,general_registry,"Land  Registry","Lands Registry"
199183,RES-2009-4078,general_registry,"Land  Registry","Lands Registry"
199185,RES-2009-4072,general_registry,"Land  Registry","Lands Registry"
199186,CON-COM-2026-653,registry,,3
199186,CON-COM-2026-653,general_registry,,"Lands Registry"
199186,CON-COM-2026-653,physical_registry,,"Registry 3 - Land"
199187,RES-2022-2144,general_registry,"Land  Registry","Lands Registry"
199188,RES-2009-4098,general_registry,"Land  Registry","Lands Registry"
199189,RES-2009-5641,general_registry,"Land  Registry","Lands Registry"
199191,RES-2009-4094,general_registry,"Land  Registry","Lands Registry"
199193,RES-2009-4040,general_registry,"Land  Registry","Lands Registry"
199194,RES-2026-3723,registry,,2
199194,RES-2026-3723,general_registry,,"Lands Registry"
199194,RES-2026-3723,physical_registry,,"Registry 2 - Land"
199195,RES-2009-2111,general_registry,"Land  Registry","Lands Registry"
199196,RES-2009-4096,general_registry,"Land  Registry","Lands Registry"
199198,RES-2009-5642,general_registry,"Land  Registry","Lands Registry"
199200,RES-2009-4081,general_registry,"Land  Registry","Lands Registry"
199201,RES-2009-4115,general_registry,"Land  Registry","Lands Registry"
199202,RES-2009-4099,general_registry,"Land  Registry","Lands Registry"
199203,CON-IND-2018-6,general_registry,"Land  Registry","Lands Registry"
199204,RES-2009-1500,general_registry,"Land  Registry","Lands Registry"
199205,RES-2009-4080,general_registry,"Land  Registry","Lands Registry"
199207,RES-2026-3724,registry,,2
199207,RES-2026-3724,general_registry,,"Lands Registry"
199207,RES-2026-3724,physical_registry,,"Registry 2 - Land"
199210,CON-COM-2026-654,registry,,3
199210,CON-COM-2026-654,general_registry,,"Lands Registry"
199210,CON-COM-2026-654,physical_registry,,"Registry 3 - Land"
199211,RES-2009-5635,general_registry,"Land  Registry","Lands Registry"
199212,RES-2008-3528,general_registry,"Land  Registry","Lands Registry"
199213,CON-RES-2020-258,general_registry,"Land  Registry","Lands Registry"
199222,RES-2009-764,general_registry,"Land  Registry","Lands Registry"
199227,RES-2009-758,general_registry,"Land  Registry","Lands Registry"
199229,RES-2009-4082,general_registry,"Land  Registry","Lands Registry"
199233,CON-RES-2026-3040,registry,,3
199233,CON-RES-2026-3040,general_registry,,"Lands Registry"
199233,CON-RES-2026-3040,physical_registry,,"Registry 3 - Land"
199236,RES-2009-766,general_registry,"Land  Registry","Lands Registry"
199237,RES-2009-4088,general_registry,"Land  Registry","Lands Registry"
199238,RES-2009-4041,general_registry,"Land  Registry","Lands Registry"
199241,RES-2009-788,general_registry,"Land  Registry","Lands Registry"
199243,RES-2009-4060,general_registry,"Land  Registry","Lands Registry"
199244,RES-2006-1136,general_registry,"Land  Registry","Lands Registry"
199245,COM-2026-352,registry,,1
199245,COM-2026-352,general_registry,,"Lands Registry"
199245,COM-2026-352,physical_registry,,"Registry 1 - Land"
199249,CON-AG-2024-53,general_registry,"Land  Registry","Lands Registry"
199251,RES-2009-847,general_registry,"Land  Registry","Lands Registry"
199252,RES-1989-4331,general_registry,"Land  Registry","Lands Registry"
199253,RES-2009-3907,general_registry,"Land  Registry","Lands Registry"
199254,RES-2009-6644,general_registry,"Land  Registry","Lands Registry"
199255,RES-2009-3908,general_registry,"Land  Registry","Lands Registry"
199256,RES-2009-6646,general_registry,"Land  Registry","Lands Registry"
199257,RES-2009-3909,general_registry,"Land  Registry","Lands Registry"
199258,RES-2009-6652,general_registry,"Land  Registry","Lands Registry"
199259,RES-2009-2120,general_registry,"Land  Registry","Lands Registry"
199260,RES-2009-6508,general_registry,"Land  Registry","Lands Registry"
199261,RES-2009-6653,general_registry,"Land  Registry","Lands Registry"
199262,RES-2009-6576,general_registry,"Land  Registry","Lands Registry"
199263,RES-2009-4095,general_registry,"Land  Registry","Lands Registry"
199264,RES-2009-6640,general_registry,"Land  Registry","Lands Registry"
199265,RES-2009-6550,general_registry,"Land  Registry","Lands Registry"
199267,RES-2009-6549,general_registry,"Land  Registry","Lands Registry"
199268,RES-2009-6641,general_registry,"Land  Registry","Lands Registry"
199269,RES-2009-6643,general_registry,"Land  Registry","Lands Registry"
199270,RES-2009-6548,general_registry,"Land  Registry","Lands Registry"
199271,RES-2009-5196,general_registry,"Land  Registry","Lands Registry"
199272,RES-2009-6578,general_registry,"Land  Registry","Lands Registry"
199273,RES-2009-5197,general_registry,"Land  Registry","Lands Registry"
199275,RES-2009-842,general_registry,"Land  Registry","Lands Registry"
199277,RES-2009-6656,general_registry,"Land  Registry","Lands Registry"
199279,RES-2009-4092,general_registry,"Land  Registry","Lands Registry"
199280,RES-2009-5607,general_registry,"Land  Registry","Lands Registry"
199281,RES-2009-7104,general_registry,"Land  Registry","Lands Registry"
199282,RES-2009-5775,general_registry,"Land  Registry","Lands Registry"
199285,RES-2009-851,general_registry,"Land  Registry","Lands Registry"
199286,RES-2021-2878,general_registry,"Land  Registry","Lands Registry"
199287,RES-2009-4076,general_registry,"Land  Registry","Lands Registry"
199288,RES-2009-5716,general_registry,"Land  Registry","Lands Registry"
199289,RES-2009-1984,general_registry,"Land  Registry","Lands Registry"
199290,RES-2009-5719,general_registry,"Land  Registry","Lands Registry"
199291,RES-2009-4046,general_registry,"Land  Registry","Lands Registry"
199292,RES-2009-6187,general_registry,"Land  Registry","Lands Registry"
199293,RES-2009-1985,general_registry,"Land  Registry","Lands Registry"
199294,IND-2007-1,general_registry,"Land  Registry","Lands Registry"
199296,RES-2009-5715,general_registry,"Land  Registry","Lands Registry"
199297,RES-2009-1986,general_registry,"Land  Registry","Lands Registry"
199298,RES-RC-1983-94,general_registry,"Land  Registry","Lands Registry"
199300,RES-2009-5677,general_registry,"Land  Registry","Lands Registry"
199301,CON-COM-2012-1,general_registry,"Land  Registry","Lands Registry"
199302,RES-2009-1987,general_registry,"Land  Registry","Lands Registry"
199303,CON-COM-2025-535,general_registry,"Land  Registry","Lands Registry"
199306,RES-2009-2149,general_registry,"Land  Registry","Lands Registry"
199307,COM-2026-353,registry,,1
199307,COM-2026-353,general_registry,,"Lands Registry"
199307,COM-2026-353,physical_registry,,"Registry 1 - Land"
199308,RES-2009-1988,general_registry,"Land  Registry","Lands Registry"
199309,RES-2016-1627,general_registry,"Land  Registry","Lands Registry"
199310,RES-2009-5678,general_registry,"Land  Registry","Lands Registry"
199311,RES-2009-5714,general_registry,"Land  Registry","Lands Registry"
199312,RES-2000-4372,general_registry,"Land  Registry","Lands Registry"
199313,CON-RES-2026-3041,registry,,3
199313,CON-RES-2026-3041,general_registry,,"Lands Registry"
199313,CON-RES-2026-3041,physical_registry,,"Registry 3 - Land"
199314,CON-RES-2024-1478,general_registry,"Land  Registry","Lands Registry"
199317,RES-2009-1773,general_registry,"Land  Registry","Lands Registry"
199318,RES-2009-5713,general_registry,"Land  Registry","Lands Registry"
199320,RES-2009-4437,general_registry,"Land  Registry","Lands Registry"
199321,RES-2009-843,general_registry,"Land  Registry","Lands Registry"
199322,RES-2025-1792,general_registry,"Land  Registry","Lands Registry"
199323,CON-AG-2026-175,registry,,3
199323,CON-AG-2026-175,general_registry,,"Lands Registry"
199323,CON-AG-2026-175,physical_registry,,"Registry 3 - Land"
199324,RES-2009-5712,general_registry,"Land  Registry","Lands Registry"
199325,IND-2026-210,registry,,1
199325,IND-2026-210,general_registry,,"Lands Registry"
199325,IND-2026-210,physical_registry,,"Registry 1 - Land"
199326,RES-2009-5356,general_registry,"Land  Registry","Lands Registry"
199327,RES-2009-6583,general_registry,"Land  Registry","Lands Registry"
199330,RES-2009-5354,general_registry,"Land  Registry","Lands Registry"
199331,RES-2009-5711,general_registry,"Land  Registry","Lands Registry"
199335,RES-2009-1785,general_registry,"Land  Registry","Lands Registry"
199336,CON-IND-2023-51,general_registry,"Land  Registry","Lands Registry"
199338,RES-2009-5710,general_registry,"Land  Registry","Lands Registry"
199339,RES-2009-4055,general_registry,"Land  Registry","Lands Registry"
199340,COM-2022-331,general_registry,"Land  Registry","Lands Registry"
199341,RES-2009-5689,general_registry,"Land  Registry","Lands Registry"
199342,RES-2009-844,general_registry,"Land  Registry","Lands Registry"
199343,RES-2009-5709,general_registry,"Land  Registry","Lands Registry"
199347,RES-2009-5336,general_registry,"Land  Registry","Lands Registry"
199348,RES-2009-5708,general_registry,"Land  Registry","Lands Registry"
199350,RES-2009-712,general_registry,"Land  Registry","Lands Registry"
199351,RES-2026-3725,registry,,2
199351,RES-2026-3725,general_registry,,"Lands Registry"
199351,RES-2026-3725,physical_registry,,"Registry 2 - Land"
199352,RES-2009-846,general_registry,"Land  Registry","Lands Registry"
199353,RES-2009-5690,general_registry,"Land  Registry","Lands Registry"
199355,RES-2009-4125,general_registry,"Land  Registry","Lands Registry"
199356,RES-2009-2140,general_registry,"Land  Registry","Lands Registry"
199358,RES-2009-4713,general_registry,"Land  Registry","Lands Registry"
199359,CON-COM-2026-655,registry,,3
199359,CON-COM-2026-655,general_registry,,"Lands Registry"
199359,CON-COM-2026-655,physical_registry,,"Registry 3 - Land"
199362,RES-2009-4124,general_registry,"Land  Registry","Lands Registry"
199363,RES-2009-4051,general_registry,"Land  Registry","Lands Registry"
199364,RES-2022-922,registry,,2
199364,RES-2022-922,general_registry,"Land  Registry","Lands Registry"
199366,CON-IND-2018-7,general_registry,"Land  Registry","Lands Registry"
199370,RES-2009-5694,general_registry,"Land  Registry","Lands Registry"
199372,RES-2009-2106,general_registry,"Land  Registry","Lands Registry"
199373,RES-2009-4123,general_registry,"Land  Registry","Lands Registry"
199374,RES-2009-4090,general_registry,"Land  Registry","Lands Registry"
199376,RES-2009-2103,general_registry,"Land  Registry","Lands Registry"
199377,RES-2014-2410,general_registry,"Land  Registry","Lands Registry"
199378,RES-2009-6136,general_registry,"Land  Registry","Lands Registry"
199379,CON-RES-2026-3042,registry,,3
199379,CON-RES-2026-3042,general_registry,,"Lands Registry"
199379,CON-RES-2026-3042,physical_registry,,"Registry 3 - Land"
199380,RES-2009-5696,general_registry,"Land  Registry","Lands Registry"
199382,RES-2009-2138,general_registry,"Land  Registry","Lands Registry"
199383,CON-COM-2016-179,general_registry,"Land  Registry","Lands Registry"
199384,RES-2009-1946,general_registry,"Land  Registry","Lands Registry"
199386,RES-2009-5377,general_registry,"Land  Registry","Lands Registry"
199388,RES-2009-6135,general_registry,"Land  Registry","Lands Registry"
199389,CON-COM-2017-191,general_registry,"Land  Registry","Lands Registry"
199393,RES-2009-5697,general_registry,"Land  Registry","Lands Registry"
199396,RES-2009-1958,general_registry,"Land  Registry","Lands Registry"
199397,COM-2024-804,general_registry,"Land  Registry","Lands Registry"
199398,RES-2009-7376,general_registry,"Land  Registry","Lands Registry"
199399,RES-2009-6138,general_registry,"Land  Registry","Lands Registry"
199401,RES-2014-2538,general_registry,"Land  Registry","Lands Registry"
199403,RES-2009-1960,general_registry,"Land  Registry","Lands Registry"
199406,RES-2009-5698,general_registry,"Land  Registry","Lands Registry"
199407,RES-2009-1961,general_registry,"Land  Registry","Lands Registry"
199408,RES-2009-4047,general_registry,"Land  Registry","Lands Registry"
199411,RES-2009-6137,general_registry,"Land  Registry","Lands Registry"
199412,RES-2008-4302,general_registry,"Land  Registry","Lands Registry"
199414,RES-2009-7358,general_registry,"Land  Registry","Lands Registry"
199415,RES-2009-6612,general_registry,"Land  Registry","Lands Registry"
199416,RES-2009-4391,general_registry,"Land  Registry","Lands Registry"
199418,RES-2009-6445,general_registry,"Land  Registry","Lands Registry"
199421,RES-2008-4303,general_registry,"Land  Registry","Lands Registry"
199422,RES-2009-895,general_registry,"Land  Registry","Lands Registry"
199423,RES-2009-5699,general_registry,"Land  Registry","Lands Registry"
199424,RES-2015-5475,general_registry,"Land  Registry","Lands Registry"
199425,RES-2009-4390,general_registry,"Land  Registry","Lands Registry"
199426,RES-2009-6431,general_registry,"Land  Registry","Lands Registry"
199428,RES-2008-4301,general_registry,"Land  Registry","Lands Registry"
199430,RES-2009-5966,general_registry,"Land  Registry","Lands Registry"
199431,RES-2009-4384,general_registry,"Land  Registry","Lands Registry"
199434,RES-2009-5176,general_registry,"Land  Registry","Lands Registry"
199435,RES-2008-4316,general_registry,"Land  Registry","Lands Registry"
199436,RES-2009-4388,general_registry,"Land  Registry","Lands Registry"
199437,RES-2009-896,general_registry,"Land  Registry","Lands Registry"
199438,RES-2009-5193,general_registry,"Land  Registry","Lands Registry"
199439,RES-2009-6430,general_registry,"Land  Registry","Lands Registry"
199440,RES-2009-5968,general_registry,"Land  Registry","Lands Registry"
199441,RES-2026-3726,registry,,2
199441,RES-2026-3726,general_registry,,"Lands Registry"
199441,RES-2026-3726,physical_registry,,"Registry 2 - Land"
199446,RES-2009-5969,general_registry,"Land  Registry","Lands Registry"
199447,RES-2008-4368,general_registry,"Land  Registry","Lands Registry"
199449,RES-2009-5102,general_registry,"Land  Registry","Lands Registry"
199450,RES-2009-897,general_registry,"Land  Registry","Lands Registry"
199451,RES-2026-3727,registry,,2
199451,RES-2026-3727,general_registry,,"Lands Registry"
199451,RES-2026-3727,physical_registry,,"Registry 2 - Land"
199452,RES-2009-5201,general_registry,"Land  Registry","Lands Registry"
199453,RES-2008-4393,general_registry,"Land  Registry","Lands Registry"
199455,RES-2026-3728,registry,,2
199455,RES-2026-3728,general_registry,,"Lands Registry"
199455,RES-2026-3728,physical_registry,,"Registry 2 - Land"
199456,RES-2009-5965,general_registry,"Land  Registry","Lands Registry"
199457,RES-2008-4394,general_registry,"Land  Registry","Lands Registry"
199458,RES-2009-5190,general_registry,"Land  Registry","Lands Registry"
199459,CON-COM-2026-656,registry,,3
199459,CON-COM-2026-656,general_registry,,"Lands Registry"
199459,CON-COM-2026-656,physical_registry,,"Registry 3 - Land"
199461,RES-2009-5204,general_registry,"Land  Registry","Lands Registry"
199462,CON-RES-2024-472,general_registry,"Land  Registry","Lands Registry"
199463,RES-2008-4390,general_registry,"Land  Registry","Lands Registry"
199465,RES-2009-5700,general_registry,"Land  Registry","Lands Registry"
199466,RES-2009-5202,general_registry,"Land  Registry","Lands Registry"
199467,CON-RES-2026-3043,registry,,3
199467,CON-RES-2026-3043,general_registry,,"Lands Registry"
199467,CON-RES-2026-3043,physical_registry,,"Registry 3 - Land"
199468,RES-2008-4290,general_registry,"Land  Registry","Lands Registry"
199469,RES-2009-5205,general_registry,"Land  Registry","Lands Registry"
199471,RES-2008-4386,registry,,2
199471,RES-2008-4386,general_registry,"Land  Registry","Lands Registry"
199472,RES-2008-4305,general_registry,"Land  Registry","Lands Registry"
199474,RES-2008-4306,general_registry,"Land  Registry","Lands Registry"
199475,RES-1985-150,general_registry,"Land  Registry","Lands Registry"
199476,RES-2008-4307,general_registry,"Land  Registry","Lands Registry"
199478,RES-2008-4308,general_registry,"Land  Registry","Lands Registry"
199480,RES-2008-4369,general_registry,"Land  Registry","Lands Registry"
199481,CON-RES-2018-168,general_registry,"Land  Registry","Lands Registry"
199482,CON-IND-2024-56,general_registry,"Land  Registry","Lands Registry"
199483,RES-2008-2548,general_registry,"Land  Registry","Lands Registry"
199485,IND-2008-19,general_registry,"Land  Registry","Lands Registry"
199486,RES-2009-5203,general_registry,"Land  Registry","Lands Registry"
199487,RES-2005-1706,general_registry,"Land  Registry","Lands Registry"
199488,CON-RES-2023-7504,general_registry,"Land  Registry","Lands Registry"
199489,RES-2009-5670,general_registry,"Land  Registry","Lands Registry"
199491,RES-2009-5671,general_registry,"Land  Registry","Lands Registry"
199492,RES-2009-5206,general_registry,"Land  Registry","Lands Registry"
199495,RES-2009-5207,general_registry,"Land  Registry","Lands Registry"
199496,RES-2009-5659,general_registry,"Land  Registry","Lands Registry"
199497,RES-2008-4389,general_registry,"Land  Registry","Lands Registry"
199499,RES-2009-5666,general_registry,"Land  Registry","Lands Registry"
199500,RES-2009-5967,general_registry,"Land  Registry","Lands Registry"
199501,RES-2009-5208,general_registry,"Land  Registry","Lands Registry"
199504,RES-2009-5667,general_registry,"Land  Registry","Lands Registry"
199505,RES-2008-5086,registry,,2
199505,RES-2008-5086,general_registry,"Land  Registry","Lands Registry"
199506,RES-2009-5209,general_registry,"Land  Registry","Lands Registry"
199508,RES-2009-5668,general_registry,"Land  Registry","Lands Registry"
199510,RES-2009-5379,general_registry,"Land  Registry","Lands Registry"
199511,RES-2009-5669,general_registry,"Land  Registry","Lands Registry"
199512,RES-2009-5211,general_registry,"Land  Registry","Lands Registry"
199513,RES-2009-898,general_registry,"Land  Registry","Lands Registry"
199514,RES-2009-5663,general_registry,"Land  Registry","Lands Registry"
199515,RES-2009-893,general_registry,"Land  Registry","Lands Registry"
199517,RES-2009-5380,general_registry,"Land  Registry","Lands Registry"
199518,RES-2022-7566,general_registry,"Land  Registry","Lands Registry"
199519,RES-2009-5664,general_registry,"Land  Registry","Lands Registry"
199520,RES-2009-2264,general_registry,"Land  Registry","Lands Registry"
199521,RES-2009-5026,general_registry,"Land  Registry","Lands Registry"
199524,RES-2022-7564,general_registry,"Land  Registry","Lands Registry"
199525,RES-2009-5717,general_registry,"Land  Registry","Lands Registry"
199526,RES-2009-2503,general_registry,"Land  Registry","Lands Registry"
199527,RES-2009-1781,general_registry,"Land  Registry","Lands Registry"
199528,RES-2008-4317,general_registry,"Land  Registry","Lands Registry"
199529,RES-2009-6242,general_registry,"Land  Registry","Lands Registry"
199530,RES-2009-899,general_registry,"Land  Registry","Lands Registry"
199531,RES-2009-5718,general_registry,"Land  Registry","Lands Registry"
199532,RES-2008-4387,general_registry,"Land  Registry","Lands Registry"
199533,RES-2009-6245,general_registry,"Land  Registry","Lands Registry"
199534,RES-2009-5683,general_registry,"Land  Registry","Lands Registry"
199537,RES-2009-2502,general_registry,"Land  Registry","Lands Registry"
199539,RES-2009-6240,general_registry,"Land  Registry","Lands Registry"
199540,RES-2009-5964,general_registry,"Land  Registry","Lands Registry"
199541,RES-2009-892,registry,,2
199541,RES-2009-892,general_registry,"Land  Registry","Lands Registry"
199542,RES-1986-2010(T),general_registry,"Land  Registry","Lands Registry"
199543,RES-2008-4356,general_registry,"Land  Registry","Lands Registry"
199544,RES-2009-889,general_registry,"Land  Registry","Lands Registry"
199545,RES-2009-6247,general_registry,"Land  Registry","Lands Registry"
199548,RES-2009-6258,general_registry,"Land  Registry","Lands Registry"
199549,RES-2009-6243,general_registry,"Land  Registry","Lands Registry"
199550,RES-2009-5189,general_registry,"Land  Registry","Lands Registry"
199551,RES-2009-1782,general_registry,"Land  Registry","Lands Registry"
199552,RES-2009-900,general_registry,"Land  Registry","Lands Registry"
199556,RES-2009-5191,general_registry,"Land  Registry","Lands Registry"
199558,RES-2009-5684,general_registry,"Land  Registry","Lands Registry"
199559,RES-2009-6241,general_registry,"Land  Registry","Lands Registry"
199560,RES-2026-3729,registry,,2
199560,RES-2026-3729,general_registry,,"Lands Registry"
199560,RES-2026-3729,physical_registry,,"Registry 2 - Land"
199561,RES-2009-4856,general_registry,"Land  Registry","Lands Registry"
199562,RES-2009-4859,general_registry,"Land  Registry","Lands Registry"
199563,RES-2009-4858,general_registry,"Land  Registry","Lands Registry"
199564,RES-2009-4846,general_registry,"Land  Registry","Lands Registry"
199565,RES-2009-4811,general_registry,"Land  Registry","Lands Registry"
199566,RES-2009-4812,general_registry,"Land  Registry","Lands Registry"
199567,RES-2009-4828,registry,,2
199567,RES-2009-4828,general_registry,"Land  Registry","Lands Registry"
199568,RES-2009-4876,registry,,2
199568,RES-2009-4876,general_registry,"Land  Registry","Lands Registry"
199569,RES-2009-4827,general_registry,"Land  Registry","Lands Registry"
199570,RES-2009-4875,general_registry,"Land  Registry","Lands Registry"
199571,RES-2009-4874,general_registry,"Land  Registry","Lands Registry"
199572,RES-2009-4826,general_registry,"Land  Registry","Lands Registry"
199573,RES-2009-4873,registry,,2
199573,RES-2009-4873,general_registry,"Land  Registry","Lands Registry"
199574,RES-2009-4824,general_registry,"Land  Registry","Lands Registry"
199575,RES-2009-4872,registry,,2
199575,RES-2009-4872,general_registry,"Land  Registry","Lands Registry"
199576,RES-2009-4813,registry,,2
199576,RES-2009-4813,general_registry,"Land  Registry","Lands Registry"
199577,RES-2009-4871,registry,,2
199577,RES-2009-4871,general_registry,"Land  Registry","Lands Registry"
199578,RES-2009-4870,registry,,2
199578,RES-2009-4870,general_registry,"Land  Registry","Lands Registry"
199579,RES-2009-4814,registry,,2
199579,RES-2009-4814,general_registry,"Land  Registry","Lands Registry"
199580,RES-2009-4816,registry,,2
199580,RES-2009-4816,general_registry,"Land  Registry","Lands Registry"
199581,RES-2009-4869,registry,,2
199581,RES-2009-4869,general_registry,"Land  Registry","Lands Registry"
199582,RES-2009-4818,registry,,2
199582,RES-2009-4818,general_registry,"Land  Registry","Lands Registry"
199583,RES-2009-4867,registry,,2
199583,RES-2009-4867,general_registry,"Land  Registry","Lands Registry"
199584,RES-2009-4866,registry,,2
199584,RES-2009-4866,general_registry,"Land  Registry","Lands Registry"
199585,RES-2009-4865,registry,,2
199585,RES-2009-4865,general_registry,"Land  Registry","Lands Registry"
199586,RES-2009-4820,registry,,2
199586,RES-2009-4820,general_registry,"Land  Registry","Lands Registry"
199587,RES-2009-4860,registry,,2
199587,RES-2009-4860,general_registry,"Land  Registry","Lands Registry"
199588,RES-2009-4863,registry,,2
199588,RES-2009-4863,general_registry,"Land  Registry","Lands Registry"
199589,RES-2009-4848,registry,,2
199589,RES-2009-4848,general_registry,"Land  Registry","Lands Registry"
199590,RES-2009-4877,registry,,2
199590,RES-2009-4877,general_registry,"Land  Registry","Lands Registry"
199591,RES-2009-4862,registry,,2
199591,RES-2009-4862,general_registry,"Land  Registry","Lands Registry"
199593,RES-2009-4861,registry,,2
199593,RES-2009-4861,general_registry,"Land  Registry","Lands Registry"
199594,RES-2009-5079,general_registry,"Land  Registry","Lands Registry"
199595,RES-2009-4831,general_registry,"Land  Registry","Lands Registry"
199596,RES-2009-5900,general_registry,"Land  Registry","Lands Registry"
199597,RES-2009-5078,general_registry,"Land  Registry","Lands Registry"
199598,RES-2009-4830,registry,,2
199598,RES-2009-4830,general_registry,"Land  Registry","Lands Registry"
199599,RES-2009-5957,general_registry,"Land  Registry","Lands Registry"
199600,RES-2009-4829,registry,,2
199600,RES-2009-4829,general_registry,"Land  Registry","Lands Registry"
199601,RES-2009-5077,general_registry,"Land  Registry","Lands Registry"
199602,RES-2009-5954,general_registry,"Land  Registry","Lands Registry"
199603,RES-2009-3901,general_registry,"Land  Registry","Lands Registry"
199604,RES-2009-5956,general_registry,"Land  Registry","Lands Registry"
199605,RES-2009-3902,general_registry,"Land  Registry","Lands Registry"
199606,RES-2009-7345,general_registry,"Land  Registry","Lands Registry"
199607,RES-2009-3903,general_registry,"Land  Registry","Lands Registry"
199609,RES-2009-6235,general_registry,"Land  Registry","Lands Registry"
199610,RES-2009-3905,general_registry,"Land  Registry","Lands Registry"
199611,RES-2009-5687,general_registry,"Land  Registry","Lands Registry"
199612,RES-2009-3906,general_registry,"Land  Registry","Lands Registry"
199614,RES-2009-6259,general_registry,"Land  Registry","Lands Registry"
199615,RES-2009-6691,general_registry,"Land  Registry","Lands Registry"
199617,RES-2009-7334,general_registry,"Land  Registry","Lands Registry"
199620,RES-2009-6688,general_registry,"Land  Registry","Lands Registry"
199621,RES-2009-6227,general_registry,"Land  Registry","Lands Registry"
199623,RES-2009-6687,general_registry,"Land  Registry","Lands Registry"
199625,RES-2009-99,general_registry,"Land  Registry","Lands Registry"
199627,RES-2009-5195,general_registry,"Land  Registry","Lands Registry"
199628,RES-2009-6214,general_registry,"Land  Registry","Lands Registry"
199629,RES-2009-29,general_registry,"Land  Registry","Lands Registry"
199632,RES-2009-10,general_registry,"Land  Registry","Lands Registry"
199633,RES-2009-7336,general_registry,"Land  Registry","Lands Registry"
199634,RES-2009-5955,general_registry,"Land  Registry","Lands Registry"
199635,RES-2009-5971,general_registry,"Land  Registry","Lands Registry"
199636,RES-2009-23,general_registry,"Land  Registry","Lands Registry"
199638,RES-2009-5681,general_registry,"Land  Registry","Lands Registry"
199639,RES-2009-1807,general_registry,"Land  Registry","Lands Registry"
199642,RES-2009-1875,general_registry,"Land  Registry","Lands Registry"
199646,RES-2009-5970,general_registry,"Land  Registry","Lands Registry"
199650,RES-2009-6217,registry,,2
199650,RES-2009-6217,general_registry,"Land  Registry","Lands Registry"
199652,RES-2009-5972,general_registry,"Land  Registry","Lands Registry"
199653,RES-2009-1877,general_registry,"Land  Registry","Lands Registry"
199654,RES-2009-17,general_registry,"Land  Registry","Lands Registry"
199655,RES-2012-134,general_registry,"Land  Registry","Lands Registry"
199656,RES-2009-1806,general_registry,"Land  Registry","Lands Registry"
199657,CON-RES-2025-1367,general_registry,"Land  Registry","Lands Registry"
199659,RES-2009-5999,general_registry,"Land  Registry","Lands Registry"
199660,RES-2009-1808,general_registry,"Land  Registry","Lands Registry"
199661,COM-2019-53,general_registry,"Land  Registry","Lands Registry"
199662,RES-2009-5973,general_registry,"Land  Registry","Lands Registry"
199664,RES-2009-94,general_registry,"Land  Registry","Lands Registry"
199666,RES-2009-6230,general_registry,"Land  Registry","Lands Registry"
199667,RES-2009-1831,general_registry,"Land  Registry","Lands Registry"
199668,RES-2009-5997,general_registry,"Land  Registry","Lands Registry"
199669,RES-2009-3870,general_registry,"Land  Registry","Lands Registry"
199670,RES-2009-1809,general_registry,"Land  Registry","Lands Registry"
199672,RES-2009-28,general_registry,"Land  Registry","Lands Registry"
199673,RES-2009-5974,general_registry,"Land  Registry","Lands Registry"
199674,RES-2009-5920,general_registry,"Land  Registry","Lands Registry"
199675,RES-2009-1815,general_registry,"Land  Registry","Lands Registry"
199676,RES-2009-1843,general_registry,"Land  Registry","Lands Registry"
199677,RES-2009-5975,general_registry,"Land  Registry","Lands Registry"
199678,RES-2009-5919,general_registry,"Land  Registry","Lands Registry"
199679,RES-2009-3871,general_registry,"Land  Registry","Lands Registry"
199682,RES-2009-1816,general_registry,"Land  Registry","Lands Registry"
199683,RES-2009-1811,general_registry,"Land  Registry","Lands Registry"
199684,RES-2009-5976,general_registry,"Land  Registry","Lands Registry"
199686,RES-2009-5912,general_registry,"Land  Registry","Lands Registry"
199687,RES-2009-5008,general_registry,"Land  Registry","Lands Registry"
199688,RES-2009-1824,general_registry,"Land  Registry","Lands Registry"
199690,COM-2002-2319,registry,,1
199690,COM-2002-2319,general_registry,"Land  Registry","Lands Registry"
199691,RES-2009-1810,general_registry,"Land  Registry","Lands Registry"
199692,RES-2009-5977,general_registry,"Land  Registry","Lands Registry"
199693,RES-2009-3872,general_registry,"Land  Registry","Lands Registry"
199694,RES-2009-6246,general_registry,"Land  Registry","Lands Registry"
199695,RES-2009-5963,general_registry,"Land  Registry","Lands Registry"
199696,RES-2009-4,general_registry,"Land  Registry","Lands Registry"
199697,RES-2009-1823,general_registry,"Land  Registry","Lands Registry"
199698,RES-2009-1829,general_registry,"Land  Registry","Lands Registry"
199699,RES-2009-5978,general_registry,"Land  Registry","Lands Registry"
199700,RES-2009-1819,general_registry,"Land  Registry","Lands Registry"
199701,RES-2009-5,general_registry,"Land  Registry","Lands Registry"
199702,RES-2009-7006,general_registry,"Land  Registry","Lands Registry"
199703,RES-2021-2919,general_registry,"Land  Registry","Lands Registry"
199705,RES-2009-3873,general_registry,"Land  Registry","Lands Registry"
199706,RES-2009-6,general_registry,"Land  Registry","Lands Registry"
199707,RES-2009-1822,general_registry,"Land  Registry","Lands Registry"
199708,RES-2009-1878,general_registry,"Land  Registry","Lands Registry"
199709,RES-2009-6232,general_registry,"Land  Registry","Lands Registry"
199713,RES-2009-5987,general_registry,"Land  Registry","Lands Registry"
199714,RES-2010-2107,general_registry,"Land  Registry","Lands Registry"
199715,CON-COM-2021-300,general_registry,"Land  Registry","Lands Registry"
199716,RES-2009-1865,general_registry,"Land  Registry","Lands Registry"
199717,RES-2009-5988,general_registry,"Land  Registry","Lands Registry"
199718,RES-2009-5979,general_registry,"Land  Registry","Lands Registry"
199719,COM-2018-166,registry,,1
199719,COM-2018-166,general_registry,"Land  Registry","Lands Registry"
199720,RES-2009-1881,general_registry,"Land  Registry","Lands Registry"
199723,RES-2010-4199,general_registry,"Land  Registry","Lands Registry"
199724,RES-RC-1982-1235,general_registry,"Land  Registry","Lands Registry"
199725,RES-2009-5989,general_registry,"Land  Registry","Lands Registry"
199726,RES-2009-5980,general_registry,"Land  Registry","Lands Registry"
199727,RES-2000-4190,general_registry,"Land  Registry","Lands Registry"
199728,RES-2009-1839,general_registry,"Land  Registry","Lands Registry"
199729,RES-2009-1882,general_registry,"Land  Registry","Lands Registry"
199731,RES-2010-1114,general_registry,"Land  Registry","Lands Registry"
199734,RES-2023-1010,general_registry,"Land  Registry","Lands Registry"
199735,RES-2009-1883,general_registry,"Land  Registry","Lands Registry"
199736,RES-2009-5991,general_registry,"Land  Registry","Lands Registry"
199737,RES-2009-1837,general_registry,"Land  Registry","Lands Registry"
199738,RES-2009-3874,general_registry,"Land  Registry","Lands Registry"
199739,RES-2009-6175,general_registry,"Land  Registry","Lands Registry"
199740,RES-2009-5992,general_registry,"Land  Registry","Lands Registry"
199741,RES-2009-5682,general_registry,"Land  Registry","Lands Registry"
199743,RES-2009-1841,general_registry,"Land  Registry","Lands Registry"
199744,RES-2009-7,general_registry,"Land  Registry","Lands Registry"
199745,RES-2009-6163,general_registry,"Land  Registry","Lands Registry"
199746,RES-2016-155,general_registry,"Land  Registry","Lands Registry"
199747,RES-2009-1836,general_registry,"Land  Registry","Lands Registry"
199748,IND-2001-6,registry,,1
199748,IND-2001-6,general_registry,"Land  Registry","Lands Registry"
199750,RES-2009-3875,general_registry,"Land  Registry","Lands Registry"
199751,RES-2009-5679,general_registry,"Land  Registry","Lands Registry"
199752,CON-RES-1983-94,general_registry,"Land  Registry","Lands Registry"
199753,RES-2009-6176,general_registry,"Land  Registry","Lands Registry"
199754,RES-2001-3408,general_registry,"Land  Registry","Lands Registry"
199755,RES-2000-1326,general_registry,"Land  Registry","Lands Registry"
199756,RES-2009-1840,general_registry,"Land  Registry","Lands Registry"
199760,RES-2009-8,general_registry,"Land  Registry","Lands Registry"
199761,RES-2009-1820,general_registry,"Land  Registry","Lands Registry"
199762,RES-2009-6154,general_registry,"Land  Registry","Lands Registry"
199763,RES-2009-5909,general_registry,"Land  Registry","Lands Registry"
199765,RES-2009-6231,general_registry,"Land  Registry","Lands Registry"
199766,RES-2009-5986,general_registry,"Land  Registry","Lands Registry"
199767,RES-2009-9,general_registry,"Land  Registry","Lands Registry"
199769,RES-2008-4346,general_registry,"Land  Registry","Lands Registry"
199770,RES-2009-12,general_registry,"Land  Registry","Lands Registry"
199771,RES-2009-5985,general_registry,"Land  Registry","Lands Registry"
199772,CON-RES-2006-193,general_registry,"Land  Registry","Lands Registry"
199775,RES-2018-531,general_registry,"Land  Registry","Lands Registry"
199776,RES-2008-4347,general_registry,"Land  Registry","Lands Registry"
199777,RES-2009-1818,general_registry,"Land  Registry","Lands Registry"
199778,RES-2009-5680,general_registry,"Land  Registry","Lands Registry"
199780,RES-2009-6180,general_registry,"Land  Registry","Lands Registry"
199781,RES-2017-2964,general_registry,"Land  Registry","Lands Registry"
199782,RES-2009-3848,general_registry,"Land  Registry","Lands Registry"
199784,RES-2009-5910,general_registry,"Land  Registry","Lands Registry"
199785,RES-2009-1852,general_registry,"Land  Registry","Lands Registry"
199786,COM-RC-1982-67,general_registry,"Land  Registry","Lands Registry"
199787,RES-2008-4388,general_registry,"Land  Registry","Lands Registry"
199788,RES-2009-19,general_registry,"Land  Registry","Lands Registry"
199789,IND-1994-19,general_registry,"Land  Registry","Lands Registry"
199790,RES-2009-5984,general_registry,"Land  Registry","Lands Registry"
199791,RES-2009-1800,general_registry,"Land  Registry","Lands Registry"
199792,CON-RES-1983-69,general_registry,"Land  Registry","Lands Registry"
199793,RES-1986-764,general_registry,"Land  Registry","Lands Registry"
199794,RES-2009-1853,general_registry,"Land  Registry","Lands Registry"
199796,RES-2009-6249,general_registry,"Land  Registry","Lands Registry"
199797,RES-2008-4309,general_registry,"Land  Registry","Lands Registry"
199798,RES-2009-3866,general_registry,"Land  Registry","Lands Registry"
199799,RES-2009-5983,general_registry,"Land  Registry","Lands Registry"
199800,RES-2008-4310,general_registry,"Land  Registry","Lands Registry"
199801,RES-2009-1896,general_registry,"Land  Registry","Lands Registry"
199803,RES-2009-1894,general_registry,"Land  Registry","Lands Registry"
199804,CON-RES-2003-11(T),general_registry,"Land  Registry","Lands Registry"
199805,RES-2009-6248,general_registry,"Land  Registry","Lands Registry"
199806,RES-2009-4886,general_registry,"Land  Registry","Lands Registry"
199807,RES-2008-4385,general_registry,"Land  Registry","Lands Registry"
199808,RES-2009-1802,general_registry,"Land  Registry","Lands Registry"
199809,RES-2009-5676,general_registry,"Land  Registry","Lands Registry"
199811,CON-RES-1983-67,general_registry,"Land  Registry","Lands Registry"
199812,RES-2009-3887,general_registry,"Land  Registry","Lands Registry"
199813,RES-2008-4315,general_registry,"Land  Registry","Lands Registry"
199816,RES-2009-1895,general_registry,"Land  Registry","Lands Registry"
199817,RES-2009-5982,general_registry,"Land  Registry","Lands Registry"
199818,RES-2008-4313,general_registry,"Land  Registry","Lands Registry"
199820,RES-2009-1801,general_registry,"Land  Registry","Lands Registry"
199821,RES-2009-6239,general_registry,"Land  Registry","Lands Registry"
199822,RES-2009-1813,general_registry,"Land  Registry","Lands Registry"
199825,RES-2009-5638,general_registry,"Land  Registry","Lands Registry"
199826,RES-2008-4312,general_registry,"Land  Registry","Lands Registry"
199827,RES-2009-1803,general_registry,"Land  Registry","Lands Registry"
199828,RES-2009-5981,general_registry,"Land  Registry","Lands Registry"
199832,RES-2009-1814,general_registry,"Land  Registry","Lands Registry"
199834,RES-2009-6179,general_registry,"Land  Registry","Lands Registry"
199835,RES-2009-1838,general_registry,"Land  Registry","Lands Registry"
199836,RES-2008-4311,general_registry,"Land  Registry","Lands Registry"
199837,RES-2018-110,general_registry,"Land  Registry","Lands Registry"
199839,RES-2009-6216,general_registry,"Land  Registry","Lands Registry"
199841,RES-2009-5993,general_registry,"Land  Registry","Lands Registry"
199843,RES-2009-3889,general_registry,"Land  Registry","Lands Registry"
199844,RES-2009-1826,general_registry,"Land  Registry","Lands Registry"
199845,RES-2008-4326,general_registry,"Land  Registry","Lands Registry"
199846,CON-RES-1983-75,general_registry,"Land  Registry","Lands Registry"
199847,RES-2009-6177,general_registry,"Land  Registry","Lands Registry"
199850,RES-1989-4419,general_registry,"Land  Registry","Lands Registry"
199851,RES-2008-4382,general_registry,"Land  Registry","Lands Registry"
199852,CON-RES-2005-119,general_registry,"Land  Registry","Lands Registry"
199854,RES-2016-2715,general_registry,"Land  Registry","Lands Registry"
199855,RES-2009-1835,general_registry,"Land  Registry","Lands Registry"
199856,RES-2009-5994,general_registry,"Land  Registry","Lands Registry"
199857,RES-2008-4383,general_registry,"Land  Registry","Lands Registry"
199858,RES-2009-6062,registry,,2
199858,RES-2009-6062,general_registry,"Land  Registry","Lands Registry"
199859,RES-2009-6204,general_registry,"Land  Registry","Lands Registry"
199860,IND-RC-1982-86,general_registry,"Land  Registry","Lands Registry"
199861,RES-2022-6509,general_registry,"Land  Registry","Lands Registry"
199863,RES-2008-4364,general_registry,"Land  Registry","Lands Registry"
199864,RES-2009-5637,general_registry,"Land  Registry","Lands Registry"
199865,RES-2009-1833,general_registry,"Land  Registry","Lands Registry"
199866,RES-2009-5995,general_registry,"Land  Registry","Lands Registry"
199867,CON-RES-1983-55,general_registry,"Land  Registry","Lands Registry"
199868,RES-RC-1984-35,general_registry,"Land  Registry","Lands Registry"
199869,RES-2008-4365,general_registry,"Land  Registry","Lands Registry"
199870,RES-2009-6060,registry,,2
199870,RES-2009-6060,general_registry,"Land  Registry","Lands Registry"
199871,RES-2009-1830,general_registry,"Land  Registry","Lands Registry"
199874,RES-2009-2146,general_registry,"Land  Registry","Lands Registry"
199875,RES-2008-4355,general_registry,"Land  Registry","Lands Registry"
199876,COM-2019-145,general_registry,"Land  Registry","Lands Registry"
199877,RES-2009-1854,general_registry,"Land  Registry","Lands Registry"
199880,CON-COM-2023-9,general_registry,"Land  Registry","Lands Registry"
199881,RES-2009-5614,general_registry,"Land  Registry","Lands Registry"
199882,RES-2008-4353,general_registry,"Land  Registry","Lands Registry"
199884,RES-2009-1805,general_registry,"Land  Registry","Lands Registry"
199885,RES-2009-5996,general_registry,"Land  Registry","Lands Registry"
199886,RES-2009-1857,general_registry,"Land  Registry","Lands Registry"
199888,RES-2008-4384,general_registry,"Land  Registry","Lands Registry"
199895,RES-2009-5101,general_registry,"Land  Registry","Lands Registry"
199898,RES-2008-4366,general_registry,"Land  Registry","Lands Registry"
199900,CON-IND-2024-58,general_registry,"Land  Registry","Lands Registry"
199901,RES-2009-3868,general_registry,"Land  Registry","Lands Registry"
199903,CON-RES-1982-579,general_registry,"Land  Registry","Lands Registry"
199905,RES-2015-1322,general_registry,"Land  Registry","Lands Registry"
199907,RES-2026-3730,registry,,2
199907,RES-2026-3730,general_registry,,"Lands Registry"
199907,RES-2026-3730,physical_registry,,"Registry 2 - Land"
199908,RES-2009-3869,general_registry,"Land  Registry","Lands Registry"
199910,RES-2022-925,general_registry,"Land  Registry","Lands Registry"
199912,RES-2008-2543,general_registry,"Land  Registry","Lands Registry"
199913,CON-RES-1983-52,general_registry,"Land  Registry","Lands Registry"
199916,RES-2009-5122,general_registry,"Land  Registry","Lands Registry"
199917,IND-RC-1982-196,general_registry,"Land  Registry","Lands Registry"
199921,RES-2008-251,general_registry,"Land  Registry","Lands Registry"
199922,CON-IND-2025-306,general_registry,"Land  Registry","Lands Registry"
199925,CON-RES-2014-581,general_registry,"Land  Registry","Lands Registry"
199926,RES-2009-796,general_registry,"Land  Registry","Lands Registry"
199927,RES-2009-1784,general_registry,"Land  Registry","Lands Registry"
199928,RES-2015-1782,general_registry,"Land  Registry","Lands Registry"
199931,COM-2018-179,general_registry,"Land  Registry","Lands Registry"
199934,RES-2009-2504,general_registry,"Land  Registry","Lands Registry"
199935,RES-2009-1859,general_registry,"Land  Registry","Lands Registry"
199936,RES-2009-1786,general_registry,"Land  Registry","Lands Registry"
199939,RES-1992-1194,general_registry,"Land  Registry","Lands Registry"
199940,RES-2009-1860,general_registry,"Land  Registry","Lands Registry"
199942,RES-2009-1856,general_registry,"Land  Registry","Lands Registry"
199945,RES-2009-1787,general_registry,"Land  Registry","Lands Registry"
199946,RES-2009-1848,general_registry,"Land  Registry","Lands Registry"
199949,RES-2009-1855,general_registry,"Land  Registry","Lands Registry"
199950,RES-2009-5198,general_registry,"Land  Registry","Lands Registry"
199952,COM-2026-354,registry,,1
199952,COM-2026-354,general_registry,,"Lands Registry"
199952,COM-2026-354,physical_registry,,"Registry 1 - Land"
199953,COM-2026-355,registry,,1
199953,COM-2026-355,general_registry,,"Lands Registry"
199953,COM-2026-355,physical_registry,,"Registry 1 - Land"
199954,RES-2009-1788,general_registry,"Land  Registry","Lands Registry"
199955,RES-2009-1849,general_registry,"Land  Registry","Lands Registry"
199957,RES-2009-1858,general_registry,"Land  Registry","Lands Registry"
199959,RES-2009-5199,general_registry,"Land  Registry","Lands Registry"
199961,RES-2009-1851,general_registry,"Land  Registry","Lands Registry"
199962,RES-2009-1850,general_registry,"Land  Registry","Lands Registry"
199964,RES-2009-1821,general_registry,"Land  Registry","Lands Registry"
199965,RES-2023-857,general_registry,"Land  Registry","Lands Registry"
199967,RES-2009-1827,general_registry,"Land  Registry","Lands Registry"
199968,RES-2009-1834,general_registry,"Land  Registry","Lands Registry"
199971,RES-2009-1844,general_registry,"Land  Registry","Lands Registry"
199973,RES-2023-849,general_registry,"Land  Registry","Lands Registry"
199974,RES-2015-4148,registry,,2
199974,RES-2015-4148,general_registry,"Land  Registry","Lands Registry"
199976,RES-2009-41,general_registry,"Land  Registry","Lands Registry"
199977,RES-2009-42,general_registry,"Land  Registry","Lands Registry"
199978,RES-2009-4781,general_registry,"Land  Registry","Lands Registry"
199979,RES-2009-5194,general_registry,"Land  Registry","Lands Registry"
199980,RES-2009-4780,general_registry,"Land  Registry","Lands Registry"
199981,RES-2009-6058,general_registry,"Land  Registry","Lands Registry"
199982,RES-2009-43,general_registry,"Land  Registry","Lands Registry"
199983,RES-2009-1842,general_registry,"Land  Registry","Lands Registry"
199984,RES-2009-4773,general_registry,"Land  Registry","Lands Registry"
199985,RES-2009-4766,general_registry,"Land  Registry","Lands Registry"
199986,RES-2009-44,general_registry,"Land  Registry","Lands Registry"
199987,RES-2009-4800,general_registry,"Land  Registry","Lands Registry"
199988,RES-2009-4782,general_registry,"Land  Registry","Lands Registry"
199989,COM-2025-694,general_registry,"Land  Registry","Lands Registry"
199991,RES-2009-4771,general_registry,"Land  Registry","Lands Registry"
199992,RES-2009-4799,general_registry,"Land  Registry","Lands Registry"
199993,RES-2009-1869,general_registry,"Land  Registry","Lands Registry"
199994,RES-2009-6041,general_registry,"Land  Registry","Lands Registry"
199995,RES-2009-45,general_registry,"Land  Registry","Lands Registry"
199996,RES-2009-4798,general_registry,"Land  Registry","Lands Registry"
199997,RES-2009-1846,general_registry,"Land  Registry","Lands Registry"
199998,RES-2009-46,general_registry,"Land  Registry","Lands Registry"
199999,RES-2007-92,general_registry,"Land  Registry","Lands Registry"
200000,RES-2009-4797,general_registry,"Land  Registry","Lands Registry"
200001,RES-2009-34,general_registry,"Land  Registry","Lands Registry"
200002,RES-2009-3867,general_registry,"Land  Registry","Lands Registry"
200004,RES-2009-4770,general_registry,"Land  Registry","Lands Registry"
200005,RES-2026-3731,registry,,2
200005,RES-2026-3731,general_registry,,"Lands Registry"
200005,RES-2026-3731,physical_registry,,"Registry 2 - Land"
200006,RES-2026-3732,registry,,2
200006,RES-2026-3732,general_registry,,"Lands Registry"
200006,RES-2026-3732,physical_registry,,"Registry 2 - Land"
200007,CON-COM-2017-252,general_registry,"Land  Registry","Lands Registry"
200008,RES-2009-4796,general_registry,"Land  Registry","Lands Registry"
200009,RES-2009-6039,general_registry,"Land  Registry","Lands Registry"
200010,RES-2020-2460,general_registry,"Land  Registry","Lands Registry"
200011,RES-2009-5175,general_registry,"Land  Registry","Lands Registry"
200012,RES-2009-48,general_registry,"Land  Registry","Lands Registry"
200013,RES-2009-25,general_registry,"Land  Registry","Lands Registry"
200016,RES-2009-4769,general_registry,"Land  Registry","Lands Registry"
200017,RES-2009-49,general_registry,"Land  Registry","Lands Registry"
200018,RES-2009-6034,general_registry,"Land  Registry","Lands Registry"
200019,RES-2009-26,general_registry,"Land  Registry","Lands Registry"
200020,RES-2009-27,general_registry,"Land  Registry","Lands Registry"
200021,COM-2023-32,general_registry,"Land  Registry","Lands Registry"
200022,RES-1993-1226,general_registry,"Land  Registry","Lands Registry"
200023,RES-2009-6649,general_registry,"Land  Registry","Lands Registry"
200024,RES-2009-50,general_registry,"Land  Registry","Lands Registry"
200025,RES-2009-4764,general_registry,"Land  Registry","Lands Registry"
200026,RES-2009-1045,general_registry,"Land  Registry","Lands Registry"
200027,RES-2009-1825,general_registry,"Land  Registry","Lands Registry"
200028,RES-2015-422,general_registry,"Land  Registry","Lands Registry"
200029,COM-2026-356,registry,,1
200029,COM-2026-356,general_registry,,"Lands Registry"
200029,COM-2026-356,physical_registry,,"Registry 1 - Land"
200032,RES-2009-6038,general_registry,"Land  Registry","Lands Registry"
200033,RES-2021-1556,general_registry,"Land  Registry","Lands Registry"
200036,RES-2009-1845,general_registry,"Land  Registry","Lands Registry"
200037,RES-1984-39,general_registry,"Land  Registry","Lands Registry"
200038,RES-2009-6036,general_registry,"Land  Registry","Lands Registry"
200039,RES-2009-51,general_registry,"Land  Registry","Lands Registry"
200040,RES-2009-6037,general_registry,"Land  Registry","Lands Registry"
200041,RES-2009-1866,general_registry,"Land  Registry","Lands Registry"
200042,RES-2009-4734,general_registry,"Land  Registry","Lands Registry"
200043,RES-2009-1812,general_registry,"Land  Registry","Lands Registry"
200044,RES-2009-8179,general_registry,"Land  Registry","Lands Registry"
200046,CON-RES-1994-697,general_registry,"Land  Registry","Lands Registry"
200047,RES-2009-1867,general_registry,"Land  Registry","Lands Registry"
200048,RES-2009-52,general_registry,"Land  Registry","Lands Registry"
200049,RES-2009-1871,general_registry,"Land  Registry","Lands Registry"
200050,RES-2009-36,general_registry,"Land  Registry","Lands Registry"
200051,CON-RES-2001-30,general_registry,"Land  Registry","Lands Registry"
200052,RES-2009-1870,general_registry,"Land  Registry","Lands Registry"
200053,RES-2009-4789,general_registry,"Land  Registry","Lands Registry"
200054,RES-2009-7832,general_registry,"Land  Registry","Lands Registry"
200055,RES-2009-53,general_registry,"Land  Registry","Lands Registry"
200056,RES-2009-32,general_registry,"Land  Registry","Lands Registry"
200057,RES-2009-1872,general_registry,"Land  Registry","Lands Registry"
200058,RES-2020-2975,general_registry,"Land  Registry","Lands Registry"
200060,RES-2009-35,general_registry,"Land  Registry","Lands Registry"
200061,RES-2009-4819,general_registry,"Land  Registry","Lands Registry"
200064,RES-2009-4787,general_registry,"Land  Registry","Lands Registry"
200066,RES-2009-2133,general_registry,"Land  Registry","Lands Registry"
200067,RES-2009-1884,general_registry,"Land  Registry","Lands Registry"
200068,RES-2009-6676,registry,,2
200068,RES-2009-6676,general_registry,"Land  Registry","Lands Registry"
200069,RES-2009-54,general_registry,"Land  Registry","Lands Registry"
200070,RES-2009-4821,general_registry,"Land  Registry","Lands Registry"
200071,CON-COM-2022-177,general_registry,"Land  Registry","Lands Registry"
200072,RES-2009-1885,general_registry,"Land  Registry","Lands Registry"
200073,CON-AG-2006-28,general_registry,"Land  Registry","Lands Registry"
200075,RES-2009-40,general_registry,"Land  Registry","Lands Registry"
200076,RES-2009-38,general_registry,"Land  Registry","Lands Registry"
200077,RES-2009-7824,general_registry,"Land  Registry","Lands Registry"
200078,RES-2009-1868,general_registry,"Land  Registry","Lands Registry"
200079,RES-1990-1260,general_registry,"Land  Registry","Lands Registry"
200080,RES-2009-4822,general_registry,"Land  Registry","Lands Registry"
200081,RES-2009-1886,general_registry,"Land  Registry","Lands Registry"
200083,RES-2009-6675,general_registry,"Land  Registry","Lands Registry"
200084,RES-2009-1873,general_registry,"Land  Registry","Lands Registry"
200085,RES-2009-6673,general_registry,"Land  Registry","Lands Registry"
200086,RES-2009-4843,general_registry,"Land  Registry","Lands Registry"
200087,RES-2009-1899,registry,,2
200087,RES-2009-1899,general_registry,"Land  Registry","Lands Registry"
200088,RES-2009-6624,general_registry,"Land  Registry","Lands Registry"
200089,RES-2009-55,general_registry,"Land  Registry","Lands Registry"
200090,RES-2009-1898,general_registry,"Land  Registry","Lands Registry"
200092,RES-2009-1887,general_registry,"Land  Registry","Lands Registry"
200094,RES-2009-4842,general_registry,"Land  Registry","Lands Registry"
200095,RES-2009-6631,general_registry,"Land  Registry","Lands Registry"
200096,RES-2009-7826,general_registry,"Land  Registry","Lands Registry"
200098,RES-2009-58,general_registry,"Land  Registry","Lands Registry"
200099,RES-2009-1897,general_registry,"Land  Registry","Lands Registry"
200100,RES-2009-59,general_registry,"Land  Registry","Lands Registry"
200101,RES-2009-56,general_registry,"Land  Registry","Lands Registry"
200102,RES-2009-1892,general_registry,"Land  Registry","Lands Registry"
200103,RES-2009-4841,general_registry,"Land  Registry","Lands Registry"
200104,RES-2009-1572,general_registry,"Land  Registry","Lands Registry"
200105,RES-2009-6155,general_registry,"Land  Registry","Lands Registry"
200106,RES-2009-1893,general_registry,"Land  Registry","Lands Registry"
200107,CON-RES-2013-84,general_registry,"Land  Registry","Lands Registry"
200108,RES-2009-61,general_registry,"Land  Registry","Lands Registry"
200109,RES-2009-60,general_registry,"Land  Registry","Lands Registry"
200110,RES-2009-4840,general_registry,"Land  Registry","Lands Registry"
200111,RES-2009-57,general_registry,"Land  Registry","Lands Registry"
200112,RES-2009-6632,general_registry,"Land  Registry","Lands Registry"
200113,RES-2009-6672,general_registry,"Land  Registry","Lands Registry"
200114,RES-RC-1982-952,general_registry,"Land  Registry","Lands Registry"
200117,RES-2009-7827,general_registry,"Land  Registry","Lands Registry"
200118,RES-2009-4839,general_registry,"Land  Registry","Lands Registry"
200119,RES-2009-1888,general_registry,"Land  Registry","Lands Registry"
200120,RES-2002-3364,general_registry,"Land  Registry","Lands Registry"
200122,RES-2009-4836,general_registry,"Land  Registry","Lands Registry"
200123,RES-2009-62,general_registry,"Land  Registry","Lands Registry"
200124,RES-2009-4316,general_registry,"Land  Registry","Lands Registry"
200125,RES-2009-4834,general_registry,"Land  Registry","Lands Registry"
200126,RES-1994-351,general_registry,"Land  Registry","Lands Registry"
200127,RES-2009-1889,general_registry,"Land  Registry","Lands Registry"
200128,RES-2009-63,general_registry,"Land  Registry","Lands Registry"
200129,RES-2009-4345,general_registry,"Land  Registry","Lands Registry"
200130,RES-2009-4833,general_registry,"Land  Registry","Lands Registry"
200131,RES-2009-64,general_registry,"Land  Registry","Lands Registry"
200132,RES-1995-2896,general_registry,"Land  Registry","Lands Registry"
200133,RES-2022-1161,registry,,2
200133,RES-2022-1161,general_registry,"Land  Registry","Lands Registry"
200134,RES-2009-4832,general_registry,"Land  Registry","Lands Registry"
200135,CON-RES-2012-492,general_registry,"Land  Registry","Lands Registry"
200136,RES-2009-4835,general_registry,"Land  Registry","Lands Registry"
200137,RES-2009-1890,general_registry,"Land  Registry","Lands Registry"
200138,RES-2009-4763,general_registry,"Land  Registry","Lands Registry"
200139,RES-2009-4809,general_registry,"Land  Registry","Lands Registry"
200141,RES-2009-4808,general_registry,"Land  Registry","Lands Registry"
200142,RES-2009-4768,general_registry,"Land  Registry","Lands Registry"
200143,RES-2009-4810,general_registry,"Land  Registry","Lands Registry"
200144,RES-2009-7816,general_registry,"Land  Registry","Lands Registry"
200145,RES-2009-4795,general_registry,"Land  Registry","Lands Registry"
200146,CON-COM-2018-84,general_registry,"Land  Registry","Lands Registry"
200147,RES-2009-6067,general_registry,"Land  Registry","Lands Registry"
200148,RES-2009-7818,general_registry,"Land  Registry","Lands Registry"
200150,RES-2009-4802,general_registry,"Land  Registry","Lands Registry"
200152,RES-2009-7880,general_registry,"Land  Registry","Lands Registry"
200154,RES-2009-7858,general_registry,"Land  Registry","Lands Registry"
200155,RES-2009-66,general_registry,"Land  Registry","Lands Registry"
200156,RES-2009-69,general_registry,"Land  Registry","Lands Registry"
200158,RES-2009-6411,general_registry,"Land  Registry","Lands Registry"
200159,RES-2009-67,general_registry,"Land  Registry","Lands Registry"
200160,RES-2009-4794,general_registry,"Land  Registry","Lands Registry"
200161,RES-2009-4786,general_registry,"Land  Registry","Lands Registry"
200162,CON-AG-2016-134,general_registry,"Land  Registry","Lands Registry"
200163,RES-2009-70,registry,,2
200163,RES-2009-70,general_registry,"Land  Registry","Lands Registry"
200164,RES-2000-2133,general_registry,"Land  Registry","Lands Registry"
200167,RES-2009-7856,general_registry,"Land  Registry","Lands Registry"
200168,RES-2009-4785,general_registry,"Land  Registry","Lands Registry"
200169,RES-2009-4792,general_registry,"Land  Registry","Lands Registry"
200170,RES-2009-6410,general_registry,"Land  Registry","Lands Registry"
200172,RES-2009-4803,general_registry,"Land  Registry","Lands Registry"
200173,RES-2009-68,general_registry,"Land  Registry","Lands Registry"
200174,RES-2009-7854,general_registry,"Land  Registry","Lands Registry"
200175,RES-2009-6401,general_registry,"Land  Registry","Lands Registry"
200176,RES-2009-4791,general_registry,"Land  Registry","Lands Registry"
200177,RES-2009-71,general_registry,"Land  Registry","Lands Registry"
200178,RES-2009-65,general_registry,"Land  Registry","Lands Registry"
200179,RES-2009-4784,general_registry,"Land  Registry","Lands Registry"
200180,RES-2009-4790,general_registry,"Land  Registry","Lands Registry"
200182,RES-2009-4805,general_registry,"Land  Registry","Lands Registry"
200183,RES-2009-4807,general_registry,"Land  Registry","Lands Registry"
200184,RES-2009-7850,general_registry,"Land  Registry","Lands Registry"
200185,RES-2009-73,general_registry,"Land  Registry","Lands Registry"
200187,COM-2021-133,general_registry,"Land  Registry","Lands Registry"
200191,RES-2026-3733,registry,,2
200191,RES-2026-3733,general_registry,,"Lands Registry"
200191,RES-2026-3733,physical_registry,,"Registry 2 - Land"
200192,RES-2026-3734,registry,,2
200192,RES-2026-3734,general_registry,,"Lands Registry"
200192,RES-2026-3734,physical_registry,,"Registry 2 - Land"
200193,RES-2026-3735,registry,,2
200193,RES-2026-3735,general_registry,,"Lands Registry"
200193,RES-2026-3735,physical_registry,,"Registry 2 - Land"
200194,RES-2026-3736,registry,,2
200194,RES-2026-3736,general_registry,,"Lands Registry"
200194,RES-2026-3736,physical_registry,,"Registry 2 - Land"
200195,RES-2026-3737,registry,,2
200195,RES-2026-3737,general_registry,,"Lands Registry"
200195,RES-2026-3737,physical_registry,,"Registry 2 - Land"
200196,RES-2026-3738,registry,,2
200196,RES-2026-3738,general_registry,,"Lands Registry"
200196,RES-2026-3738,physical_registry,,"Registry 2 - Land"
200197,RES-2026-3739,registry,,2
200197,RES-2026-3739,general_registry,,"Lands Registry"
200197,RES-2026-3739,physical_registry,,"Registry 2 - Land"
200198,RES-2026-3740,registry,,2
200198,RES-2026-3740,general_registry,,"Lands Registry"
200198,RES-2026-3740,physical_registry,,"Registry 2 - Land"
200199,RES-2026-3741,registry,,2
200199,RES-2026-3741,general_registry,,"Lands Registry"
200199,RES-2026-3741,physical_registry,,"Registry 2 - Land"
200200,RES-2026-3742,registry,,2
200200,RES-2026-3742,general_registry,,"Lands Registry"
200200,RES-2026-3742,physical_registry,,"Registry 2 - Land"
200201,RES-2026-3743,registry,,2
200201,RES-2026-3743,general_registry,,"Lands Registry"
200201,RES-2026-3743,physical_registry,,"Registry 2 - Land"
200202,RES-2026-3744,registry,,2
200202,RES-2026-3744,general_registry,,"Lands Registry"
200202,RES-2026-3744,physical_registry,,"Registry 2 - Land"
200224,IND-RC-1982-65(T),registry,,1
200224,IND-RC-1982-65(T),general_registry,,"Lands Registry"
200224,IND-RC-1982-65(T),physical_registry,,"Registry 1 - Land"
200225,RES-RC-1982-1515(T),registry,,1
200225,RES-RC-1982-1515(T),general_registry,,"Lands Registry"
200225,RES-RC-1982-1515(T),physical_registry,,"Registry 1 - Land"
200226,COM-2005-616,registry,,1
200226,COM-2005-616,general_registry,,"Lands Registry"
200226,COM-2005-616,physical_registry,,"Registry 1 - Land"
200227,COM-2001-193,registry,,1
200227,COM-2001-193,general_registry,,"Lands Registry"
200227,COM-2001-193,physical_registry,,"Registry 1 - Land"
200229,RES-1991-3781,registry,,1
200229,RES-1991-3781,general_registry,,"Lands Registry"
200229,RES-1991-3781,physical_registry,,"Registry 1 - Land"
200230,CON-IND-2000-2,registry,,3
200230,CON-IND-2000-2,general_registry,,"Lands Registry"
200230,CON-IND-2000-2,physical_registry,,"Registry 3 - Land"
200231,COM-2007-162,registry,,1
200231,COM-2007-162,general_registry,,"Lands Registry"
200231,COM-2007-162,physical_registry,,"Registry 1 - Land"
200232,RES-2006-1267,registry,,2
200232,RES-2006-1267,general_registry,,"Lands Registry"
200232,RES-2006-1267,physical_registry,,"Registry 2 - Land"
200233,RES-2015-4750,registry,,2
200233,RES-2015-4750,general_registry,,"Lands Registry"
200233,RES-2015-4750,physical_registry,,"Registry 2 - Land"
200234,COM-2009-142,registry,,1
200234,COM-2009-142,general_registry,,"Lands Registry"
200234,COM-2009-142,physical_registry,,"Registry 1 - Land"
200235,RES-2001-4365,registry,,2
200235,RES-2001-4365,general_registry,,"Lands Registry"
200235,RES-2001-4365,physical_registry,,"Registry 2 - Land"
200239,COM-2011-162,registry,,1
200239,COM-2011-162,general_registry,,"Lands Registry"
200239,COM-2011-162,physical_registry,,"Registry 1 - Land"
200244,RES-1981-1338,registry,,1
200244,RES-1981-1338,general_registry,,"Lands Registry"
200244,RES-1981-1338,physical_registry,,"Registry 1 - Land"
200248,IND-1981-3,registry,,1
200248,IND-1981-3,general_registry,,"Lands Registry"
200248,IND-1981-3,physical_registry,,"Registry 1 - Land"
200250,COM-2002-2374,registry,,1
200250,COM-2002-2374,general_registry,,"Lands Registry"
200250,COM-2002-2374,physical_registry,,"Registry 1 - Land"
200251,RES-1993-3233,registry,,2
200251,RES-1993-3233,general_registry,,"Lands Registry"
200251,RES-1993-3233,physical_registry,,"Registry 2 - Land"
200258,RES-2000-1741,registry,,2
200258,RES-2000-1741,general_registry,,"Lands Registry"
200258,RES-2000-1741,physical_registry,,"Registry 2 - Land"
200276,COM-2022-174,registry,,1
200276,COM-2022-174,general_registry,,"Lands Registry"
200276,COM-2022-174,physical_registry,,"Registry 1 - Land"
200277,CON-COM-1981-55,registry,,3
200277,CON-COM-1981-55,general_registry,,"Lands Registry"
200277,CON-COM-1981-55,physical_registry,,"Registry 3 - Land"
200278,COM-2002-2378,registry,,1
200278,COM-2002-2378,general_registry,,"Lands Registry"
200278,COM-2002-2378,physical_registry,,"Registry 1 - Land"
200279,COM-2002-1286,registry,,1
200279,COM-2002-1286,general_registry,,"Lands Registry"
200279,COM-2002-1286,physical_registry,,"Registry 1 - Land"
200282,RES-2001-1506,registry,,2
200282,RES-2001-1506,general_registry,,"Lands Registry"
200282,RES-2001-1506,physical_registry,,"Registry 2 - Land"
200283,RES-2000-4829,registry,,2
200283,RES-2000-4829,general_registry,,"Lands Registry"
200283,RES-2000-4829,physical_registry,,"Registry 2 - Land"
200284,RES-1987-776,registry,,1
200284,RES-1987-776,general_registry,,"Lands Registry"
200284,RES-1987-776,physical_registry,,"Registry 1 - Land"
200285,RES-1983-1144,registry,,1
200285,RES-1983-1144,general_registry,,"Lands Registry"
200285,RES-1983-1144,physical_registry,,"Registry 1 - Land"
200286,RES-2000-1400,registry,,2
200286,RES-2000-1400,general_registry,,"Lands Registry"
200286,RES-2000-1400,physical_registry,,"Registry 2 - Land"
200287,COM-1998-7,registry,,1
200287,COM-1998-7,general_registry,,"Lands Registry"
200287,COM-1998-7,physical_registry,,"Registry 1 - Land"
200292,COM-2001-741,registry,,1
200292,COM-2001-741,general_registry,,"Lands Registry"
200292,COM-2001-741,physical_registry,,"Registry 1 - Land"
200293,RES-RC-1988-73,registry,,1
200293,RES-RC-1988-73,general_registry,,"Lands Registry"
200293,RES-RC-1988-73,physical_registry,,"Registry 1 - Land"
200294,CON-IND-2024-207,registry,,3
200294,CON-IND-2024-207,general_registry,,"Lands Registry"
200294,CON-IND-2024-207,physical_registry,,"Registry 3 - Land"
200295,CON-RES-2003-11,registry,,3
200295,CON-RES-2003-11,general_registry,,"Lands Registry"
200295,CON-RES-2003-11,physical_registry,,"Registry 3 - Land"
