"range_no","file_number","requested_batch","requested_rack","indexing_status","indexing_ids","stored_file_numbers","print_status","print_batches","printed_dates","grouping_ids","grouping_indexed","actual_registry_batches"
"6","MLKN 2274","46","C6","Indexed","144283","MLKN 2274","No label print record found","","","9094","0","46"
"8","MLKN 3052","","","Indexed","149657","MLKN 3052","No label print record found","","","12206","1","62"
"8","MLKN 3053","","","Indexed","149625","MLKN 3053","No label print record found","","","12210","1","62"
"8","MLKN 3054","","","Indexed","159105","MLKN 3054","No label print record found","","","12214","1","62"
"8","MLKN 3055","","","Indexed","150292","MLKN 3055","No label print record found","","","12218","1","62"
"8","MLKN 3056","","","Indexed","150317","MLKN 3056","No label print record found","","","12222","1","62"
"8","MLKN 3057","","","Indexed","150222","MLKN 3057","No label print record found","","","12226","1","62"
"8","MLKN 3058","","","Indexed","150277","MLKN 3058","No label print record found","","","12230","1","62"
"8","MLKN 3059","","","Indexed","150302","MLKN 3059","No label print record found","","","12234","1","62"
"8","MLKN 3060","","","Indexed","149515","MLKN 3060","No label print record found","","","12238","1","62"
"8","MLKN 3061","","","Indexed","149500","MLKN 3061","No label print record found","","","12242","1","62"
"8","MLKN 3062","","","Indexed","148330","MLKN 3062","No label print record found","","","12246","1","62"
"8","MLKN 3063","","","Indexed","150255","MLKN 3063","No label print record found","","","12250","1","62"
"8","MLKN 3064","","","Indexed","150296","MLKN 3064","No label print record found","","","12254","1","62"
"8","MLKN 3065","","","Indexed","149485","MLKN 3065","No label print record found","","","12258","1","62"
"8","MLKN 3067","","","Indexed","167544","MLKN 3067","No label print record found","","","12266","1","62"
"8","MLKN 3068","","","Indexed","173021","MLKN 3068","No label print record found","","","12269;12270","0","62"
"8","MLKN 3069","","","Indexed","149476","MLKN 3069","No label print record found","","","12274","1","62"
"8","MLKN 3070","","","Indexed","149661","MLKN 3070","No label print record found","","","12278","1","62"
"8","MLKN 3071","","","Indexed","149673","MLKN 3071","No label print record found","","","12282","1","62"
"8","MLKN 3072","","","Indexed","149623","MLKN 3072","No label print record found","","","12286","1","62"
"8","MLKN 3073","","","Indexed","149650","MLKN 3073","No label print record found","","","12290","1","62"
"8","MLKN 3074","","","Indexed","150148","MLKN 3074","No label print record found","","","12294","1","62"
"8","MLKN 3075","","","Indexed","162726","MLKN 3075","No label print record found","","","12298","1","62"
"8","MLKN 3076","","","Indexed","162774","MLKN 3076","No label print record found","","","12302","1","62"
"8","MLKN 3077","","","Indexed","150243","MLKN 3077","No label print record found","","","12306","1","62"
"8","MLKN 3079","","","Indexed","150282","MLKN 3079","No label print record found","","","12314","1","62"
"8","MLKN 3080","","","Indexed","149530","MLKN 3080","No label print record found","","","12318","1","62"
"8","MLKN 3081","","","Indexed","149635","MLKN 3081","No label print record found","","","12322","1","62"
"8","MLKN 3082","","","Indexed","150238","MLKN 3082","No label print record found","","","12326","1","62"
"8","MLKN 3084","","","Indexed","149613","MLKN 3084","No label print record found","","","12334","1","62"
"8","MLKN 3085","","","Indexed","150234","MLKN 3085","No label print record found","","","12338","1","62"
"8","MLKN 3086","","","Indexed","149572","MLKN 3086","No label print record found","","","12342","1","62"
"8","MLKN 3089","","","Indexed","149606","MLKN 3089","No label print record found","","","12354","1","62"
"8","MLKN 3091","","","Indexed","149640","MLKN 3091","No label print record found","","","12362","1","62"
"8","MLKN 3092","","","Indexed","121566","MLKN 3092","No label print record found","","","12366","1","62"
"8","MLKN 3093","","","Indexed","149557","MLKN 3093","No label print record found","","","12370","1","62"
"8","MLKN 3095","","","Indexed","149584;177524","MLKN 3095_1;MLKN 3095_2","No label print record found","","","12378;600186","1","62"
"8","MLKN 3096","","","Indexed","150288","MLKN 3096","No label print record found","","","12382","1","62"
"8","MLKN 3097","","","Indexed","150311","MLKN 3097","No label print record found","","","12386","1","62"
"8","MLKN 3098","","","Indexed","150250","MLKN 3098","No label print record found","","","12390","1","62"
"8","MLKN 3099","","","Indexed","149539","MLKN 3099","No label print record found","","","12394","1","62"
"8","MLKN 3100","","","Indexed","149462","MLKN 3100","No label print record found","","","12398","1","62"
"8","MLKN 3171","","","Indexed","195689","MLKN 3171","No label print record found","","","12682","1","64"
"8","MLKN 3182","","","Indexed","131696","MLKN 3182","No label print record found","","","12726","1","64"
"8","MLKN 3183","","","Indexed","169886","MLKN 3183","No label print record found","","","12730","1","64"
"8","MLKN 3198","","","Indexed","185727","MLKN 3198","No label print record found","","","12790","1","64"
"8","MLKN 3212","","","Indexed","164754","MLKN 3212","No label print record found","","","12846","1","65"
"8","MLKN 3234","","","Indexed","193279","MLKN 3234","No label print record found","","","12934","1","65"
"8","MLKN 3298","","","Indexed","186085","MLKN 3298","No label print record found","","","13190","1","66"
"8","MLKN 3337","","","Indexed","182323","MLKN 3337","No label print record found","","","13346","1","67"
"8","MLKN 3338","","","Indexed","182480","MLKN 3338","No label print record found","","","13350","1","67"
"8","MLKN 3344","","","Indexed","125368","MLKN 3344","No label print record found","","","13374","0","67"
"8","MLKN 3353","","","Indexed","174181","MLKN 3353","No label print record found","","","13410","1","68"
"8","MLKN 3358","","","Indexed","170275","MLKN 3358","No label print record found","","","13430","1","68"
"8","MLKN 3365","","","Indexed","166241","MLKN 3365","No label print record found","","","13458","1","68"
"8","MLKN 3366","","","Indexed","175438","MLKN 3366","No label print record found","","","13462","1","68"
"8","MLKN 3384","","","Indexed","163844","MLKN 3384","No label print record found","","","13534","1","68"
"8","MLKN 3385","","","Indexed","172939","MLKN 3385","No label print record found","","","13538","1","68"
"8","MLKN 3386","","","Indexed","188101","MLKN 3386","No label print record found","","","13542","1","68"
"8","MLKN 3388","","","Indexed","171095","MLKN 3388","No label print record found","","","13550","1","68"
"8","MLKN 3391","","","Indexed","189404","MLKN 3391","No label print record found","","","13562","1","68"
"8","MLKN 3392","","","Indexed","189317","MLKN 3392","No label print record found","","","13566","1","68"
"8","MLKN 3401","","","Indexed","141525","MLKN 3401","No label print record found","","","13602","1","69"
"8","MLKN 3403","","","Indexed","141089","MLKN 3403","No label print record found","","","13610","1","69"
"8","MLKN 3404","","","Indexed","145600","MLKN 3404","No label print record found","","","13614","1","69"
"8","MLKN 3407","","","Indexed","141319","MLKN 3407","No label print record found","","","13626","1","69"
"8","MLKN 3408","","","Indexed","141171","MLKN 3408","No label print record found","","","13630","1","69"
"8","MLKN 3409","","","Indexed","141247","MLKN 3409","No label print record found","","","13634","1","69"
"8","MLKN 3410","","","Indexed","140907","MLKN 3410","No label print record found","","","13638","1","69"
"8","MLKN 3411","","","Indexed","141433","MLKN 3411","No label print record found","","","13642","1","69"
"8","MLKN 3412","","","Indexed","145950","MLKN 3412","No label print record found","","","13646","1","69"
"8","MLKN 3413","","","Indexed","145977","MLKN 3413","No label print record found","","","13650","1","69"
"8","MLKN 3414","","","Indexed","141285","MLKN 3414","No label print record found","","","13654","1","69"
"8","MLKN 3415","","","Indexed","169376","MLKN 3415","No label print record found","","","13658","1","69"
"8","MLKN 3416","","","Indexed","170439","MLKN 3416","No label print record found","","","13662","1","69"
"8","MLKN 3417","","","Indexed","140956","MLKN 3417","No label print record found","","","13666","1","69"
"8","MLKN 3418","","","Indexed","140928","MLKN 3418","No label print record found","","","13670","1","69"
"8","MLKN 3419","","","Indexed","146068","MLKN 3419","No label print record found","","","13674","1","69"
"8","MLKN 3420","","","Indexed","145886","MLKN 3420","No label print record found","","","13678","1","69"
"8","MLKN 3421","","","Indexed","145939","MLKN 3421","No label print record found","","","13682","1","69"
"8","MLKN 3423","","","Indexed","141131","MLKN 3423","No label print record found","","","13690","1","69"
"8","MLKN 3424","","","Indexed","141218","MLKN 3424","No label print record found","","","13694;600099","1","69"
"8","MLKN 3425","","","Indexed","141056","MLKN 3425","No label print record found","","","13698","1","69"
"8","MLKN 3426","","","Indexed","140832","MLKN 3426","No label print record found","","","13702","1","69"
"8","MLKN 3427","","","Indexed","145927","MLKN 3427","No label print record found","","","13706","1","69"
"8","MLKN 3429","","","Indexed","141277","MLKN 3429","No label print record found","","","13714","1","69"
"8","MLKN 3430","","","Indexed","145962","MLKN 3430","No label print record found","","","13718","1","69"
"8","MLKN 3431","","","Indexed","140991","MLKN 3431","No label print record found","","","13722","1","69"
"8","MLKN 3432","","","Indexed","141115","MLKN 3432","No label print record found","","","13726","1","69"
"8","MLKN 3433","","","Indexed","118573","MLKN 3433","No label print record found","","","13730","1","69"
"8","MLKN 3434","","","Indexed","141026","MLKN 3434","No label print record found","","","13734","1","69"
"8","MLKN 3437","","","Indexed","146124","MLKN 3437","No label print record found","","","13746","1","69"
"8","MLKN 3438","","","Indexed","167828","MLKN 3438","No label print record found","","","13750","1","69"
"8","MLKN 3440","","","Indexed","141148","MLKN 3440","No label print record found","","","13758","1","69"
"8","MLKN 3441","","","Indexed","141256","MLKN 3441","No label print record found","","","13762","1","69"
"8","MLKN 3445","","","Indexed","141201","MLKN 3445","No label print record found","","","13778","1","69"
"8","MLKN 3449","","","Indexed","146054","MLKN 3449","No label print record found","","","13794","1","69"
"8","MLKN 3450","","","Indexed","141530","MLKN 3450","No label print record found","","","13798","1","69"
"9","MLKN 3630","73","D9","Indexed","164453","MLKN 3630","No label print record found","","","14518","0","73"
"10","MLKN 3708","75","D11","Indexed","144052","MLKN 3708","No label print record found","","","14830","0","75"
