regrant_file_number,regrant_file_title,parent_file_number
COM-1990-33,"ALH. SHARIFF A. IBRAHIM",COM-RC-1983-12
COM-1995-91,"OSMAN EL TAYEB EL-RAYAH",COM-RC-1982-110
COM-2002-98,"LEBANON MEDICAL CARE CENTRE",COM-RC-1982-470
COM-2007-52,"BABA DAN BAPPA NIG. LTD",COM-RC-1988-9
COM-2012-1,"EMERGING MARKET TELECOMMUNICATION SERVICES LTD",COM-RC-1982-498
COM-2012-125,"BABA KAKA UMAR",COM-RC-1986-20
COM-2012-39,"ALHAJI ADO SHEHU MAIBARGO",COM-RC-1983-58
COM-2012-44,"ALH ISA ABDULLAHI NUHU",COM-RC-1982-351
COM-2012-54,"ALH.  UMARU UBA KULO",COM-RC-1987-13
COM-2012-86,"ALH. DALHA GARBA",COM-RC-1991-1
COM-2013-69,"ALH ZUBAIRU SA'IDU",COM-RC-1982-244
COM-2014-14,"BASHIR OTHMAN TOFA",COM-RC-1982-286
COM-2016-164,"KAFIN KAFI LTD",COM-RC-1982-232
COM-2017-4,"FEDCO FOAM NIG LIMITED",COM-RC-1982-138
COM-2017-89,"N. STEPHEN BUILDING CO. LTD",COM-1988-15
COM-2018-14,"ALHAJI LABARAN NA KYAUTA",COM-RC-2004-2
COM-2018-154,"OANDO NIGERIA PLC",COM-RC-1982-413
COM-2018-20,"ALHAJI AMINU IBRAHIM AND SONS",COM-RC-1982-192
COM-2018-56,"ABDULKADIR A. IBRAHIM",COM-RC-1982-301
COM-2018-57,"ABDULKADIR A. IBRAHIM",COM-RC-1982-302
COM-2018-89,"ALH GAMBO DANPASS",COM-RC-1982-520
COM-2020-150,"YUSUF USMAN GALADIMA",COM-RC-1983-42
COM-2022-187,"ALH RABIU GAMBO",COM-RC-1982-503
COM-2024-676,"MR CHURUZO CHRISTIAN HARRISON",COM-2008-134
COM-2025-1,"ABUBAKAR SAIDU SUFI",COM-2007-191
COM-RC-1982-138,"FEDCO FOAM NIG LIMITED",COM-2017-4
COM-RC-1982-244,"ALH ZUBAIRU SA'IDU",COM-2013-69
COM-RC-1982-286,"ALH BASHIR O TOFA",COM-2014-14
COM-RC-1982-351,"ALH ISA ABDULLAHI NUHU",COM-2012-44
COM-RC-1982-356,"ALH. HAMZA ABDULLAHI UMAR",COM-2009-92
COM-RC-1982-393,"ALHAJI MAHAMUDU RABIU SIPIKIN",COM-2016-370
COM-RC-1982-520,"ALH GAMBO DANPASS",COM-2018-89
COM-RC-1982-537,"ALH SHARIF UBA",COM-2017-18
COM-RC-1982-540,"ALHAJI SHARIF UBA",COM-2017-19
COM-RC-1987-13,"ALH. UMARU UBA KULO",COM-2012-54
CON-AG-2019-101,"HISHAM FAISAL SHAHIMI",AG-RC-1982-68
CON-COM-2016-56,"BABA DANBAPPA",CON-COM-RC-1982-101
CON-COM-2018-191,"MUNNIR BABBA DAN AGUNDI",CON-COM-1983-102
CON-COM-2019-47,"MUWAFFAQ GLOBAL IMPULSE LTD",CON-COM-RC-1982-6
CON-COM-2026-15,"OSUNAGRI COMMODITIES AND EXPORT LTD",CON-COM-2024-497
CON-COM-2026-16,"OSUN AGRI COMMODITIES AND EXPORT LTD",CON-COM-2021-268
CON-COM-2026-17,"OSUN AGRI COMMODITIES AND EXPORT LTD",CON-COM-2021-267
CON-COM-2026-632,"A.D.S INVESTMENT LTD",CON-COM-1990-78
IND-1982-143,"TRIUMPH NIGERIA LIMITED",IND-2016-143
IND-2010-21,"YAKASAI GROUP OF COMPANIES",IND-2018-24
IND-2016-2,"TRIUMPH NIGERIA LIMITED",IND-1982-143
IND-2018-21,"MOHAMMED AMIN FADALLAH & 3 OTHERS",IND-RC-1982-52
IND-2018-22,"BSV INDUSTRIES LTD",IND-2013-8
IND-2018-24,"FORTUNE RICE PROCESSING",IND-2010-24
IND-2018-25,"FORTUNE RICE PROCESSING MILL NIG LTD",IND-2010-22
IND-2020-15,"W.J BUSH AND CO. NIGERIA LIMITED",IND-1982-34
IND-2023-351,"PETRICHOR INDS. LTD",IND-1982-22
IND-2023-354,"PETRIOCHOR INDUSTRIES LIMITED",IND-2009-6
IND-2026-5,"GERAWA OIL MILLS NIG LTD",IND-1982-22
KN2847,"LEBANON MEDICAL CARE CENTRE",COM-RC-1982-470
"MLKN 2238","DIAMOND SUPER SACK LTD","MLKN 875"
RES-1995-2064,"NORTHLAND YARD LTD",RES-RC-1982-1017
RES-2001-3586,"ALH LAWAN ABBA",RES-RC-1984-22
RES-2002-141,"AL-MUNTADA AL-ISLAMIC TRUST",COM-2005-17
RES-2018-2819,"ALHAJI YUSUF KJ NJIE",RES-RC-1987-34
RES-RC-1982-1063,"MARIYA SANUSI DANTATA",RES-2015-7156
