regrant_file_number,parent_file_number
COM-1990-33,COM-RC-1983-12
COM-1995-91,COM-RC-1982-110
COM-2002-98,COM-RC-1982-470
COM-2007-52,COM-RC-1988-9
COM-2012-1,COM-RC-1982-498
COM-2012-125,COM-RC-1986-20
COM-2012-39,COM-RC-1983-58
COM-2012-44,COM-RC-1982-351
COM-2012-54,COM-RC-1987-13
COM-2012-86,COM-RC-1991-1
COM-2013-69,COM-RC-1982-244
COM-2014-14,COM-RC-1982-286
COM-2016-164,COM-RC-1982-232
COM-2017-4,COM-RC-1982-138
COM-2017-89,COM-1988-15
COM-2018-14,COM-RC-2004-2
COM-2018-154,COM-RC-1982-413
COM-2018-20,COM-RC-1982-192
COM-2018-56,COM-RC-1982-301
COM-2018-57,COM-RC-1982-302
COM-2018-89,COM-RC-1982-520
COM-2020-150,COM-RC-1983-42
COM-2022-187,COM-RC-1982-503
COM-2024-676,COM-2008-134
COM-2025-1,COM-2007-191
COM-2009-92,COM-RC-1982-356
COM-2016-370,COM-RC-1982-393
COM-2017-18,COM-RC-1982-537
COM-2017-19,COM-RC-1982-540
CON-AG-2019-101,AG-RC-1982-68
CON-COM-RC-1982-101,CON-COM-2016-56
CON-COM-2018-191,CON-COM-1983-102
CON-COM-2019-47,CON-COM-RC-1982-6
CON-COM-2026-632,CON-COM-1990-78
IND-2016-143,IND-1982-143
IND-2016-2,IND-1982-143
IND-2018-24,IND-2010-21
IND-2018-21,IND-RC-1982-52
IND-2018-22,IND-2013-8
IND-2018-24,IND-2010-24
IND-2018-25,IND-2010-22
IND-2020-15,IND-1982-34
IND-2023-351,IND-1982-22
IND-2026-5,IND-1982-22
IND-2023-354,IND-2009-6
RES-1995-2064,RES-RC-1982-1017
RES-2001-3586,RES-RC-1984-22
RES-2018-2819,RES-RC-1987-34
RES-2015-7156,RES-RC-1982-1063
