id,file_number_id,file_no,mls_file_no,kangis_file_no,new_kangis_file_no,file_name,commissioning_date,decommissioning_date,decommissioning_reason,decommissioned_by,created_at,updated_at,false_decommissioning,successor_file_no,event_type
4866,169423,CON-COM-1990-78,CON-COM-1990-78,,,"A.D.S INVESTMENT LTD",,"2026-09-21 06:07:52.980","Re-grant → CON-COM-2026-632","System (Re-grant report catch-up)","2026-09-21 06:07:52.980","2026-09-21 06:07:52.980",0,CON-COM-2026-632,parcel_update_new
4867,158304,IND-1982-22,IND-1982-22,,KN4305,"PETRICHOR INDS. LTD",,"2026-09-21 06:07:56.900","Re-grant → IND-2026-5, IND-2023-351","System (Re-grant report catch-up)","2026-09-21 06:07:56.900","2026-09-21 06:07:56.900",0,"IND-2026-5, IND-2023-351",parcel_update_new
4868,161891,COM-RC-1982-110,COM-RC-1982-110,,,"OSMAN EL-TAYEB EL-RAYAH",,"2026-09-21 06:08:06.133","Re-grant → COM-1995-91","System (Re-grant report catch-up)","2026-09-21 06:08:06.133","2026-09-21 06:08:06.133",0,COM-1995-91,parcel_update_new
4869,105922,COM-RC-1988-9,COM-RC-1988-9,,,"BABA DAN BAPPA LIMITED",,"2026-09-21 06:08:10.263","Re-grant → COM-2007-52","System (Re-grant report catch-up)","2026-09-21 06:08:10.263","2026-09-21 06:08:10.263",0,COM-2007-52,parcel_update_new
4870,133785,COM-RC-1986-20,COM-RC-1986-20,,,"BABA KAKA UMAR",,"2026-09-21 06:08:18.280","Re-grant → COM-2012-125","System (Re-grant report catch-up)","2026-09-21 06:08:18.280","2026-09-21 06:08:18.280",0,COM-2012-125,parcel_update_new
4871,153326,COM-RC-1983-58,COM-RC-1983-58,,,"ALHAJI ADO SHEHU MAIBARGO",,"2026-09-21 06:08:21.267","Re-grant → COM-2012-39","System (Re-grant report catch-up)","2026-09-21 06:08:21.267","2026-09-21 06:08:21.267",0,COM-2012-39,parcel_update_new
4872,143863,COM-RC-1991-1,COM-RC-1991-1,,,"ALHAJI DALHA GARBA",,"2026-09-21 06:08:25.303","Re-grant → COM-2012-86","System (Re-grant report catch-up)","2026-09-21 06:08:25.303","2026-09-21 06:08:25.303",0,COM-2012-86,parcel_update_new
4873,121816,COM-RC-1982-232,COM-RC-1982-232,,,"LANDMARK SAVING & LOANS LTD",,"2026-09-21 06:08:29.783","Re-grant → COM-2016-164","System (Re-grant report catch-up)","2026-09-21 06:08:29.783","2026-09-21 06:08:29.783",0,COM-2016-164,parcel_update_new
4874,59565,COM-1988-15,COM-1988-15,,,"ALHAJI MOHAMMED SANI GWARZO",,"2026-09-21 06:08:33.013","Re-grant → COM-2017-89","System (Re-grant report catch-up)","2026-09-21 06:08:33.013","2026-09-21 06:08:33.013",0,COM-2017-89,parcel_update_new
4875,161888,COM-RC-2004-2,COM-RC-2004-2,,,"ALH. LABARAN NA KYAUTA",,"2026-09-21 06:08:35.610","Re-grant → COM-2018-14","System (Re-grant report catch-up)","2026-09-21 06:08:35.610","2026-09-21 06:08:35.610",0,COM-2018-14,parcel_update_new
4876,153121,COM-RC-1982-413,COM-RC-1982-413,,,"UNIPETROL NIG PLC",,"2026-09-21 06:08:40.480","Re-grant → COM-2018-154","System (Re-grant report catch-up)","2026-09-21 06:08:40.480","2026-09-21 06:08:40.480",0,COM-2018-154,parcel_update_new
4877,162031,COM-RC-1982-192,COM-RC-1982-192,,,"ALHAJI AMINU IBRAHIM AND SONS",,"2026-09-21 06:08:44.617","Re-grant → COM-2018-20","System (Re-grant report catch-up)","2026-09-21 06:08:44.617","2026-09-21 06:08:44.617",0,COM-2018-20,parcel_update_new
4878,102714,COM-RC-1982-301,COM-RC-1982-301,,,"ALHAJI AMNU DANTATA",,"2026-09-21 06:08:48.757","Re-grant → COM-2018-56","System (Re-grant report catch-up)","2026-09-21 06:08:48.757","2026-09-21 06:08:48.757",0,COM-2018-56,parcel_update_new
4879,104996,COM-RC-1982-302,COM-RC-1982-302,,,"ALHAJI AMINU DANTATA",,"2026-09-21 06:08:52.340","Re-grant → COM-2018-57","System (Re-grant report catch-up)","2026-09-21 06:08:52.340","2026-09-21 06:08:52.340",0,COM-2018-57,parcel_update_new
4880,105286,COM-RC-1983-42,COM-RC-1983-42,,,"ALH AMINU AHMAD",,"2026-09-21 06:08:55.050","Re-grant → COM-2020-150","System (Re-grant report catch-up)","2026-09-21 06:08:55.050","2026-09-21 06:08:55.050",0,COM-2020-150,parcel_update_new
4881,136713,COM-2008-134,COM-2008-134,,,"MR CHRISTIAN .H. OHURUZO",,"2026-09-21 06:08:58.957","Re-grant → COM-2024-676","System (Re-grant report catch-up)","2026-09-21 06:08:58.957","2026-09-21 06:08:58.957",0,COM-2024-676,parcel_update_new
4882,148841,COM-2009-92,COM-2009-92,,,"ALH. HAMZA ABDULLAHI UMAR",,"2026-09-21 06:09:02.613","Re-grant → COM-RC-1982-356","System (Re-grant report catch-up)","2026-09-21 06:09:02.613","2026-09-21 06:09:02.613",0,COM-RC-1982-356,parcel_update_new
4883,73897,COM-2016-370,COM-2016-370,,,"AHAJI MUHAMMADU RABIU SIPIKIN",,"2026-09-21 06:09:09.277","Re-grant → COM-RC-1982-393","System (Re-grant report catch-up)","2026-09-21 06:09:09.277","2026-09-21 06:09:09.277",0,COM-RC-1982-393,parcel_update_new
4884,73897,COM-2016-370,COM-2016-370,,,"AHAJI MUHAMMADU RABIU SIPIKIN",,"2026-09-21 06:09:10.410","Re-grant → COM-RC-1982-393","System (Re-grant report catch-up)","2026-09-21 06:09:10.410","2026-09-21 06:09:10.410",0,COM-RC-1982-393,parcel_update_new
4885,143352,COM-2017-18,COM-2017-18,,,"ALHAJI SHARIF UBA",,"2026-09-21 06:09:14.310","Re-grant → COM-RC-1982-537","System (Re-grant report catch-up)","2026-09-21 06:09:14.310","2026-09-21 06:09:14.310",0,COM-RC-1982-537,parcel_update_new
4886,143352,COM-2017-18,COM-2017-18,,,"ALHAJI SHARIF UBA",,"2026-09-21 06:09:15.587","Re-grant → COM-RC-1982-537","System (Re-grant report catch-up)","2026-09-21 06:09:15.587","2026-09-21 06:09:15.587",0,COM-RC-1982-537,parcel_update_new
4887,143351,COM-2017-19,COM-2017-19,,,"ALHAJI SHARIF UBA",,"2026-09-21 06:09:19.497","Re-grant → COM-RC-1982-540","System (Re-grant report catch-up)","2026-09-21 06:09:19.497","2026-09-21 06:09:19.497",0,COM-RC-1982-540,parcel_update_new
4888,143351,COM-2017-19,COM-2017-19,,,"ALHAJI SHARIF UBA",,"2026-09-21 06:09:20.593","Re-grant → COM-RC-1982-540","System (Re-grant report catch-up)","2026-09-21 06:09:20.593","2026-09-21 06:09:20.593",0,COM-RC-1982-540,parcel_update_new
4889,128360,AG-RC-1982-68,AG-RC-1982-68,,,"HISHAM FAISAL SHAHIMI",,"2026-09-21 06:09:22.700","Re-grant → CON-AG-2019-101","System (Re-grant report catch-up)","2026-09-21 06:09:22.700","2026-09-21 06:09:22.700",0,CON-AG-2019-101,parcel_update_new
4890,128360,AG-RC-1982-68,AG-RC-1982-68,,,"HISHAM FAISAL SHAHIMI",,"2026-09-21 06:09:23.707","Re-grant → CON-AG-2019-101","System (Re-grant report catch-up)","2026-09-21 06:09:23.707","2026-09-21 06:09:23.707",0,CON-AG-2019-101,parcel_update_new
4891,159360,CON-COM-2024-497,CON-COM-2024-497,,,"OSUNAGRI COMMODITIES AND EXPORT LTD",,"2026-09-21 06:09:28.090","Re-grant → CON-COM-2026-15","System (Re-grant report catch-up)","2026-09-21 06:09:28.090","2026-09-21 06:09:28.090",0,CON-COM-2026-15,parcel_update_new
4892,159360,CON-COM-2024-497,CON-COM-2024-497,,,"OSUNAGRI COMMODITIES AND EXPORT LTD",,"2026-09-21 06:09:28.960","Re-grant → CON-COM-2026-15","System (Re-grant report catch-up)","2026-09-21 06:09:28.960","2026-09-21 06:09:28.960",0,CON-COM-2026-15,parcel_update_new
4893,159388,CON-COM-2021-268,CON-COM-2021-268,,,"OSUN AGRI COMMODITIES AND EXPORT LTD",,"2026-09-21 06:09:34.223","Re-grant → CON-COM-2026-16","System (Re-grant report catch-up)","2026-09-21 06:09:34.223","2026-09-21 06:09:34.223",0,CON-COM-2026-16,parcel_update_new
4894,159388,CON-COM-2021-268,CON-COM-2021-268,,,"OSUN AGRI COMMODITIES AND EXPORT LTD",,"2026-09-21 06:09:35.063","Re-grant → CON-COM-2026-16","System (Re-grant report catch-up)","2026-09-21 06:09:35.063","2026-09-21 06:09:35.063",0,CON-COM-2026-16,parcel_update_new
4895,159528,CON-COM-2021-267,CON-COM-2021-267,,,"OSUN AGRI COMMODITIES AND EXPORT LTD",,"2026-09-21 06:09:38.250","Re-grant → CON-COM-2026-17","System (Re-grant report catch-up)","2026-09-21 06:09:38.250","2026-09-21 06:09:38.250",0,CON-COM-2026-17,parcel_update_new
4896,159528,CON-COM-2021-267,CON-COM-2021-267,,,"OSUN AGRI COMMODITIES AND EXPORT LTD",,"2026-09-21 06:09:39.110","Re-grant → CON-COM-2026-17","System (Re-grant report catch-up)","2026-09-21 06:09:39.110","2026-09-21 06:09:39.110",0,CON-COM-2026-17,parcel_update_new
4897,126614,IND-2018-24,IND-2018-24,,,"FORTUNE RICE PROCESSING",,"2026-09-21 06:09:42.170","Re-grant → IND-2010-21","System (Re-grant report catch-up)","2026-09-21 06:09:42.170","2026-09-21 06:09:42.170",0,IND-2010-21,parcel_update_new
4898,126614,IND-2018-24,IND-2018-24,,,"FORTUNE RICE PROCESSING",,"2026-09-21 06:09:43.020","Re-grant → IND-2010-21","System (Re-grant report catch-up)","2026-09-21 06:09:43.020","2026-09-21 06:09:43.020",0,IND-2010-21,parcel_update_new
4899,125522,IND-1982-143,IND-1982-143,,,"TRIUMPH NIGERIA LIMITED",,"2026-09-21 06:09:49.410","Re-grant → IND-2016-2","System (Re-grant report catch-up)","2026-09-21 06:09:49.410","2026-09-21 06:09:49.410",0,IND-2016-2,parcel_update_new
4900,125522,IND-1982-143,IND-1982-143,,,"TRIUMPH NIGERIA LIMITED",,"2026-09-21 06:09:50.250","Re-grant → IND-2016-2","System (Re-grant report catch-up)","2026-09-21 06:09:50.250","2026-09-21 06:09:50.253",0,IND-2016-2,parcel_update_new
4901,131356,IND-RC-1982-52,IND-RC-1982-52,,,"MOHAMMED AMIN FADALLAH & 3 OTHERS",,"2026-09-21 06:09:53.413","Re-grant → IND-2018-21","System (Re-grant report catch-up)","2026-09-21 06:09:53.413","2026-09-21 06:09:53.413",0,IND-2018-21,parcel_update_new
4902,131356,IND-RC-1982-52,IND-RC-1982-52,,,"MOHAMMED AMIN FADALLAH & 3 OTHERS",,"2026-09-21 06:09:54.253","Re-grant → IND-2018-21","System (Re-grant report catch-up)","2026-09-21 06:09:54.253","2026-09-21 06:09:54.253",0,IND-2018-21,parcel_update_new
4903,149650,IND-2013-8,IND-2013-8,,,"BSV INDUSTREIS LTD",,"2026-09-21 06:09:57.980","Re-grant → IND-2018-22","System (Re-grant report catch-up)","2026-09-21 06:09:57.980","2026-09-21 06:09:57.980",0,IND-2018-22,parcel_update_new
4904,149650,IND-2013-8,IND-2013-8,,,"BSV INDUSTREIS LTD",,"2026-09-21 06:09:58.620","Re-grant → IND-2018-22","System (Re-grant report catch-up)","2026-09-21 06:09:58.620","2026-09-21 06:09:58.620",0,IND-2018-22,parcel_update_new
4905,88079,IND-2010-24,IND-2010-24,,,"CITY PRIME CONCEPT LIMITED",,"2026-09-21 06:10:08.427","Re-grant → IND-2018-24","System (Re-grant report catch-up)","2026-09-21 06:10:08.427","2026-09-21 06:10:08.427",0,IND-2018-24,parcel_update_new
4906,88079,IND-2010-24,IND-2010-24,,,"CITY PRIME CONCEPT LIMITED",,"2026-09-21 06:10:08.910","Re-grant → IND-2018-24","System (Re-grant report catch-up)","2026-09-21 06:10:08.910","2026-09-21 06:10:08.910",0,IND-2018-24,parcel_update_new
4907,87996,IND-2010-22,IND-2010-22,,,"YAKASAI GROUP OF COMPANIES",,"2026-09-21 06:10:16.540","Re-grant → IND-2018-25","System (Re-grant report catch-up)","2026-09-21 06:10:16.540","2026-09-21 06:10:16.540",0,IND-2018-25,parcel_update_new
4908,87996,IND-2010-22,IND-2010-22,,,"YAKASAI GROUP OF COMPANIES",,"2026-09-21 06:10:16.753","Re-grant → IND-2018-25","System (Re-grant report catch-up)","2026-09-21 06:10:16.753","2026-09-21 06:10:16.753",0,IND-2018-25,parcel_update_new
4909,171942,IND-1982-34,IND-1982-34,,KN2590,"W.J BUSH AND CO. NIGERIA LIMITED",,"2026-09-21 06:10:24.850","Re-grant → IND-2020-15","System (Re-grant report catch-up)","2026-09-21 06:10:24.850","2026-09-21 06:10:24.850",0,IND-2020-15,parcel_update_new
4910,171942,IND-1982-34,IND-1982-34,,KN2590,"W.J BUSH AND CO. NIGERIA LIMITED",,"2026-09-21 06:10:24.937","Re-grant → IND-2020-15","System (Re-grant report catch-up)","2026-09-21 06:10:24.937","2026-09-21 06:10:24.937",0,IND-2020-15,parcel_update_new
4911,152643,IND-2009-6,IND-2009-6,,,"PETRIOCHOR INDUSTRIES LIMITED",,"2026-09-21 06:10:30.093","Re-grant → IND-2023-354","System (Re-grant report catch-up)","2026-09-21 06:10:30.093","2026-09-21 06:10:30.093",0,IND-2023-354,parcel_update_new
4912,152643,IND-2009-6,IND-2009-6,,,"PETRIOCHOR INDUSTRIES LIMITED",,"2026-09-21 06:10:30.263","Re-grant → IND-2023-354","System (Re-grant report catch-up)","2026-09-21 06:10:30.263","2026-09-21 06:10:30.263",0,IND-2023-354,parcel_update_new
4913,80323,"MLKN 875","MLKN 875",,,"SANI ALI NAGERO AND SONS LIMITED",,"2026-09-21 06:10:35.303","Re-grant → MLKN 2238","System (Re-grant report catch-up)","2026-09-21 06:10:35.303","2026-09-21 06:10:35.303",0,"MLKN 2238",parcel_update_new
4914,80323,"MLKN 875","MLKN 875",,,"SANI ALI NAGERO AND SONS LIMITED",,"2026-09-21 06:10:35.420","Re-grant → MLKN 2238","System (Re-grant report catch-up)","2026-09-21 06:10:35.420","2026-09-21 06:10:35.420",0,"MLKN 2238",parcel_update_new
4915,103910,RES-RC-1982-1017,RES-RC-1982-1017,,,"NIGERIA OIL MILLS",,"2026-09-21 06:10:39.523","Re-grant → RES-1995-2064","System (Re-grant report catch-up)","2026-09-21 06:10:39.523","2026-09-21 06:10:39.523",0,RES-1995-2064,parcel_update_new
4916,103910,RES-RC-1982-1017,RES-RC-1982-1017,,,"NIGERIA OIL MILLS",,"2026-09-21 06:10:39.683","Re-grant → RES-1995-2064","System (Re-grant report catch-up)","2026-09-21 06:10:39.683","2026-09-21 06:10:39.683",0,RES-1995-2064,parcel_update_new
4917,104931,RES-RC-1984-22,RES-RC-1984-22,,,"MANDILAS GROUP LIMITED (A LIMITED LIAB. CO.)",,"2026-09-21 06:10:44.543","Re-grant → RES-2001-3586","System (Re-grant report catch-up)","2026-09-21 06:10:44.543","2026-09-21 06:10:44.543",0,RES-2001-3586,parcel_update_new
4918,104931,RES-RC-1984-22,RES-RC-1984-22,,,"MANDILAS GROUP LIMITED (A LIMITED LIAB. CO.)",,"2026-09-21 06:10:44.690","Re-grant → RES-2001-3586","System (Re-grant report catch-up)","2026-09-21 06:10:44.690","2026-09-21 06:10:44.690",0,RES-2001-3586,parcel_update_new
4919,168754,RES-RC-1987-34,RES-RC-1987-34,,,"ALHAJI YUSUF KJ NJIE",,"2026-09-21 06:10:47.290","Re-grant → RES-2018-2819","System (Re-grant report catch-up)","2026-09-21 06:10:47.290","2026-09-21 06:10:47.290",0,RES-2018-2819,parcel_update_new
4920,168754,RES-RC-1987-34,RES-RC-1987-34,,,"ALHAJI YUSUF KJ NJIE",,"2026-09-21 06:10:47.397","Re-grant → RES-2018-2819","System (Re-grant report catch-up)","2026-09-21 06:10:47.397","2026-09-21 06:10:47.397",0,RES-2018-2819,parcel_update_new
4921,134452,RES-2015-7156,RES-2015-7156,,,"MARIYA SANUSI DANTATA",,"2026-09-21 06:10:51.020","Re-grant → RES-RC-1982-1063","System (Re-grant report catch-up)","2026-09-21 06:10:51.020","2026-09-21 06:10:51.020",0,RES-RC-1982-1063,parcel_update_new
4922,134452,RES-2015-7156,RES-2015-7156,,,"MARIYA SANUSI DANTATA",,"2026-09-21 06:10:51.177","Re-grant → RES-RC-1982-1063","System (Re-grant report catch-up)","2026-09-21 06:10:51.177","2026-09-21 06:10:51.177",0,RES-RC-1982-1063,parcel_update_new
