file_no,file_name,successor_file_no,reason,action
CON-COM-RC-1982-292,"BAYAJIDA NIGERIA LIMITED",,"Title Status: subdivision — Subdivision FileNo CON-COM-RC-1982-292 was initiated by Applicant on 25/06/2026 11:58 due to [Reason]","WOULD RESTORE"
IND-2018-24,"FORTUNE RICE PROCESSING",,"Title Status: regranted — This File has been Re-granted from IND-2010-24","WOULD RESTORE"
IND-1985-8,"SUNRISE MEGA INTER BIZ LIMITED",,"Title Status: merger, extension — Merger FileNo IND-1985-8 was initiated by Applicant on 29/06/2026 11:36 due to THIS IS BASED ON THE FACT THAT THE AREA APPLIED FOR EXTENTION AND MERGER OF THE PROPERTIES IS OBTAINABLE ON THE GROUND ACCESIBLE AND ADEQUATE TO MERGED THE PROPERTIES
Extension FileNo IND-1985-8 was initiated by Applicant on 29/06/2026 11:36 due to THIS IS BASED ON THE FACT THAT THE AREA APPLIED FOR EXTENTION AND MERGER OF THE PROPERTIES IS OBTAINABLE ON THE GROUND ACCESIBLE AND ADEQUATE TO MERGED THE PROPERTIES","WOULD RESTORE"
RES-2022-2423,"FIRS STAFF CO-OPERATIVE SOCIETY LTD",,"Title Status: subdivision — Subdivision FileNo RES-2022-2423 was initiated by Applicant on 03/07/2026 14:13 due to [Reason]","WOULD RESTORE"
CON-RES-2023-2365,"FIRS STAFF CO-OPERATIVE SOCIETY LTD",,"Title Status: subdivision — Subdivision FileNo CON-RES-2023-2365 was initiated by Applicant on 04/07/2026 14:48 due to [Reason]","WOULD RESTORE"
CON-RES-2017-2349,"FIRS STAFF CO-OPERATIVE SOCIETY LTD",,"Title Status: subdivision — Subdivision FileNo CON-RES-2017-2349 was initiated by Applicant on 04/07/2026 15:10 due to [Reason]","WOULD RESTORE"
COM-2016-56,"BABA DANBAPPA",,"Title Status: regranted — This File has been Re-granted from CON-COM-RC-1982-101","WOULD RESTORE"
COM-RC-1983-237,"BAITA & ALI BALA TALLE",,"Title Status: regranted — This File has been Re-granted","WOULD RESTORE"
RES-RC-1982-864,"ALHAJI MAHMUD OTHMAN",RES-2024-4578,"Subdivision → RES-2024-4578","WOULD RESTORE"
CON-AG-2019-24,"MUSBAHU ADAMU",CON-RES-2026-2611,"Change of Purpose to CON-RES","WOULD RESTORE"
COM-2014-107,"ALHAJI DANHATU ZANGO",,"Title Status: regranted — This File has been Re-granted","WOULD RESTORE"
CON-COM-1998-77,"TSAKUWA  DAWAKIN KUDU PETROLEUM LTD",CON-RES-2026-2632,"Change of Purpose to CON-RES","WOULD RESTORE"
COM-2005-616,"ALHAJI MAGAJI ILU",COM-2022-519,"Superseded by COM-2022-519","WOULD RESTORE"
RES-2008-1183,"SULE ABDULLAHI",,"Title Status: resettled — This File has been Resettled","WOULD RESTORE"
CON-COM-2026-637,"ALHAJI SHEHU BUNYAMUNU",,"Title Status: change_of_name — Change of Name FileNo CON-COM-2026-637 was initiated by Applicant on 10/09/2026 14:36 due to [Reason]","WOULD RESTORE"
RES-RC-1982-1034,"CROP CARE LIMITED",RES-2026-3637,"Re-grant → RES-2026-3637","WOULD RESTORE"
CON-AG-2006-66,"IBRAHIM ISMAILA SADIQ","CON-AG-2006-66 AND EXTENSION","Plot Extension to CON-AG-2006-66 AND EXTENSION","WOULD RESTORE"
COM-2016-327,"HILTON PALACE LIMITED",COM-2026-346,"Re-grant → COM-2026-346","WOULD RESTORE"
