table,row_id,file_number,old_prop_id,new_prop_id,action
pra,214555,RES-2009-6169,106219,180695,SYNCED
pra,214560,RES-2009-6129,106219,180696,SYNCED
pra,214563,RES-2009-6128,106219,180697,SYNCED
pra,214567,RES-2009-6196,106219,180698,SYNCED
pra,214570,RES-2009-6195,106219,180699,SYNCED
pra,214571,RES-2009-6140,106219,180700,SYNCED
pra,214575,RES-2009-6139,106219,180701,SYNCED
pra,214604,RES-2009-6193,106219,180702,SYNCED
pra,214617,RES-2009-6156,106219,180703,SYNCED
pra,214624,RES-2009-6200,106219,180704,SYNCED
pra,215427,RES-2009-6206,106219,180705,SYNCED
pra,216035,RES-2009-6190,106219,180706,SYNCED
pra,216042,RES-2009-6207,106219,180707,SYNCED
pra,216044,RES-2009-6208,106219,180708,SYNCED
pra,216060,RES-2009-6132,106219,180709,SYNCED
pra,216155,RES-2009-6188,106219,180710,SYNCED
pra,216169,RES-2009-6143,106219,180711,SYNCED
pra,216398,RES-2009-6141,106219,180712,SYNCED
pra,216403,RES-2009-6147,106219,180713,SYNCED
pra,216410,RES-2009-6142,106219,180714,SYNCED
pra,217496,RES-2009-6168,106219,180715,SYNCED
pra,217841,RES-2009-6167,106219,180716,SYNCED
pra,217856,RES-2009-6165,106219,180717,SYNCED
pra,219226,RES-2009-6159,106219,180718,SYNCED
pra,219270,RES-2009-6161,106219,180719,SYNCED
pra,219370,RES-2009-6192,106219,180720,SYNCED
pra,189298,RES-2005-447,7358,180721,SYNCED
pra,189299,RES-2005-432,7358,180722,SYNCED
pra,189301,RES-2005-431,7358,180723,SYNCED
pra,189304,RES-2005-442,7358,180724,SYNCED
pra,189305,RES-2005-444,7358,180725,SYNCED
pra,189306,RES-2005-445,7358,180726,SYNCED
pra,189308,RES-2005-440,7358,180727,SYNCED
pra,189309,RES-2005-443,7358,180728,SYNCED
pra,189319,RES-2005-433,7358,180730,SYNCED
pra,189323,RES-2005-434,7358,180731,SYNCED
pra,189866,RES-2005-470,7358,180732,SYNCED
pra,189872,RES-2005-428,7358,180733,SYNCED
pra,189980,RES-2005-448,7358,180734,SYNCED
pra,190290,RES-2005-427,7358,180735,SYNCED
pra,190292,RES-2005-426,7358,180736,SYNCED
pra,190303,RES-2005-474,7358,180737,SYNCED
pra,190314,RES-2005-464,7358,180738,SYNCED
pra,190324,RES-2005-462,7358,180740,SYNCED
pra,190338,RES-2005-461,7358,180741,SYNCED
pra,190342,RES-2005-460,7358,180742,SYNCED
pra,190358,RES-2005-450,7358,180743,SYNCED
pra,190428,RES-2005-454,7358,180744,SYNCED
pra,190572,RES-2005-451,7358,180745,SYNCED
pra,201946,CON-RES-2025-281,160531,180746,SYNCED
pra,201950,CON-RES-2025-337,160531,180747,SYNCED
pra,201961,CON-RES-2025-335,160531,180748,SYNCED
pra,201967,CON-RES-2025-336,160531,180749,SYNCED
pra,201999,CON-RES-2025-334,160531,180750,SYNCED
pra,202009,CON-RES-2025-333,160531,180751,SYNCED
pra,202017,CON-RES-2025-332,160531,180752,SYNCED
pra,202038,CON-RES-2025-328,160531,180753,SYNCED
pra,202053,CON-RES-2025-327,160531,180754,SYNCED
pra,202065,CON-RES-2025-296,160531,180755,SYNCED
pra,202096,CON-RES-2025-300,160531,180756,SYNCED
pra,202106,CON-RES-2025-312,160531,180757,SYNCED
pra,202146,CON-RES-2025-313,160531,180758,SYNCED
pra,202170,CON-RES-2025-314,160531,180759,SYNCED
pra,213108,CON-RES-2022-670,172830,180760,SYNCED
pra,213120,CON-RES-2022-669,172830,180761,SYNCED
pra,213124,CON-RES-2022-667,172830,180762,SYNCED
pra,213130,CON-RES-2022-666,172830,180763,SYNCED
pra,213136,CON-RES-2022-665,172830,180764,SYNCED
pra,213143,CON-RES-2022-664,172830,180765,SYNCED
pra,213147,CON-RES-2022-663,172830,180766,SYNCED
pra,213240,CON-RES-2022-682,172830,180767,SYNCED
pra,213253,RES-2022-661,172830,180768,SYNCED
pra,213263,CON-RES-2022-660,172830,180769,SYNCED
pra,213272,CON-RES-2022-659,172830,180770,SYNCED
pra,209706,RES-2008-1781,7886,180771,SYNCED
pra,209714,RES-2008-1778,7886,180772,SYNCED
pra,209721,RES-2008-1779,7886,180773,SYNCED
pra,209730,RES-2008-1775,7886,180774,SYNCED
pra,209812,RES-2008-1774,7886,180775,SYNCED
pra,209814,RES-2008-1773,7886,180776,SYNCED
pra,209815,RES-2008-1777,7886,180777,SYNCED
pra,210258,RES-2008-1776,7886,180778,SYNCED
pra,200719,RES-2019-777,54544,180779,SYNCED
pra,200847,RES-2019-779,54544,180780,SYNCED
pra,200859,RES-2019-776,54544,180781,SYNCED
pra,200864,RES-2019-774,54544,180782,SYNCED
pra,200872,RES-2019-773,54544,180783,SYNCED
pra,200878,RES-2019-772,54544,180784,SYNCED
pra,200895,RES-2019-775,54544,180785,SYNCED
pra,217810,CON-RES-2010-220,124599,180786,SYNCED
pra,217851,CON-RES-2010-221,124599,180788,SYNCED
pra,217935,CON-RES-2010-223,124599,180790,SYNCED
pra,193314,COM-2024-708,2735,180793,SYNCED
pra,193317,COM-2024-709,2735,180794,SYNCED
pra,193320,COM-2024-710,2735,180795,SYNCED
pra,193329,COM-2024-711,2735,180796,SYNCED
pra,193333,COM-2024-712,2735,180797,SYNCED
pra,213452,CON-COM-2021-263,10169,180799,SYNCED
pra,213460,CON-COM-2021-266,10169,180800,SYNCED
pra,213467,CON-COM-2021-264,10169,180801,SYNCED
pra,216739,CON-COM-2021-265,10169,180802,SYNCED
pra,212303,RES-2009-4342,18875,180803,SYNCED
pra,212308,RES-2009-4304,18875,180804,SYNCED
pra,212318,RES-2009-4358,18875,180805,SYNCED
pra,212328,RES-2009-4346,18875,180806,SYNCED
pra,216059,RES-2009-4305,18875,180807,SYNCED
pra,219229,COM-2016-19,25566,180812,SYNCED
pra,219256,RES-2011-1733,25566,180813,SYNCED
pra,219297,RES-2011-1737,25566,180814,SYNCED
pra,219364,RES-2011-1732,25566,180815,SYNCED
pra,206068,CON-COM-2016-342,238,180821,SYNCED
pra,214548,RES-2025-43,118402,180827,SYNCED
pra,214554,RES-2025-44,118402,180828,SYNCED
pra,219274,IND-1997-3,18830,180833,SYNCED
pra,202275,CON-AG-2022-31,10621,180836,SYNCED
pra,206552,RES-2001-2518,4728,180839,SYNCED
pra,199497,IND-2023-351,18747,180842,SYNCED
pra,187626,RES-2021-2520,66113,180848,SYNCED
pra,199748,CON-RES-2022-5572,247,180851,SYNCED
pra,187837,CON-COM-2014-83,7747,180854,SYNCED
pra,192883,RES-2006-1116,1445,180856,SYNCED
pra,192889,RES-2006-1115,1445,180857,SYNCED
pra,193059,RES-2006-1107,1445,180858,SYNCED
pra,192916,RES-2021-4560,3930,180859,SYNCED
pra,192920,RES-2021-4561,3930,180860,SYNCED
pra,192924,RES-2021-4562,3930,180861,SYNCED
pra,213250,CON-COM-1987-65,9720,180863,SYNCED
pra,186505,COM-2020-17,56460,180887,SYNCED
pra,212982,CON-RES-2004-357,18489,180889,SYNCED
pra,205787,COM-2002-434,1043,180899,SYNCED
pra,205836,COM-2002-433,1043,180900,SYNCED
pra,203281,RES-2017-840,25426,180931,SYNCED
pra,200406,RES-2003-1509,25443,180964,SYNCED
pra,199718,RES-2008-1604,157181,180974,SYNCED
pra,199458,CON-IND-2020-46,25998,180999,SYNCED
pra,218052,CON-RES-2026-2924,8576,181036,SYNCED
pra,211508,RES-2008-4672,66500,181041,SYNCED
pra,211907,RES-2008-4670,66500,181042,SYNCED
pra,193364,RES-2024-3912,66407,181059,SYNCED
pra,193375,RES-2024-3911,66407,181060,SYNCED
pra,206813,CON-RES-2014-20,132576,181072,SYNCED
pra,219171,"CON-COM-1989-23 AND EXTENSION",8088,181085,SYNCED
pra,199381,RES-2011-2311,24959,181108,SYNCED
pra,193511,CON-IND-2014-16,10531,181111,SYNCED
pra,189329,CON-COM-2026-546,7497,181123,SYNCED
pra,202936,CON-COM-2025-636,9771,181131,SYNCED
pra,212585,RES-2016-2741,43389,181142,SYNCED
pra,187350,COM-2003-517,147930,181154,SYNCED
pra,203490,CON-COM-2023-390,17918,181165,SYNCED
pra,206512,CON-COM-2017-229,25974,181398,SYNCED
pra,202257,RES-2008-2693,160883,181419,SYNCED
pra,199810,RES-2022-3123,1006,181504,SYNCED
pra,207508,RES-2008-4677,37737,181641,SYNCED
pra,206014,RES-1987-460,25022,181648,SYNCED
pra,187826,LPCC-2017-336,148329,181695,SYNCED
pra,200127,COM-2023-474,60469,181756,SYNCED
pra,215047,COM-2022-489,141136,181818,SYNCED
pra,216330,RES-2015-563,25095,181908,SYNCED
pra,212260,RES-2009-4362,18878,181941,SYNCED
pra,215484,COM-2024-49,3337,182040,SYNCED
pra,214897,CON-RES-2016-870,24213,182086,SYNCED
pra,219520,CON-RES-2016-870,24213,182086,SYNCED
pra,218139,CON-COM-2026-638,178899,182090,SYNCED
pra,208198,DCIV-2025-474,17387,182143,SYNCED
pra,216085,CON-COM-1987-94,7793,182189,SYNCED
pra,213277,CON-RES-2023-3271,151726,182211,SYNCED
pra,200023,RES-2007-688,43605,182341,SYNCED
pra,213528,CMD-COM-2018-319,102359,182479,SYNCED
pra,202618,COM-1995-91,5872,182646,SYNCED
pra,212631,RES-2009-5517,172275,182710,SYNCED
pra,208050,RES-2015-3420,26186,182811,SYNCED
pra,213044,DCIV-2023-171,164152,182891,SYNCED
pra,189159,COM-2022-532,150593,183114,SYNCED
pra,217993,IND-1997-11,25572,183170,SYNCED
pra,200914,RES-1983-903,25061,183261,SYNCED
pra,202036,COM-RC-1983-11,1161,183348,SYNCED
pra,208353,RES-2015-1567,66504,183467,SYNCED
pra,218140,CON-COM-2026-639,178900,183678,SYNCED
pra,199932,RES-2014-1614,29397,183711,SYNCED
pra,213023,RES-2009-4153,172745,183742,SYNCED
pra,216425,RES-2023-1462,65727,183797,SYNCED
pra,217937,IND-1997-9,25680,183805,SYNCED
pra,205910,RES-1991-787,25026,183832,SYNCED
pra,202302,RES-2023-7464,160983,183957,SYNCED
pra,213589,CON-COM-2009-389,8737,184092,SYNCED
pra,212018,RES-2008-506,65764,184161,SYNCED
pra,218137,CON-COM-2026-636,178898,184191,SYNCED
pra,199062,RES-RC-1981-114,25077,184247,SYNCED
CofO_staging,99331,CON-RES-2010-220,124599,180786,SYNCED
CofO_staging,100434,CON-RES-2010-223,124599,180790,SYNCED
CofO_staging,97455,"KNML 8718_2",16694,180810,SYNCED
CofO_staging,100654,RES-2011-1733,25566,180813,SYNCED
CofO_staging,100669,RES-2011-1737,25566,180814,SYNCED
CofO_staging,100682,RES-2011-1732,25566,180815,SYNCED
CofO_staging,98926,"MLKN 1745",238,180822,SYNCED
CofO_staging,98159,"MLKN 3337",9945,180824,SYNCED
CofO_staging,98178,"MLKN 3338",9944,180830,SYNCED
CofO_staging,100662,IND-1997-3,18830,180833,SYNCED
CofO_staging,100666,"MLKN 163",18830,180834,SYNCED
CofO_staging,98952,"MLKN 2760",4728,180840,SYNCED
CofO_staging,97972,"MLKN 422",18747,180843,SYNCED
CofO_staging,96512,CON-COM-2014-83,7747,180854,SYNCED
CofO_staging,99614,CON-COM-1987-65,9720,180863,SYNCED
CofO_staging,99620,"MLKN 3234",9720,180864,SYNCED
CofO_staging,96901,"MLKN 2603",649,180866,SYNCED
CofO_staging,96533,CON-COM-2016-173,6104,180867,SYNCED
CofO_staging,96538,"MLKN 1582",6104,180868,SYNCED
CofO_staging,100221,KN1772,142297,180870,SYNCED
CofO_staging,99737,RES-RC-1990-16,20852,180882,SYNCED
CofO_staging,100441,KN3071,10584,180884,SYNCED
CofO_staging,97043,"KNML 1866",12274,180886,SYNCED
CofO_staging,97651,"KNML 1467",11986,180892,SYNCED
CofO_staging,96022,"MLKN 2867",1325,180896,SYNCED
CofO_staging,96887,"KNML 443",11982,180898,SYNCED
CofO_staging,98848,COM-2002-434,1043,180899,SYNCED
CofO_staging,98869,COM-2002-433,1043,180900,SYNCED
CofO_staging,99006,"KNML 2460",16340,180906,SYNCED
CofO_staging,100429,"MLKN 3807",2236,180909,SYNCED
CofO_staging,98957,"KNML 2873",15653,180911,SYNCED
CofO_staging,99831,"MLKN 2650",4240,180913,SYNCED
CofO_staging,100088,"MLKN 125",10646,180917,SYNCED
CofO_staging,98329,"MLKN 2810",11456,180923,SYNCED
CofO_staging,96848,"MLKN 30",10546,180929,SYNCED
CofO_staging,96982,"MLKN 115_2",18840,180935,SYNCED
CofO_staging,96204,"MLKN 3709",19361,180939,SYNCED
CofO_staging,96663,"MLKN 3068",2995,180940,SYNCED
CofO_staging,99078,"KNML 7060",16321,180946,SYNCED
CofO_staging,100734,"MLKN 3355",4630,180950,SYNCED
CofO_staging,96240,"MLKN 2625",18838,180952,SYNCED
CofO_staging,100390,"MLKN 3442",1230,180958,SYNCED
CofO_staging,96785,KN2654,3565,180962,SYNCED
CofO_staging,79364,RES-2003-1509,25443,180964,SYNCED
CofO_staging,96444,KN3967,18835,180972,SYNCED
CofO_staging,98034,RES-2008-1604,157181,180974,SYNCED
CofO_staging,97082,"MLKN 1832",9671,180982,SYNCED
CofO_staging,96313,KN2236,7546,180984,SYNCED
CofO_staging,96377,"MLKN 2700",9706,180992,SYNCED
CofO_staging,98693,"KNML 9789",15245,180994,SYNCED
CofO_staging,97964,"MLKN 2987",25998,181000,SYNCED
CofO_staging,97350,"KNML 1215",11553,181002,SYNCED
CofO_staging,97039,"KNML 2791",49193,181003,SYNCED
CofO_staging,98706,"KNML 2793",49193,181004,SYNCED
CofO_staging,97161,"MLKN 573",18723,181010,SYNCED
CofO_staging,100573,"KNML 8418",15863,181028,SYNCED
CofO_staging,99311,RES-2008-4672,66500,181041,SYNCED
CofO_staging,99405,RES-2008-4670,66500,181042,SYNCED
CofO_staging,96107,"MLKN 3638",5061,181044,SYNCED
CofO_staging,96938,"MLKN 379",5960,181046,SYNCED
CofO_staging,99179,"MLKN 1099",9555,181050,SYNCED
CofO_staging,96274,"MLKN 2524",4402,181056,SYNCED
CofO_staging,96421,"MLKN 25",7772,181058,SYNCED
CofO_staging,96912,"MLKN 2825",7927,181068,SYNCED
CofO_staging,100700,"MLKN 2551",4015,181075,SYNCED
CofO_staging,97940,"KNML 1281",10778,181077,SYNCED
CofO_staging,97137,"MLKN 3799",10599,181079,SYNCED
CofO_staging,96797,"MLKN 1704",9058,181083,SYNCED
CofO_staging,100642,"CON-COM-1989-23 AND EXTENSION",8088,181085,SYNCED
CofO_staging,97417,"MLKN 4554",3417,181089,SYNCED
CofO_staging,100117,"MLKN 1778",4293,181093,SYNCED
CofO_staging,97045,"KNML 6679",14848,181099,SYNCED
CofO_staging,98902,"KNML 2865",15645,181101,SYNCED
CofO_staging,96480,"MLKN 4506",5180,181107,SYNCED
CofO_staging,97915,RES-2011-2311,24959,181108,SYNCED
CofO_staging,97924,RES-RC-1982-299,24959,181109,SYNCED
CofO_staging,99413,"KNML 5862",58132,181114,SYNCED
CofO_staging,99379,RES-RC-1987-34,58132,181115,SYNCED
CofO_staging,96087,"MLKN 3618",9625,181125,SYNCED
CofO_staging,100287,"MLKN 118",1353,181135,SYNCED
CofO_staging,98907,"KNML 2864",15657,181137,SYNCED
CofO_staging,98962,"KNML 8141",13748,181141,SYNCED
CofO_staging,99538,"KNGP 273",43389,181143,SYNCED
CofO_staging,100533,"MLKN 3203",777,181151,SYNCED
CofO_staging,36678,COM-2003-517,147930,181154,SYNCED
CofO_staging,96319,"MLKN 387",147930,181155,SYNCED
CofO_staging,96458,"KNML 3143_2",148745,181157,SYNCED
CofO_staging,99911,KN885_2,175269,181159,SYNCED
CofO_staging,100370,KN3367,17651,181167,SYNCED
CofO_staging,96637,"MLKN 32",10508,181170,SYNCED
CofO_staging,96429,"KNML 3635_2",16619,181172,SYNCED
CofO_staging,99387,"KNML 3063",13272,181176,SYNCED
CofO_staging,96219,"MLKN 445",18942,181180,SYNCED
CofO_staging,99687,"KNML 511",16543,181182,SYNCED
CofO_staging,96272,"MLKN 2502",9730,181194,SYNCED
CofO_staging,96220,"MLKN 1553",7753,181196,SYNCED
CofO_staging,97778,"MLKN 2150",4292,181198,SYNCED
CofO_staging,96867,"MLKN 3353",9617,181200,SYNCED
CofO_staging,96233,"KNML 2827",33338,181205,SYNCED
CofO_staging,99546,"KNML 914_1",47031,181214,SYNCED
CofO_staging,95901,"KNML 3714",145257,181217,SYNCED
CofO_staging,95962,"KNML 9828",145402,181220,SYNCED
CofO_staging,100686,"MLKN 4201",180332,181267,SYNCED
CofO_staging,100644,"MLKN 4185",178211,181273,SYNCED
CofO_staging,98462,"KNML 2971",65255,181287,SYNCED
CofO_staging,99135,"KNML 2474",27952,181309,SYNCED
CofO_staging,100363,"MLKN 552",18759,181317,SYNCED
CofO_staging,98295,"KNML 1931",43369,181331,SYNCED
CofO_staging,96202,KN4675,66837,181335,SYNCED
CofO_staging,99080,"MLKN 2774",167022,181352,SYNCED
CofO_staging,96032,"MLKN 80",145879,181355,SYNCED
CofO_staging,100547,KN934,65563,181378,SYNCED
CofO_staging,98682,"KNML 1529",33799,181379,SYNCED
CofO_staging,99337,"KNML 2411",50397,181386,SYNCED
CofO_staging,96109,KN2260,146244,181399,SYNCED
CofO_staging,97956,"KNML 1971",45498,181431,SYNCED
CofO_staging,97173,"KNML 31",153292,181465,SYNCED
CofO_staging,96870,KN2762,150978,181471,SYNCED
CofO_staging,97733,"MLKN 2664",156175,181476,SYNCED
CofO_staging,98584,"MLKN 2574",162368,181522,SYNCED
CofO_staging,95927,"KNML 6681",145319,181526,SYNCED
CofO_staging,97906,"MLKN 2763",156773,181542,SYNCED
CofO_staging,99678,"KNML 947",48385,181551,SYNCED
CofO_staging,99981,KN1059,172173,181555,SYNCED
CofO_staging,97329,"KNML 1919",26854,181629,SYNCED
CofO_staging,99018,RES-2008-4677,37737,181641,SYNCED
CofO_staging,99803,"KNML 1556",29509,181644,SYNCED
CofO_staging,98904,RES-1987-460,25022,181648,SYNCED
CofO_staging,80608,"KNML 9042",151868,181654,SYNCED
CofO_staging,100439,"KNML 9808",37437,181655,SYNCED
CofO_staging,98760,"KNML 268",31636,181694,SYNCED
CofO_staging,97726,"MLKN 3710",156164,181704,SYNCED
CofO_staging,98690,"KNML 1530",46294,181732,SYNCED
CofO_staging,100292,"KNML 8695",67179,181745,SYNCED
CofO_staging,100415,"KNML 9617",59489,181748,SYNCED
CofO_staging,99907,KN4752,47753,181789,SYNCED
CofO_staging,99701,"KNML 514",46861,181791,SYNCED
CofO_staging,99054,"MLKN 3392",166766,181800,SYNCED
CofO_staging,100660,"MLKN 129",180287,181810,SYNCED
CofO_staging,98305,"KNML 7355",51365,181822,SYNCED
CofO_staging,96116,KN2699,146291,181829,SYNCED
CofO_staging,99489,"KNML 7512",36363,181830,SYNCED
CofO_staging,100409,"KNML 8604",27203,181835,SYNCED
CofO_staging,95925,"KNML 5235",32140,181877,SYNCED
CofO_staging,96834,"MLKN 2196",150537,181882,SYNCED
CofO_staging,96070,KN3660,112438,181887,SYNCED
CofO_staging,99741,"KNML 531",51155,181916,SYNCED
CofO_staging,95947,KN3536,45732,181939,SYNCED
CofO_staging,96146,"MLKN 3889",146464,181942,SYNCED
CofO_staging,100508,KN1964,66037,181952,SYNCED
CofO_staging,97527,"KNML 570",154454,181972,SYNCED
CofO_staging,99313,"KNML 2413",41165,181983,SYNCED
CofO_staging,97400,"KNML 5005",154125,181985,SYNCED
CofO_staging,99503,"KNML 349",47292,181987,SYNCED
CofO_staging,97163,"MLKN 3095_2",54529,182054,SYNCED
CofO_staging,95954,"KNML 8524",145401,182069,SYNCED
CofO_staging,96249,"MLKN 51",147195,182073,SYNCED
CofO_staging,96205,"MLKN 3891",146941,182087,SYNCED
CofO_staging,96908,"KNML 1806",38726,182122,SYNCED
CofO_staging,98535,"KNGP 261",58168,182135,SYNCED
CofO_staging,96727,"KNML 7779",60470,182141,SYNCED
CofO_staging,96478,KN2613,148865,182147,SYNCED
CofO_staging,100371,KN4126,31885,182179,SYNCED
CofO_staging,100122,CON-COM-1987-94,7793,182189,SYNCED
CofO_staging,98586,"KNML 9383",32927,182219,SYNCED
CofO_staging,100172,"KNML 9857",49547,182241,SYNCED
CofO_staging,100012,"KNML 9708",42018,182247,SYNCED
CofO_staging,96715,"MLKN 3569",149918,182265,SYNCED
CofO_staging,95963,"MLKN 2533",145413,182272,SYNCED
CofO_staging,96271,"MLKN 3416",147359,182274,SYNCED
CofO_staging,99539,"KNML 192",50365,182277,SYNCED
CofO_staging,96493,"MLKN 2176",148943,182319,SYNCED
CofO_staging,100262,KN3402,177107,182336,SYNCED
CofO_staging,100355,"KNML 2102",30863,182357,SYNCED
CofO_staging,97690,"KNML 1491",38895,182360,SYNCED
CofO_staging,98720,"KNML 1544",52101,182378,SYNCED
CofO_staging,96471,"KNML 7541",148820,182391,SYNCED
CofO_staging,100325,"MLKN 4442",177188,182400,SYNCED
CofO_staging,99176,"KNML 2406",49885,182413,SYNCED
CofO_staging,95997,KN3134,145487,182416,SYNCED
CofO_staging,95995,KN3481,145477,182417,SYNCED
CofO_staging,100772,KN2842,180578,182418,SYNCED
CofO_staging,99109,"KNML 2418",51996,182477,SYNCED
CofO_staging,97683,"MLKN 1226",155963,182506,SYNCED
CofO_staging,96261,KN1955,66685,182525,SYNCED
CofO_staging,97981,"MLKN 2769",19081,182544,SYNCED
CofO_staging,96588,"KNML 4550",40622,182545,SYNCED
CofO_staging,97724,"KNML 7373",65505,182564,SYNCED
CofO_staging,97969,"KNML 1975",53470,182587,SYNCED
CofO_staging,96696,"KNML 7895",60633,182594,SYNCED
CofO_staging,96976,KN3305,47385,182599,SYNCED
CofO_staging,99739,"KNML 530",46472,182617,SYNCED
CofO_staging,100306,KN3873,46506,182625,SYNCED
CofO_staging,99060,"KNML 8619",46030,182642,SYNCED
CofO_staging,98474,COM-1995-91,5872,182646,SYNCED
CofO_staging,99478,"KNML 903",42064,182647,SYNCED
CofO_staging,98549,"KNGP 259",58167,182656,SYNCED
CofO_staging,98094,"KNML 2915",157770,182673,SYNCED
CofO_staging,99972,"KNML 9570",54411,182685,SYNCED
CofO_staging,97735,"KNML 5878",58066,182712,SYNCED
CofO_staging,100082,"MLKN 4485",176193,182748,SYNCED
CofO_staging,100344,"KNML 4644",28032,182759,SYNCED
CofO_staging,99497,"KNML 7209",53989,182761,SYNCED
CofO_staging,99813,"KNML 258",49947,182779,SYNCED
CofO_staging,100199,KN2601,45427,182783,SYNCED
CofO_staging,96370,"KNML 8986",51010,182789,SYNCED
CofO_staging,96277,KN3816,33187,182799,SYNCED
CofO_staging,99927,KN912,46617,182839,SYNCED
CofO_staging,96005,KN4094,29079,182843,SYNCED
CofO_staging,96880,"KNML 7580",66127,182855,SYNCED
CofO_staging,98543,"KNGP 262",58169,182867,SYNCED
CofO_staging,96483,"MLKN 4538",148912,182880,SYNCED
CofO_staging,97355,"KNML 1241",153958,182892,SYNCED
CofO_staging,100566,KN988,178713,182980,SYNCED
CofO_staging,96524,KN972,12510,182993,SYNCED
CofO_staging,96006,"MLKN 3451",145530,182998,SYNCED
CofO_staging,96601,"MLKN 16",149546,182999,SYNCED
CofO_staging,96308,KN3324,147900,183001,SYNCED
CofO_staging,96058,KN4064,145959,183030,SYNCED
CofO_staging,97128,"KNML 8778",152865,183052,SYNCED
CofO_staging,97178,"KNML 1807",38730,183064,SYNCED
CofO_staging,98581,KN3053,46211,183073,SYNCED
CofO_staging,97577,"KNML 1457",155222,183089,SYNCED
CofO_staging,95886,KN913,145196,183095,SYNCED
CofO_staging,97974,"KNML 1976",53468,183103,SYNCED
CofO_staging,96839,COM-2022-532,150593,183114,SYNCED
CofO_staging,98840,COM-RC-1982-285,22172,183122,SYNCED
CofO_staging,99516,"MLKN 4461",172194,183123,SYNCED
CofO_staging,99870,KN4234,63313,183129,SYNCED
CofO_staging,88426,COM-2009-142(T),110401,183130,SYNCED
CofO_staging,94526,"KNML 3900",16586,183136,SYNCED
CofO_staging,97950,"KNML 8876",65171,183147,SYNCED
CofO_staging,97044,"KNGP 137",55594,183148,SYNCED
CofO_staging,36359,KN4636,28761,183151,SYNCED
CofO_staging,100604,"KNML 1405",65729,183153,SYNCED
CofO_staging,100467,IND-1997-11,25572,183170,SYNCED
CofO_staging,99435,"KNML 6565",60156,183172,SYNCED
CofO_staging,96278,"MLKN 539",147441,183174,SYNCED
CofO_staging,96262,"KNML 9278",147313,183192,SYNCED
CofO_staging,95923,"KNML 7628",27174,183196,SYNCED
CofO_staging,99328,"KNML 2407",50428,183228,SYNCED
CofO_staging,96462,"KNML 3144",148789,183233,SYNCED
CofO_staging,98332,RES-1983-903,25061,183261,SYNCED
CofO_staging,96877,"KNML 569",151029,183295,SYNCED
CofO_staging,99792,"KNML 6547",58945,183316,SYNCED
CofO_staging,95930,KN5020,52693,183330,SYNCED
CofO_staging,100326,"KNML 8603",65959,183339,SYNCED
CofO_staging,98382,COM-RC-1983-11,1161,183348,SYNCED
CofO_staging,96120,"MLKN 3415",146302,183384,SYNCED
CofO_staging,95937,"KNML 7937",60704,183396,SYNCED
CofO_staging,96686,KN3357,9529,183397,SYNCED
CofO_staging,99798,"KNML 6674",59446,183437,SYNCED
CofO_staging,96248,"MLKN 3358",4160,183455,SYNCED
CofO_staging,99528,"KNML 5230",172281,183456,SYNCED
CofO_staging,96803,"MLKN 2228",150337,183487,SYNCED
CofO_staging,98665,"KNML 1598",50291,183543,SYNCED
CofO_staging,99973,"KNML 1204",175750,183605,SYNCED
CofO_staging,99608,"KNML 944",36813,183641,SYNCED
CofO_staging,96137,"KNML 186",68297,183700,SYNCED
CofO_staging,98113,RES-2014-1614,29397,183711,SYNCED
CofO_staging,100361,"KNML 720",177830,183732,SYNCED
CofO_staging,100022,"KNML 1103",52500,183749,SYNCED
CofO_staging,96896,"KNML 7699",45017,183761,SYNCED
CofO_staging,95931,"KNML 1290",145330,183764,SYNCED
CofO_staging,97349,KN4157,153981,183779,SYNCED
CofO_staging,100433,"KNML 9791",178519,183791,SYNCED
CofO_staging,100692,"MLKN 3848",180423,183803,SYNCED
CofO_staging,100453,IND-1997-9,25680,183805,SYNCED
CofO_staging,100047,"MLKN 784",1657,183848,SYNCED
CofO_staging,98354,"KNML 5827",49880,183870,SYNCED
CofO_staging,96206,KN3804,146936,183889,SYNCED
CofO_staging,96068,KN5019,52689,183922,SYNCED
CofO_staging,96459,KN70,148775,183927,SYNCED
CofO_staging,98851,"KNML 2852",16424,183936,SYNCED
CofO_staging,97541,"KNML 1223",154884,183948,SYNCED
CofO_staging,100688,"KNGP 282",59316,183956,SYNCED
CofO_staging,96905,"KNML 1805",38734,183989,SYNCED
CofO_staging,97636,"KNML 5843",155555,183991,SYNCED
CofO_staging,96850,"MLKN 2440",150697,184004,SYNCED
CofO_staging,100454,"MLKN 3502",178635,184023,SYNCED
CofO_staging,96185,"MLKN 3183",146500,184032,SYNCED
CofO_staging,98841,"KNML 2853",16427,184038,SYNCED
CofO_staging,96802,KN3495,150327,184041,SYNCED
CofO_staging,98556,"KNGP 263",58170,184052,SYNCED
CofO_staging,96607,"KNML 4548",40625,184063,SYNCED
CofO_staging,98350,"KNML 5828",49881,184079,SYNCED
CofO_staging,93058,CON-COM-2009-389,8737,184092,SYNCED
CofO_staging,99842,"KNML 6548",58947,184116,SYNCED
CofO_staging,97377,"KNML 1775",65334,184133,SYNCED
CofO_staging,96337,KN2854,58904,184135,SYNCED
CofO_staging,99964,"KNML 9420",55851,184139,SYNCED
CofO_staging,96095,"KNML 7277",65314,184149,SYNCED
CofO_staging,99436,RES-2008-506,65764,184161,SYNCED
CofO_staging,98251,"KNML 1935",43957,184163,SYNCED
CofO_staging,96139,"MLKN 3887",146433,184204,SYNCED
CofO_staging,97127,"KNML 7995",51829,184217,SYNCED
CofO_staging,97450,"KNML 1779",40956,184229,SYNCED
CofO_staging,97776,RES-RC-1981-114,25077,184247,SYNCED
CofO_staging,97196,KN3478,44479,184261,SYNCED
CofO_staging,96321,KN2321,147971,184274,SYNCED
CofO_staging,96665,"KNML 6648",50944,184291,SYNCED
CofO_staging,96597,"KNML 4549",40627,184308,SYNCED
CofO_staging,96636,"MLKN 3385",149605,184309,SYNCED
CofO_staging,97357,"KNML 1793",38727,184312,SYNCED
file_history_staging,38910,CON-AG-2022-31,10621,180836,SYNCED
file_history_staging,37733,CON-COM-2014-83,7747,180854,SYNCED
file_history_staging,40826,CON-RES-2004-357,18489,180889,SYNCED
file_history_staging,37671,"MLKN 2700",9706,180992,SYNCED
file_history_staging,38571,"MLKN 2987",25998,181000,SYNCED
file_history_staging,40337,RES-2008-4672,66500,181041,SYNCED
file_history_staging,40468,RES-2008-4670,66500,181042,SYNCED
file_history_staging,37592,"MLKN 2524",4402,181056,SYNCED
file_history_staging,42441,"CON-COM-1989-23 AND EXTENSION",8088,181085,SYNCED
file_history_staging,42442,"CON-COM-1989-23 AND EXTENSION",8088,181085,SYNCED
file_history_staging,42443,"CON-COM-1989-23 AND EXTENSION",8088,181085,SYNCED
file_history_staging,38465,CON-IND-2014-16,10531,181111,SYNCED
file_history_staging,38466,CON-IND-2014-16,10531,181111,SYNCED
file_history_staging,40735,RES-2016-2741,43389,181142,SYNCED
file_history_staging,41374,KN885_2,175269,181159,SYNCED
file_history_staging,37693,"KNML 3635_2",16619,181172,SYNCED
file_history_staging,40747,"KNML 914_1",47031,181214,SYNCED
file_history_staging,40539,"KNML 3482",56062,181591,SYNCED
file_history_staging,39691,RES-2008-4677,37737,181641,SYNCED
file_history_staging,41666,CON-COM-1987-94,7793,182189,SYNCED
file_history_staging,37720,"MLKN 2176",148943,182319,SYNCED
file_history_staging,37455,"MLKN 3451",145530,182998,SYNCED
file_history_staging,39412,COM-RC-1982-285,22172,183122,SYNCED
file_history_staging,36482,"KNML 3900",16586,183136,SYNCED
file_history_staging,42174,IND-1997-11,25572,183170,SYNCED
file_history_staging,37598,"MLKN 539",147441,183174,SYNCED
file_history_staging,37434,"KNML 7628",27174,183196,SYNCED
file_history_staging,37435,"KNML 7628",27174,183196,SYNCED
file_history_staging,42162,IND-1997-9,25680,183805,SYNCED
instrument_capture,35054,"KNML 5235",32140,181877,SYNCED
instrument_capture,18445,COM-2009-142(T),110401,183130,SYNCED
deed_registrations,45149,"KNML 5235",32140,181877,SYNCED
deed_registrations,28538,COM-2009-142(T),110401,183130,SYNCED
