file_indexing_id,file_number,old_prop_id,new_prop_id,action
194239,RES-2009-6169,106219,180695,MINTED
194244,RES-2009-6129,106219,180696,MINTED
194247,RES-2009-6128,106219,180697,MINTED
194254,RES-2009-6196,106219,180698,MINTED
194259,RES-2009-6195,106219,180699,MINTED
194262,RES-2009-6140,106219,180700,MINTED
194266,RES-2009-6139,106219,180701,MINTED
194295,RES-2009-6193,106219,180702,MINTED
194304,RES-2009-6156,106219,180703,MINTED
194310,RES-2009-6200,106219,180704,MINTED
194982,RES-2009-6206,106219,180705,MINTED
195575,RES-2009-6190,106219,180706,MINTED
195579,RES-2009-6207,106219,180707,MINTED
195580,RES-2009-6208,106219,180708,MINTED
195591,RES-2009-6132,106219,180709,MINTED
195668,RES-2009-6188,106219,180710,MINTED
195682,RES-2009-6143,106219,180711,MINTED
195902,RES-2009-6141,106219,180712,MINTED
195905,RES-2009-6147,106219,180713,MINTED
195915,RES-2009-6142,106219,180714,MINTED
196921,RES-2009-6168,106219,180715,MINTED
197187,RES-2009-6167,106219,180716,MINTED
197209,RES-2009-6165,106219,180717,MINTED
198593,RES-2009-6159,106219,180718,MINTED
198645,RES-2009-6161,106219,180719,MINTED
198726,RES-2009-6192,106219,180720,MINTED
174592,RES-2005-447,7358,180721,MINTED
174593,RES-2005-432,7358,180722,MINTED
174598,RES-2005-431,7358,180723,MINTED
174600,RES-2005-442,7358,180724,MINTED
174601,RES-2005-444,7358,180725,MINTED
174602,RES-2005-445,7358,180726,MINTED
174606,RES-2005-440,7358,180727,MINTED
174607,RES-2005-443,7358,180728,MINTED
174614,RES-2005-435,7358,180729,MINTED
174617,RES-2005-433,7358,180730,MINTED
174619,RES-2005-434,7358,180731,MINTED
175209,RES-2005-470,7358,180732,MINTED
175219,RES-2005-428,7358,180733,MINTED
175412,RES-2005-448,7358,180734,MINTED
175774,RES-2005-427,7358,180735,MINTED
175777,RES-2005-426,7358,180736,MINTED
175793,RES-2005-474,7358,180737,MINTED
175807,RES-2005-464,7358,180738,MINTED
175810,RES-2005-463,7358,180739,MINTED
175817,RES-2005-462,7358,180740,MINTED
175831,RES-2005-461,7358,180741,MINTED
175838,RES-2005-460,7358,180742,MINTED
175861,RES-2005-450,7358,180743,MINTED
175977,RES-2005-454,7358,180744,MINTED
176274,RES-2005-451,7358,180745,MINTED
183998,CON-RES-2025-281,160531,180746,MINTED
184004,CON-RES-2025-337,160531,180747,MINTED
184014,CON-RES-2025-335,160531,180748,MINTED
184024,CON-RES-2025-336,160531,180749,MINTED
184059,CON-RES-2025-334,160531,180750,MINTED
184067,CON-RES-2025-333,160531,180751,MINTED
184077,CON-RES-2025-332,160531,180752,MINTED
184109,CON-RES-2025-328,160531,180753,MINTED
184125,CON-RES-2025-327,160531,180754,MINTED
184139,CON-RES-2025-296,160531,180755,MINTED
184178,CON-RES-2025-300,160531,180756,MINTED
184190,CON-RES-2025-312,160531,180757,MINTED
184245,CON-RES-2025-313,160531,180758,MINTED
184278,CON-RES-2025-314,160531,180759,MINTED
193158,CON-RES-2022-670,172830,180760,MINTED
193167,CON-RES-2022-669,172830,180761,MINTED
193171,CON-RES-2022-667,172830,180762,MINTED
193177,CON-RES-2022-666,172830,180763,MINTED
193182,CON-RES-2022-665,172830,180764,MINTED
193188,CON-RES-2022-664,172830,180765,MINTED
193192,CON-RES-2022-663,172830,180766,MINTED
193250,CON-RES-2022-682,172830,180767,MINTED
193257,RES-2022-661,172830,180768,MINTED
193265,CON-RES-2022-660,172830,180769,MINTED
193273,CON-RES-2022-659,172830,180770,MINTED
190842,RES-2008-1781,7886,180771,MINTED
190848,RES-2008-1778,7886,180772,MINTED
190854,RES-2008-1779,7886,180773,MINTED
190861,RES-2008-1775,7886,180774,MINTED
190927,RES-2008-1774,7886,180775,MINTED
190929,RES-2008-1773,7886,180776,MINTED
190930,RES-2008-1777,7886,180777,MINTED
191351,RES-2008-1776,7886,180778,MINTED
182924,RES-2019-777,54544,180779,MINTED
183060,RES-2019-779,54544,180780,MINTED
183067,RES-2019-776,54544,180781,MINTED
183072,RES-2019-774,54544,180782,MINTED
183082,RES-2019-773,54544,180783,MINTED
183091,RES-2019-772,54544,180784,MINTED
183112,RES-2019-775,54544,180785,MINTED
197161,CON-RES-2010-220,124599,180786,MINTED
197182,"KNML 4170",124599,180787,MINTED
197207,CON-RES-2010-221,124599,180788,MINTED
197213,"KNML 4169",124599,180789,MINTED
197306,CON-RES-2010-223,124599,180790,MINTED
197309,"KNML 4168",124599,180791,MINTED
16405,RES-1992-2284,2735,180792,MINTED
180189,COM-2024-708,2735,180793,MINTED
180193,COM-2024-709,2735,180794,MINTED
180196,COM-2024-710,2735,180795,MINTED
180211,COM-2024-711,2735,180796,MINTED
180222,COM-2024-712,2735,180797,MINTED
182288,CON-COM-2026-15,10169,180798,MINTED
193391,CON-COM-2021-263,10169,180799,MINTED
193395,CON-COM-2021-266,10169,180800,MINTED
193402,CON-COM-2021-264,10169,180801,MINTED
196261,CON-COM-2021-265,10169,180802,MINTED
192435,RES-2009-4342,18875,180803,MINTED
192445,RES-2009-4304,18875,180804,MINTED
192459,RES-2009-4358,18875,180805,MINTED
192473,RES-2009-4346,18875,180806,MINTED
195590,RES-2009-4305,18875,180807,MINTED
30494,CON-AG-1987-68,16694,180808,MINTED
176306,"KNML 8718_1_1",16694,180809,MINTED
178695,"KNML 8718_2",16694,180810,MINTED
186335,"KNML 8718_1_2",16694,180811,MINTED
198594,COM-2016-19,25566,180812,MINTED
198621,RES-2011-1733,25566,180813,MINTED
198664,RES-2011-1737,25566,180814,MINTED
198720,RES-2011-1732,25566,180815,MINTED
180402,KN4592_2,17573,180816,MINTED
182698,KN4592_3,17573,180817,MINTED
184619,KN4592_5,17573,180818,MINTED
185487,KN4592_6,17573,180819,MINTED
13893,CON-COM-1982-289,238,180820,MINTED
187385,CON-COM-2016-342,238,180821,MINTED
187419,"MLKN 1745",238,180822,MINTED
23647,CON-AG-1999-27,9945,180823,MINTED
182323,"MLKN 3337",9945,180824,MINTED
182337,CON-COM-2026-16,9945,180825,MINTED
194221,"KNML 738",118402,180826,MINTED
194230,RES-2025-43,118402,180827,MINTED
194238,RES-2025-44,118402,180828,MINTED
23646,AG-RC-1981-72,9944,180829,MINTED
182480,"MLKN 3338",9944,180830,MINTED
182490,CON-COM-2026-17,9944,180831,MINTED
32635,CON-RES-1985-675,18830,180832,MINTED
198648,IND-1997-3,18830,180833,MINTED
198661,"MLKN 163",18830,180834,MINTED
24324,CON-RES-1988-16,10621,180835,MINTED
184403,CON-AG-2022-31,10621,180836,MINTED
184443,KN4673,10621,180837,MINTED
18403,RES-1992-5474,4728,180838,MINTED
187873,RES-2001-2518,4728,180839,MINTED
187890,"MLKN 2760",4728,180840,MINTED
32552,CON-IND-1982-4,18747,180841,MINTED
181368,IND-2023-351,18747,180842,MINTED
181377,"MLKN 422",18747,180843,MINTED
189764,KN5151,17541,180844,MINTED
189766,"KNML 1730",17541,180845,MINTED
189778,"KNML 2657",17541,180846,MINTED
171472,KN5516,66113,180847,MINTED
171914,RES-2021-2520,66113,180848,MINTED
171925,KN5517,66113,180849,MINTED
181687,CON-RES-2023-7598,247,180850,MINTED
181715,CON-RES-2022-5572,247,180851,MINTED
193131,CON-RES-2023-7596,247,180852,MINTED
21438,RES-1992-4505,7747,180853,MINTED
172383,CON-COM-2014-83,7747,180854,MINTED
172415,"MLKN 447",7747,180855,MINTED
179601,RES-2006-1116,1445,180856,MINTED
179609,RES-2006-1115,1445,180857,MINTED
179839,RES-2006-1107,1445,180858,MINTED
179681,RES-2021-4560,3930,180859,MINTED
179686,RES-2021-4561,3930,180860,MINTED
179690,RES-2021-4562,3930,180861,MINTED
23422,CON-RES-1984-550,9720,180862,MINTED
193255,CON-COM-1987-65,9720,180863,MINTED
193279,"MLKN 3234",9720,180864,MINTED
14308,RES-1981-333,649,180865,MINTED
174488,"MLKN 2603",649,180866,MINTED
172504,CON-COM-2016-173,6104,180867,MINTED
172523,"MLKN 1582",6104,180868,MINTED
191266,"MLKN 3841",142297,180869,MINTED
195955,KN1772,142297,180870,MINTED
24750,CON-RES-1985-466,11046,180871,MINTED
181073,"KNML 1702",11046,180872,MINTED
30462,CON-RES-1985-109,16662,180873,MINTED
186709,"KNML 5579",16662,180874,MINTED
25310,CON-RES-1984-380,11606,180875,MINTED
179115,"KNML 1222",11606,180876,MINTED
25804,CON-RES-1983-679,12099,180877,MINTED
195929,"MLKN 4530",12099,180878,MINTED
27625,RES-1991-704,13847,180879,MINTED
193017,"KNML 941",13847,180880,MINTED
34664,CON-RES-2004-164,20852,180881,MINTED
193879,RES-RC-1990-16,20852,180882,MINTED
24287,CON-RES-1988-497,10584,180883,MINTED
197236,KN3071,10584,180884,MINTED
25979,CON-RES-1983-59,12274,180885,MINTED
175984,"KNML 1866",12274,180886,MINTED
168710,COM-2020-17,56460,180887,MINTED
168730,"MLKN 2783",56460,180888,MINTED
193044,CON-RES-2004-357,18489,180889,MINTED
193051,"KNML 8422",18489,180890,MINTED
25691,CON-RES-1984-629,11986,180891,MINTED
179997,"KNML 1467",11986,180892,MINTED
186231,KN4530,17608,180893,MINTED
189514,KN4583,17608,180894,MINTED
14986,CON-RES-1981-615,1325,180895,MINTED
168790,"MLKN 2867",1325,180896,MINTED
25687,CON-RES-RC-1982-167,11982,180897,MINTED
174362,"KNML 443",11982,180898,MINTED
187003,COM-2002-434,1043,180899,MINTED
187064,COM-2002-433,1043,180900,MINTED
26789,RES-1991-103,13017,180901,MINTED
187208,"KNML 291",13017,180902,MINTED
21200,RES-1992-4252,7509,180903,MINTED
183349,"MLKN 813",7509,180904,MINTED
30139,CON-RES-1991-194,16340,180905,MINTED
188821,"KNML 2460",16340,180906,MINTED
23515,CON-RES-1981-462,9813,180907,MINTED
186686,"MLKN 1852",9813,180908,MINTED
197113,,2236,,"ERROR: At least one file identifier is required to allocate a Property ID."
197189,"MLKN 3807",2236,180909,MINTED
29452,CON-RES-1982-179,15653,180910,MINTED
187960,"KNML 2873",15653,180911,MINTED
17915,RES-1992-3851,4240,180912,MINTED
194373,"MLKN 2650",4240,180913,MINTED
17471,CON-RES-1993-11,3797,180914,MINTED
179143,KN3850,3797,180915,MINTED
24349,CON-RES-1988-2,10646,180916,MINTED
195410,"MLKN 125",10646,180917,MINTED
181081,KN5118,17550,180918,MINTED
188000,KN5160,17550,180919,MINTED
29871,CON-RES-1994-611,16072,180920,MINTED
197042,"KNML 8428",16072,180921,MINTED
25160,CON-RES-1982-1529,11456,180922,MINTED
183131,"MLKN 2810",11456,180923,MINTED
21238,RES-1992-4317,7547,180924,MINTED
182947,"MLKN 1816",7547,180925,MINTED
24885,CON-RES-1983-516,11181,180926,MINTED
181907,"KNML 1707",11181,180927,MINTED
24249,CON-RES-1988-242,10546,180928,MINTED
173981,"MLKN 30",10546,180929,MINTED
47368,CON-RES-2008-27,25426,180930,MINTED
185488,RES-2017-840,25426,180931,MINTED
24944,CON-RES-1982-542,11240,180932,MINTED
186488,"KNML 263",11240,180933,MINTED
32645,CON-RES-1997-380,18840,180934,MINTED
175426,"MLKN 115_2",18840,180935,MINTED
30361,CON-AG-1991-19,16561,180936,MINTED
193675,"KNML 515",16561,180937,MINTED
33166,CON-AG-1993-72,19361,180938,MINTED
170034,"MLKN 3709",19361,180939,MINTED
172965,,2995,,"ERROR: At least one file identifier is required to allocate a Property ID."
173021,"MLKN 3068",2995,180940,MINTED
18841,RES-1992-6652,5165,180941,MINTED
196997,"MLKN 4291",5165,180942,MINTED
30277,CON-COM-1999-14,16478,180943,MINTED
179162,"KNML 1831",16478,180944,MINTED
30120,CON-RES-1990-234,16321,180945,MINTED
189546,"KNML 7060",16321,180946,MINTED
15065,RES-1981-882,1403,180947,MINTED
175299,"MLKN 211",1403,180948,MINTED
18305,CON-AG-1982-442,4630,180949,MINTED
198876,"MLKN 3355",4630,180950,MINTED
32643,CON-RES-1997-378,18838,180951,MINTED
170207,"MLKN 2625",18838,180952,MINTED
26238,CON-AG-1984-47,12532,180953,MINTED
186744,"KNML 267",12532,180954,MINTED
21829,RES-1992-5040,8133,180955,MINTED
192551,"MLKN 462",8133,180956,MINTED
14891,RES-1992-929,1230,180957,MINTED
196980,"MLKN 3442",1230,180958,MINTED
27976,RES-1993-1457,14189,180959,MINTED
183242,"KNML 1928",14189,180960,MINTED
17239,RES-1992-2673,3565,180961,MINTED
173608,KN2654,3565,180962,MINTED
47385,CON-RES-2008-1172,25443,180963,MINTED
182562,RES-2003-1509,25443,180964,MINTED
180068,"KNML 1471_1",49483,180965,MINTED
180069,"KNML 1471_2",49483,180966,MINTED
29370,CON-RES-1987-814,15572,180967,MINTED
179031,"KNML 1768",15572,180968,MINTED
181800,KN5095,153410,180969,MINTED
187970,KN4554,153410,180970,MINTED
32640,CON-RES-1997-363,18835,180971,MINTED
172135,KN3967,18835,180972,MINTED
181437,"KNML 1980",157181,180973,MINTED
181675,RES-2008-1604,157181,180974,MINTED
17493,CON-RES-1993-36,3819,180975,MINTED
186292,KN3041,3819,180976,MINTED
21081,CON-RES-1995-412,7391,180977,MINTED
172218,"MLKN 4224",7391,180978,MINTED
24646,CON-RES-1988-225,10942,180979,MINTED
197191,"KNML 9483",10942,180980,MINTED
23373,CON-RES-1982-402,9671,180981,MINTED
176155,"MLKN 1832",9671,180982,MINTED
21237,RES-1992-4316,7546,180983,MINTED
171167,KN2236,7546,180984,MINTED
25087,CON-AG-1984-9,11383,180985,MINTED
186980,"KNML 288",11383,180986,MINTED
28872,RES-1993-3185,15077,180987,MINTED
184380,"KNML 1728",15077,180988,MINTED
23309,RES-1992-7265,9607,180989,MINTED
181016,"MLKN 1117",9607,180990,MINTED
23408,CON-RES-1982-1161,9706,180991,MINTED
171636,"MLKN 2700",9706,180992,MINTED
29043,RES-1993-2935,15245,180993,MINTED
186447,"KNML 9789",15245,180994,MINTED
20336,RES-1992-3101,6652,180995,MINTED
184840,COM-2018-14,6652,180996,MINTED
14600,RES-1981-622,940,180997,MINTED
181991,"MLKN 790",940,180998,MINTED
181330,CON-IND-2020-46,25998,180999,MINTED
181343,"MLKN 2987",25998,181000,MINTED
25257,CON-RES-1983-277,11553,181001,MINTED
178362,"KNML 1215",11553,181002,MINTED
175967,"KNML 2791",49193,181003,MINTED
186502,"KNML 2793",49193,181004,MINTED
26852,RES-1991-169,13079,181005,MINTED
182494,KN3009,13079,181006,MINTED
31908,CON-RES-1985-434,18104,181007,MINTED
179310,"KNML 1837",18104,181008,MINTED
32528,CON-COM-RC-1981-36,18723,181009,MINTED
177513,"MLKN 573",18723,181010,MINTED
25522,CON-RES-1999-314,11818,181011,MINTED
184541,"KNML 1742",11818,181012,MINTED
22357,RES-1992-6244,8658,181013,MINTED
195568,"MLKN 1163",8658,181014,MINTED
23722,CON-AG-1985-10,10020,181015,MINTED
192699,KN3650,10020,181016,MINTED
15075,RES-1981-845,1413,181017,MINTED
189340,KN3807,1413,181018,MINTED
17738,RES-1992-4064,4064,181019,MINTED
185336,"MLKN 3755",4064,181020,MINTED
29387,CON-RES-1987-481,15588,181021,MINTED
184528,"KNML 1914",15588,181022,MINTED
28357,RES-1992-7361,14570,181023,MINTED
183271,"KNML 1927",14570,181024,MINTED
171083,KN8853,60382,181025,MINTED
172780,"KNML 8853",60382,181026,MINTED
29662,CON-RES-1982-1040,15863,181027,MINTED
198216,"KNML 8418",15863,181028,MINTED
25061,CON-RES-1984-295,11357,181029,MINTED
192678,"KNML 912",11357,181030,MINTED
21439,RES-1992-4507,7748,181031,MINTED
195558,"MLKN 4339",7748,181032,MINTED
27889,RES-1993-710,14102,181033,MINTED
193031,"KNML 942",14102,181034,MINTED
22275,CON-RES-1982-515,8576,181035,MINTED
88299,CON-RES-2026-2924,8576,181036,MINTED
20127,CON-AG-1986-18,6444,181037,MINTED
194853,"MLKN 4548",6444,181038,MINTED
15350,RES-1981-1046,1687,181039,MINTED
182245,"MLKN 2204",1687,181040,MINTED
191584,RES-2008-4672,66500,181041,MINTED
191952,RES-2008-4670,66500,181042,MINTED
18737,CON-RES-RC-1982-513,5061,181043,MINTED
169315,"MLKN 3638",5061,181044,MINTED
19637,RES-1982-842,5960,181045,MINTED
174861,"MLKN 379",5960,181046,MINTED
28358,RES-1992-7365,14571,181047,MINTED
184153,"KNML 1926",14571,181048,MINTED
23257,RES-1992-7109,9555,181049,MINTED
190412,"MLKN 1099",9555,181050,MINTED
168914,KN4128,145906,181051,MINTED
170068,KN4218,145906,181052,MINTED
32729,CON-COM-1998-29,18924,181053,MINTED
181371,"MLKN 770",18924,181054,MINTED
18077,CON-AG-1985-150,4402,181055,MINTED
170473,"MLKN 2524",4402,181056,MINTED
21463,RES-1992-4542,7772,181057,MINTED
172059,"MLKN 25",7772,181058,MINTED
180263,RES-2024-3912,66407,181059,MINTED
180282,RES-2024-3911,66407,181060,MINTED
25681,CON-RES-1989-201,11976,181061,MINTED
187235,"KNML 275",11976,181062,MINTED
28663,RES-1993-1748,14872,181063,MINTED
181233,"KNML 1963",14872,181064,MINTED
27624,RES-1991-703,13846,181065,MINTED
193286,"KNML 943",13846,181066,MINTED
21619,RES-1992-4737,7927,181067,MINTED
174595,"MLKN 2825",7927,181068,MINTED
23532,CON-RES-1982-885,9830,181069,MINTED
174143,KN5011,9830,181070,MINTED
185751,,161677,,"ERROR: At least one file identifier is required to allocate a Property ID."
186022,DCIV-2025-484,161677,181071,MINTED
188135,CON-RES-2014-20,132576,181072,MINTED
188163,"KNML 2886",132576,181073,MINTED
17689,RES-1992-4182,4015,181074,MINTED
198790,"MLKN 2551",4015,181075,MINTED
24481,CON-RES-1987-176,10778,181076,MINTED
181280,"KNML 1281",10778,181077,MINTED
24302,CON-RES-1988-697,10599,181078,MINTED
176326,"MLKN 3799",10599,181079,MINTED
18857,RES-1992-6671,5181,181080,MINTED
196608,"MLKN 4502",5181,181081,MINTED
22759,CON-RES-1995-532,9058,181082,MINTED
173638,"MLKN 1704",9058,181083,MINTED
21783,RES-1992-4896,8088,181084,MINTED
198550,"CON-COM-1989-23 AND EXTENSION",8088,181085,MINTED
31682,CON-RES-1986-153,17878,181086,MINTED
170504,KN4588,17878,181087,MINTED
17088,RES-1982-356,3417,181088,MINTED
178551,"MLKN 4554",3417,181089,MINTED
25459,CON-RES-1989-97,11755,181090,MINTED
187266,"KNML 278",11755,181091,MINTED
17968,RES-1992-3970,4293,181092,MINTED
195588,"MLKN 1778",4293,181093,MINTED
32715,CON-RES-1996-106,18910,181094,MINTED
174875,KN959,18910,181095,MINTED
170369,KN8835,147268,181096,MINTED
172397,"KNML 8835",147268,181097,MINTED
28639,RES-1993-1708,14848,181098,MINTED
175993,"KNML 6679",14848,181099,MINTED
29444,CON-RES-1982-190,15645,181100,MINTED
187271,"KNML 2865",15645,181101,MINTED
17553,CON-RES-1994-614,3879,181102,MINTED
175462,"MLKN 1086",3879,181103,MINTED
15351,RES-1981-1047,1688,181104,MINTED
181744,"MLKN 2205",1688,181105,MINTED
18856,RES-1992-6670,5180,181106,MINTED
172276,"MLKN 4506",5180,181107,MINTED
181216,RES-2011-2311,24959,181108,MINTED
181242,RES-RC-1982-299,24959,181109,MINTED
24234,CON-RES-1988-63,10531,181110,MINTED
180471,CON-IND-2014-16,10531,181111,MINTED
172216,"KNML 3143_1_1",148770,181112,MINTED
174052,"KNML 3143_1_2",148770,181113,MINTED
192007,"KNML 5862",58132,181114,MINTED
196225,RES-RC-1987-34,58132,181115,MINTED
22779,CON-RES-1995-51,9078,181116,MINTED
187810,"KNML 280",9078,181117,MINTED
14701,RES-1992-1037,1040,181118,MINTED
182096,"MLKN 792",1040,181119,MINTED
16464,CON-COM-1990-55,2794,181120,MINTED
172307,"MLKN 360",2794,181121,MINTED
21188,RES-1992-4239,7497,181122,MINTED
144759,CON-COM-2026-546,7497,181123,MINTED
23327,RES-1992-7314,9625,181124,MINTED
169189,"MLKN 3618",9625,181125,MINTED
21642,RES-1992-4778,7949,181126,MINTED
180908,"MLKN 1171",7949,181127,MINTED
22160,RES-1992-6091,8461,181128,MINTED
175418,KN2557,8461,181129,MINTED
23473,CON-RES-1982-425,9771,181130,MINTED
185123,CON-COM-2025-636,9771,181131,MINTED
32001,CON-RES-1983-614,18197,181132,MINTED
184592,"KNML 1737",18197,181133,MINTED
180476,,18711,,"ERROR: At least one file identifier is required to allocate a Property ID."
180477,,18711,,"ERROR: At least one file identifier is required to allocate a Property ID."
15014,CON-COM-1981-88,1353,181134,MINTED
196352,"MLKN 118",1353,181135,MINTED
29456,CON-RES-1982-164,15657,181136,MINTED
187344,"KNML 2864",15657,181137,MINTED
29338,CON-RES-1985-227,15540,181138,MINTED
185680,"KNML 1526",15540,181139,MINTED
27525,RES-1991-590,13748,181140,MINTED
188283,"KNML 8141",13748,181141,MINTED
192702,RES-2016-2741,43389,181142,MINTED
192751,"KNGP 273",43389,181143,MINTED
17089,RES-1982-354,3418,181144,MINTED
195181,"MLKN 4553",3418,181145,MINTED
29744,CON-COM-1989-50,15945,181146,MINTED
176240,"KNML 108",15945,181147,MINTED
30318,CON-COM-1999-60,16518,181148,MINTED
193632,"KNML 513",16518,181149,MINTED
14437,RES-1992-790,777,181150,MINTED
197929,"MLKN 3203",777,181151,MINTED
24529,CON-RES-1987-894,10825,181152,MINTED
186497,"KNML 1536",10825,181153,MINTED
171183,COM-2003-517,147930,181154,MINTED
171195,"MLKN 387",147930,181155,MINTED
172182,"KNML 3142",148745,181156,MINTED
172227,"KNML 3143_2",148745,181157,MINTED
194788,KN885_1,175269,181158,MINTED
194789,KN885_2,175269,181159,MINTED
30482,CON-RES-1985-196,16682,181160,MINTED
175547,KN5074,16682,181161,MINTED
189707,DCIV-2026-422,132772,181162,MINTED
194935,DCIV-2026-387,132772,181163,MINTED
31722,CON-IND-1984-10,17918,181164,MINTED
185723,CON-COM-2023-390,17918,181165,MINTED
31454,CON-RES-1994-729,17651,181166,MINTED
196804,KN3367,17651,181167,MINTED
23599,CON-RES-1982-1054,9897,181168,MINTED
185349,"MLKN 3579",9897,181169,MINTED
172932,,10508,,"ERROR: At least one file identifier is required to allocate a Property ID."
172941,"MLKN 32",10508,181170,MINTED
30419,CON-IND-1985-2,16619,181171,MINTED
172088,"KNML 3635_2",16619,181172,MINTED
29240,CON-RES-1984-403,15442,181173,MINTED
170079,"KNML 8399",15442,181174,MINTED
27045,RES-1982-2239,13272,181175,MINTED
191883,"KNML 3063",13272,181176,MINTED
174305,"KNML 5914",151076,181177,MINTED
174306,"KNML 8681_2",151076,181178,MINTED
32747,CON-COM-1998-73,18942,181179,MINTED
170116,"MLKN 445",18942,181180,MINTED
30343,CON-RES-1999-115,16543,181181,MINTED
193634,"KNML 511",16543,181182,MINTED
32738,CON-COM-1998-57,18933,181183,MINTED
179241,"MLKN 591_1",18933,181184,MINTED
28169,RES-1993-2138,14382,181185,MINTED
185534,"KNML 1510",14382,181186,MINTED
14462,CON-RES-1981-554,802,181187,MINTED
172294,"MLKN 516",802,181188,MINTED
