source_table,source_id,file_no,column,original_path,action
change_of_purpose_applications,91,CON-AG-2019-24,,,"SKIP: file number is not indexed"
change_of_purpose_applications,104,CON-COM-1998-77,,,"SKIP: file number is not indexed"
change_of_purpose_applications,118,CON-AG-2008-50,site_plan,EDMS/SCAN_UPLOAD/Lands_Registry/CON-AG-2008-50/A4/cop_118_1786036658.jpeg,"SKIP: already in EDMS"
change_of_purpose_applications,191,CON-COM-2003-118,site_plan,EDMS/SCAN_UPLOAD/Lands_Registry/CON-COM-2003-118/A4/cop_191_1790182675.jpeg,"SKIP: already in EDMS"
change_of_purpose_applications,199,RES-RC-1981-99,site_plan,EDMS/SCAN_UPLOAD/Lands_Registry/RES-RC-1981-99/A4/cop_199_1790333625.jpg,"SKIP: already in EDMS"
change_of_purpose_applications,200,RES-RC-1981-99,site_plan,EDMS/SCAN_UPLOAD/Lands_Registry/RES-RC-1981-99/A4/cop_200_1790333627.jpg,"SKIP: already in EDMS"
plot_subdivision_applications,1,RES-RC-1982-1646,site_plan,EDMS/SCAN_UPLOAD/Lands_Registry/RES-RC-1982-1646/A4/subdivision_1_1778005319.jpg,"SKIP: already in EDMS"
plot_subdivision_applications,2,CON-COM-2026-286,site_plan,EDMS/SCAN_UPLOAD/Lands_Registry/CON-COM-2026-286/A4/subdivision_2_1778244011.jpeg,"SKIP: already in EDMS"
plot_subdivision_applications,3,RES-RC-1986-28,site_plan,EDMS/SCAN_UPLOAD/Lands_Registry/RES-RC-1986-28/A4/subdivision_3_1778504851.jpeg,"SKIP: already in EDMS"
plot_subdivision_applications,4,RES-RC-1982-731,site_plan,EDMS/SCAN_UPLOAD/Lands_Registry/RES-RC-1982-731/A4/subdivision_4_1779376820.jpeg,"SKIP: already in EDMS"
plot_subdivision_applications,8,RES-RC-1982-448,site_plan,EDMS/SCAN_UPLOAD/Lands_Registry/RES-RC-1982-448/A4/subdivision_8_1779449591.jpeg,"SKIP: already in EDMS"
plot_subdivision_applications,9,"MLKN 3020",site_plan,"EDMS/SCAN_UPLOAD/KANGIS_Registry/MLKN 3020/A4/subdivision_9_1779450686.jpeg","SKIP: already in EDMS"
plot_subdivision_applications,294,RES-RC-1984-165,site_plan,EDMS/SCAN_UPLOAD/Lands_Registry/RES-RC-1984-165/A4/subdivision_294_site_plan_1784721435.jpeg,"SKIP: already in EDMS"
plot_subdivision_applications,392,RES-1991-10003,site_plan,EDMS/SCAN_UPLOAD/Lands_Registry/RES-1991-10003/A4/subdivision_392_site_plan_1786382152.jpeg,"SKIP: already in EDMS"
plot_subdivision_applications,394,RES-2005-879,site_plan,EDMS/SCAN_UPLOAD/Lands_Registry/RES-2005-879/A4/subdivision_394_site_plan_1786382330.jpeg,"SKIP: already in EDMS"
plot_subdivision_applications,397,CON-IND-2025-8,site_plan,EDMS/SCAN_UPLOAD/Lands_Registry/CON-IND-2025-8/A4/subdivision_397_site_plan_1786383154.jpeg,"SKIP: already in EDMS"
plot_subdivision_applications,10440,CON-AG-2006-18,site_plan,EDMS/SCAN_UPLOAD/Lands_Registry/CON-AG-2006-18/A4/subdivision_10440_site_plan_1786978709.jpg,"SKIP: already in EDMS"
plot_subdivision_applications,10476,CON-IND-2024-9,site_plan,EDMS/SCAN_UPLOAD/Lands_Registry/CON-IND-2024-9/A4/subdivision_10476_site_plan_1787246295.jpeg,"SKIP: already in EDMS"
plot_subdivision_applications,10536,RES-1991-3210,site_plan,EDMS/SCAN_UPLOAD/Lands_Registry/RES-1991-3210/A4/subdivision_10536_site_plan_1787825835.jpeg,"SKIP: already in EDMS"
plot_subdivision_applications,10566,RES-RC-1982-850,site_plan,EDMS/SCAN_UPLOAD/Lands_Registry/RES-RC-1982-850/A4/subdivision_10566_site_plan_1789039186.jpg,"SKIP: already in EDMS"
plot_subdivision_applications,10567,RES-RC-1982-850,site_plan,EDMS/SCAN_UPLOAD/Lands_Registry/RES-RC-1982-850/A4/subdivision_10567_site_plan_1789039189.jpg,"SKIP: already in EDMS"
plot_subdivision_applications,10677,CON-RES-2026-2924,site_plan,EDMS/SCAN_UPLOAD/Lands_Registry/CON-RES-2026-2924/A4/subdivision_10677_site_plan_1790183127.jpeg,"SKIP: already in EDMS"
plot_subdivision_applications,10706,COM-2026-322,site_plan,EDMS/SCAN_UPLOAD/Lands_Registry/COM-2026-322/A4/subdivision_10706_site_plan_1790616611.jpg,"SKIP: already in EDMS"
plot_subdivision_applications,10706,COM-2026-322,application_letter,EDMS/SCAN_UPLOAD/Lands_Registry/COM-2026-322/A4/subdivision_10706_application_letter_1790616611.jpg,"SKIP: already in EDMS"
plot_merger_applications,1,COM-2009-90,site_plan,EDMS/SCAN_UPLOAD/Lands_Registry/COM-2009-90/A4/merger_1_1778527841.jpeg,"SKIP: already in EDMS"
plot_merger_applications,2,IND-2026-3,site_plan,EDMS/SCAN_UPLOAD/Lands_Registry/IND-2026-3/A4/merger_2_1778784836.jpeg,"SKIP: already in EDMS"
duplex_parcel_updates,4,CON-COM-2024-599,site_plan,EDMS/SCAN_UPLOAD/Lands_Registry/CON-COM-2024-599/A4/duplex_4_site_plan_1788173670.jpg,"SKIP: already in EDMS"
duplex_parcel_updates,5,CON-COM-2018-38,site_plan,EDMS/SCAN_UPLOAD/Lands_Registry/CON-COM-2018-38/A4/duplex_5_site_plan_1789384768.jpg,"SKIP: already in EDMS"
duplex_parcel_updates,8,CON-COM-2003-118,site_plan,EDMS/SCAN_UPLOAD/Lands_Registry/CON-COM-2003-118/A4/duplex_8_site_plan_1790181240.jpeg,"SKIP: already in EDMS"
duplex_parcel_updates,9,CON-COM-2001-35,site_plan,EDMS/SCAN_UPLOAD/Lands_Registry/CON-COM-2001-35/A4/duplex_9_site_plan_1790246900.jpeg,"SKIP: already in EDMS"
