prop_id,files_sharing,verdict,file_indexing_id,file_number,registry,file_title
7358,27,collision,176274,RES-2005-451,2,"ABUBAKAR G. MUSA & C0"
7358,27,collision,175774,RES-2005-427,2,"ABUBAKAR G. MUSA & CO."
7358,27,collision,175777,RES-2005-426,2,"ABUBAKAR G. MUSA & CO."
7358,27,collision,175793,RES-2005-474,2,"ABUBAKAR G. MUSA & CO"
7358,27,collision,175807,RES-2005-464,2,"ABUBAKAR G. MUSA & CO"
7358,27,collision,175810,RES-2005-463,2,"ABUBAKAR G. MUSA & CO"
7358,27,collision,175817,RES-2005-462,2,"ABUBAKAR G. MUSA & CO"
7358,27,collision,175831,RES-2005-461,2,"ABUBAKAR G. MUSA & CO"
7358,27,collision,175838,RES-2005-460,2,"ABUBAKAR G. MUSA & CO"
7358,27,collision,175861,RES-2005-450,2,"ABUBAKAR G. MUSA & CO"
7358,27,collision,175977,RES-2005-454,2,"ABUBAKAR G. MUSA & CO."
7358,27,collision,175209,RES-2005-470,2,"ABUBAKAR G. MUSA & CO"
7358,27,collision,175219,RES-2005-428,2,"ABUBAKAR G. MUSA & CO"
7358,27,collision,175412,RES-2005-448,2,"ABUBAKAR G. MUSA & CO."
7358,27,collision,21046,RES-1992-3557,2,"MAJE AHMED DURBUNDE"
7358,27,collision,174588,RES-2005-446,2,"ABUBAKAR G. MUSA & CO"
7358,27,collision,174592,RES-2005-447,2,"ABUBAKAR G. MUSA & CO."
7358,27,collision,174593,RES-2005-432,2,"ABUBAKAR G. MUSA & CO"
7358,27,collision,174598,RES-2005-431,2,"ABUBAKAR G. MUSA & CO"
7358,27,collision,174600,RES-2005-442,2,"ABUBAKAR G. MUSA & CO."
7358,27,collision,174601,RES-2005-444,2,"ABUBAKAR G. MUSA & CO"
7358,27,collision,174602,RES-2005-445,2,"ABUBAKAR G. MUSA & CO."
7358,27,collision,174606,RES-2005-440,2,"ABUBAKAR G. MUSA & CO"
7358,27,collision,174607,RES-2005-443,2,"ABUBAKAR G. MUSA & CO."
7358,27,collision,174614,RES-2005-435,2,"ABUBAKAR G. MUSA & CO."
7358,27,collision,174617,RES-2005-433,2,"ABUBAKAR G. MUSA & CO"
7358,27,collision,174619,RES-2005-434,2,"ABUBAKAR G. MUSA & CO"
106219,24,legitimate-linked,192380,RES-2009-6201,2,"PROF. AUWALU H. YADUDU"
106219,24,legitimate-linked,194239,RES-2009-6169,2,"PROF. AUWALU HAMISU YADUDU"
106219,24,legitimate-linked,194244,RES-2009-6129,2,"PROF. AUWALU HAMISU YADUDU"
106219,24,legitimate-linked,194247,RES-2009-6128,2,"PROF. AUWALU HAMISU YADUDU"
106219,24,legitimate-linked,194254,RES-2009-6196,2,"PROF. AUWALU HAMISU YADUDU"
106219,24,legitimate-linked,194259,RES-2009-6195,2,"PROF. AUWALU HAMISU YADUDU"
106219,24,legitimate-linked,194262,RES-2009-6140,2,"PROF. AUWALU HAMISU YADUDU"
106219,24,legitimate-linked,194266,RES-2009-6139,2,"PROF. AUWALU HAMISU YADUDU"
106219,24,legitimate-linked,195575,RES-2009-6190,2,"PROF AUWALU HAMISU YADUDU"
106219,24,legitimate-linked,195579,RES-2009-6207,2,"PROF AUWALU HAMISU YADUDU"
106219,24,legitimate-linked,195580,RES-2009-6208,2,"PROF AUWALU HAMISU YADUDU"
106219,24,legitimate-linked,194295,RES-2009-6193,2,"PROF. AUWALU HAMISU YADUDU"
106219,24,legitimate-linked,194304,RES-2009-6156,2,"PROF. AUWALU HAMISU YADUDU"
106219,24,legitimate-linked,194310,RES-2009-6200,2,"PROF. AUWALU HAMISU YADUDU"
106219,24,legitimate-linked,194982,RES-2009-6206,2,"PROF. AUWALU HAMISU YADUDU"
106219,24,legitimate-linked,195591,RES-2009-6132,2,"PROF. AUWALU HAMISU YADUDU"
106219,24,legitimate-linked,195668,RES-2009-6188,2,"PROF AUWALU HAMISU YADUDU"
106219,24,legitimate-linked,195682,RES-2009-6143,2,"PR0F. AUWALU HAMISU YADUDU"
106219,24,legitimate-linked,195902,RES-2009-6141,2,"PROF. AUWALU HAMISU YADUDU"
106219,24,legitimate-linked,195905,RES-2009-6147,2,"PROF. AUWALU H. YADUDU"
106219,24,legitimate-linked,195915,RES-2009-6142,2,"PROF. AUWALU H. YADUDU"
106219,24,legitimate-linked,196921,RES-2009-6168,2,"PROF AUWALU HAMISU YADUDUD"
106219,24,legitimate-linked,197187,RES-2009-6167,2,"PROF. AUWALU HAMISU YADUDU"
106219,24,legitimate-linked,197209,RES-2009-6165,2,"PROF. AUWALU HAMISU YADUDU"
10228,18,collision,174708,RES-2005-1756,2,"YAHAYA ZAKARI MOHD"
10228,18,collision,174720,RES-2005-1754,2,"ALH YAHAYA ZAKARI MOHD"
10228,18,collision,176261,RES-2005-1735,2,"ALH. YAHAYA ZAKARI MOHD"
10228,18,collision,176265,RES-2005-1752,2,"ALHAJI YAHAYA ZAKARI MOHD"
10228,18,collision,176269,RES-2005-1726,2,"ALH. YAHAYA ZAKARI MOHD"
10228,18,collision,175805,RES-2005-1733,2,"ALHAJI YAHAYA ZAKARI MUHAMMAD"
10228,18,collision,175819,RES-2005-1746,2,"ALHAJI YAHAYA ZAKARI MUHAMMAD"
10228,18,collision,175822,RES-2005-1751,2,"ALH YAHAYA ZAKARI MOHD"
10228,18,collision,175837,RES-2005-1749,2,"ALH YAHAYA ZAKARI MOHD"
10228,18,collision,175844,RES-2005-1725,2,"ALHAJI YAHAYA ZAKARI MUHAMMAD"
10228,18,collision,175855,RES-2005-1748,2,"ALH YAHAYA ZAKARI MOHD"
10228,18,collision,175344,RES-2005-1732,2,"ALH YAHAYA ZAKARI MOHD"
10228,18,collision,175359,RES-2005-1743,2,"ALH YAHAYA ZAKARI MOHD"
10228,18,collision,175404,RES-2005-1755,2,"ALH YAHAYA ZAKARI MOHD"
10228,18,collision,175415,RES-2005-1758,2,"ALH YAHAYA ZAKARI MOHD"
10228,18,collision,175430,RES-2005-1750,2,"ALH YAHAYA ZAKARI MUHD"
10228,18,collision,175537,RES-2005-1747,2,"ALH. YAHAYA ZAKARI MOHD"
10228,18,collision,23930,CON-RES-1982-1200,3,"MUHAMMADU BELLO SALIHI"
160531,15,collision,183989,CON-RES-2025-294,3,"DAN'UMMA WORLD WIDE BIZ VENTURES"
160531,15,collision,183998,CON-RES-2025-281,3,"DAN'UMMA WORLD WIDE BIZ VENTURES"
160531,15,collision,184004,CON-RES-2025-337,3,"DAN'UMMA WORLD WIDE BIZ VENTURES"
160531,15,collision,184014,CON-RES-2025-335,3,"DAN'UMMA WORLD WIDE BIZ VENTURES"
160531,15,collision,184024,CON-RES-2025-336,3,"DAN'UMMA WORLD WIDE BIZ VENTURES"
160531,15,collision,184059,CON-RES-2025-334,3,"DAN'UMMA WORLD WIDE BIZ VENTURES"
160531,15,collision,184067,CON-RES-2025-333,3,"DAN'UMMA WORLD WIDE BIZ VENTURES"
160531,15,collision,184077,CON-RES-2025-332,3,"DAN'UMMA WORLD WIDE BIZ VENTURES"
160531,15,collision,184109,CON-RES-2025-328,3,"DAN'UMMA WORLD WIDE BIZ VENTURES"
160531,15,collision,184125,CON-RES-2025-327,3,"DAN'UMMA WORLD WIDE BIZ VENTURES"
160531,15,collision,184139,CON-RES-2025-296,3,"DAN'UMMA WORLD WIDE BIZ VENTURES"
160531,15,collision,184178,CON-RES-2025-300,3,"DAN'UMMA WORLD WIDE BIZ VENTURES"
160531,15,collision,184190,CON-RES-2025-312,3,"DAN'UMMA WORLD WIDE BIZ VENTURES"
160531,15,collision,184245,CON-RES-2025-313,3,"DAN'UMMA WORLD WIDE BIZ VENTURES"
160531,15,collision,184278,CON-RES-2025-314,3,"DAN'UMMA WORLD WIDE BIZ VENTURES"
172830,12,legitimate-linked,193153,CON-RES-2022-683,3,"BASHIR MUSA ABDULLAHI"
172830,12,legitimate-linked,193158,CON-RES-2022-670,3,"BASHIR MUSA ABDULLAHI"
172830,12,legitimate-linked,193167,CON-RES-2022-669,3,"BASHIR MUSA ABDULLAHI"
172830,12,legitimate-linked,193171,CON-RES-2022-667,3,"BASHIR MUSA ABDULLAHI"
172830,12,legitimate-linked,193177,CON-RES-2022-666,3,"BASHIR MUSA ABDULLAHI"
172830,12,legitimate-linked,193182,CON-RES-2022-665,3,"BASHIR MUSA ABDULLAHI"
172830,12,legitimate-linked,193188,CON-RES-2022-664,3,"BASHIR MUSA ABDULLAHI"
172830,12,legitimate-linked,193192,CON-RES-2022-663,3,"BASHIR MUSA ABDULLAHI"
172830,12,legitimate-linked,193250,CON-RES-2022-682,3,"BASHIR MUSA ABDULLAHI"
172830,12,legitimate-linked,193257,RES-2022-661,2,"BASHIR MUSA ABDULLAHI"
172830,12,legitimate-linked,193265,CON-RES-2022-660,3,"BASHIR MUSA ABDULLAHI"
172830,12,legitimate-linked,193273,CON-RES-2022-659,3,"BASHIR MUSA ABDULLAHI"
7886,10,legitimate-linked,190165,RES-2008-1216,2,"MOHD BALA SOYE"
7886,10,legitimate-linked,191351,RES-2008-1776,2,"ALHAJI TASIU MOHD"
7886,10,legitimate-linked,190842,RES-2008-1781,2,"ALHAJI GARBA MOHAMMED"
7886,10,legitimate-linked,190848,RES-2008-1778,2,"ALHAJI ASHIRU MOHD"
7886,10,legitimate-linked,190854,RES-2008-1779,2,"ALHAJI SAMINU MEMAI"
7886,10,legitimate-linked,190861,RES-2008-1775,2,"ALHAJI ABDULLAHI MOHD"
7886,10,legitimate-linked,190927,RES-2008-1774,2,"ALHAJI RABIU MOHAMMED"
7886,10,legitimate-linked,190929,RES-2008-1773,2,"ALHAJI AMINU MUHD"
7886,10,legitimate-linked,190930,RES-2008-1777,2,"ALHAJI SABO MOHD"
7886,10,legitimate-linked,21578,RES-1992-4588,2,"GARBA ALHAJI SHEHU"
54544,8,collision,182924,RES-2019-777,2,"M.H GANO ENP. & CONSTRUCTION COMPANY NIG. LTD."
54544,8,collision,183060,RES-2019-779,2,"M.H GANO ENP. & CONSTRUCTION COMPANY NIG. LTD."
54544,8,collision,183067,RES-2019-776,2,"M.H GANO ENP. & CONSTRUCTION COMPANY NIG. LTD."
54544,8,collision,183072,RES-2019-774,2,"M.H GANO ENP. & CONSTRUCTION COMPANY NIG. LTD."
54544,8,collision,183082,RES-2019-773,2,"M.H GANO ENP. & CONSTRUCTION COMPANY NIG. LTD."
54544,8,collision,183091,RES-2019-772,2,"M.H GANO ENP. & CONSTRUCTION COMPANY NIG. LTD."
54544,8,collision,183112,RES-2019-775,2,"M.H GANO ENP. & CONSTRUCTION COMPANY NIG. LTD."
54544,8,collision,182595,RES-2019-778,2,"M.H. GANO ENP. & CONSTRUCTION COMPANY NIG. LTD."
18875,7,legitimate-linked,192420,RES-2009-4343,2,"MODERN PROGRESSIVE FOODS LIMITED"
18875,7,legitimate-linked,192435,RES-2009-4342,2,"MODERN PROGRESSIVE FOODS LIMITED"
18875,7,legitimate-linked,192445,RES-2009-4304,2,"MODERN PROGRESSIVE FOODS LIMITED"
18875,7,legitimate-linked,192459,RES-2009-4358,2,"MODERN PROGRESSIVE FOODS LIMITED"
18875,7,legitimate-linked,192473,RES-2009-4346,2,"MODERN PROGRESSIVE FOODS LIMITED"
18875,7,legitimate-linked,32680,CON-COM-1997-50,3,"ALHAJI IBRAHIM MAI GORO"
18875,7,legitimate-linked,195590,RES-2009-4305,2,"MODERN PROGRESSIVE FOOD LIMITED"
124599,7,legitimate-linked,187112,CON-AG-2010-165,3,"ALHAJI ABDU SHEHU"
124599,7,legitimate-linked,197161,CON-RES-2010-220,3,"AHMED MOHAMMED SABITU"
124599,7,legitimate-linked,197182,"KNML 4170",KANGIS,"AHMED MOHAMMED SABITU"
124599,7,legitimate-linked,197207,CON-RES-2010-221,3,"AHMED MOHAMMED SABITU"
124599,7,legitimate-linked,197213,"KNML 4169",KANGIS,"AHMED MOHAMMED SABITU"
124599,7,legitimate-linked,197306,CON-RES-2010-223,3,"AHMED MOHAMMED SABITU"
124599,7,legitimate-linked,197309,"KNML 4168",KANGIS,"AHMED MOHAMMED SABITU"
2735,7,legitimate-linked,16405,RES-1992-2284,2,"SANUSU AHMED"
2735,7,legitimate-linked,180196,COM-2024-710,1,"KHALID SANI KABARA"
2735,7,legitimate-linked,180211,COM-2024-711,1,"KHALID SANI KABARA"
2735,7,legitimate-linked,180222,COM-2024-712,1,"KHALID SANI KABARA"
2735,7,legitimate-linked,180244,COM-2004-24,1,"KHALID SANI KABARA"
2735,7,legitimate-linked,180189,COM-2024-708,1,"KHALID SANI KABARA"
2735,7,legitimate-linked,180193,COM-2024-709,1,"KHALID SANI KABARA"
10169,6,legitimate-linked,182288,CON-COM-2026-15,3,"OSUNAGRI COMMODITIES AND EXPORT LTD"
10169,6,legitimate-linked,23871,CON-RES-1983-292,3,"ALHAJI MA'AZU NADANGI CHIKAWA"
10169,6,legitimate-linked,193391,CON-COM-2021-263,3,"ALH. BUKAR MAKODA"
10169,6,legitimate-linked,193395,CON-COM-2021-266,3,"ALH. BUKAR MAKODA"
10169,6,legitimate-linked,193402,CON-COM-2021-264,3,"ALH. BUKAR MAKODA"
10169,6,legitimate-linked,196261,CON-COM-2021-265,3,"ALH BUKAR MAKODA"
7088,6,legitimate-optot,20774,RES-1982-1866,1,"DR DAVID OLANIYI OYEDERE"
7088,6,legitimate-optot,186120,CON-RES-1999-145,3,"ALH. SA'IDU D. ADHAMA"
7088,6,legitimate-optot,186142,CON-RES-1999-144,3,"ALH. SA'IDU D. ADHAMA"
7088,6,legitimate-optot,186174,CON-RES-1999-143,3,"ALH. SA'IDU D. ADHAMA"
7088,6,legitimate-optot,186191,CON-RES-1999-146,3,"ALH. SA'IDU D. ADHAMA"
7088,6,legitimate-optot,186223,CON-RES-1999-147,3,"ALH. SA'IDU D. ADHAMA"
1445,6,collision,179282,RES-2006-1120,2,"USAMA MUHAMMED AHMAD"
1445,6,collision,179834,RES-2006-1118,2,"USAMA MUHAMMAD AHMAD"
1445,6,collision,179839,RES-2006-1107,2,"USAMA MUHAMMAD AHMAD"
1445,6,collision,15107,RES-1981-937,1,"ABDULLAHI YAHAYA"
1445,6,collision,179601,RES-2006-1116,2,"USAMA MUHAMMAD AHMAD"
1445,6,collision,179609,RES-2006-1115,2,"USAMA MUHAMMAD AHMAD"
17573,6,collision,182698,KN4592_3,KANGIS,"MURTALA ABDULLAHI JEGA"
17573,6,collision,31376,CON-COM-1995-37,3,"ALHAJI MUHAMMADU ABDULLAHI KOYA"
17573,6,collision,184619,KN4592_5,KANGIS,"MURTALA ABDULLAHI JEGA"
17573,6,collision,185487,KN4592_6,KANGIS,"MURTALA ABDULLAHI JEGA"
17573,6,collision,180400,KN4592_1,KANGIS,"MURTALA ABDULLAHI JEGA"
17573,6,collision,180402,KN4592_2,KANGIS,"MURTALA ABDULLAHI JEGA"
16694,5,legitimate-linked,30494,CON-AG-1987-68,3,"ALHAJI MASA'ABU MOHAMMED"
16694,5,legitimate-linked,176304,CON-RES-2019-844,3,"ANAYO OKONKWO"
16694,5,legitimate-linked,176306,"KNML 8718_1_1",KANGIS,"ANAYO OKONKWO"
16694,5,legitimate-linked,186335,"KNML 8718_1_2",KANGIS,"ANAYO OKONKWO"
16694,5,legitimate-linked,178695,"KNML 8718_2",KANGIS,"ANAYO OKONKWO"
9118,5,legitimate-linked,22819,CON-AG-1990-57,3,"ALHAJI NASIDI INUWA"
9118,5,legitimate-linked,174528,CON-COM-2025-458,3,"AL-MADINA INTERGRATED FARM LTD"
9118,5,legitimate-linked,174539,CON-COM-2009-411,3,"AL-MADINA INTERGRATED FARM LTD"
9118,5,legitimate-linked,174547,CON-AG-2021-178,3,"AL-MADINA INTERGRATED FARM  LIMITED"
9118,5,legitimate-linked,174550,KN3787,KANGIS,"AL-MADINA INTERGRATED FARM  LIMITED"
18799,5,legitimate-linked,32604,CON-RES-1985-262,3,"MALAMA FATIMA MOHAMMED BELLO"
18799,5,legitimate-linked,175218,IND-1982-75,1,"GONGONI COMPANY LIMITED"
18799,5,legitimate-linked,175298,"MLKN 158",KANGIS,"GONGONI COMPANY LIMITED"
18799,5,legitimate-linked,175330,IND-2020-20,1,"GONGONI COMPANY LIMITED"
18799,5,legitimate-linked,175369,"MLKN 3266",KANGIS,"GONGONI COMPANY LIMITED"
19547,5,legitimate-linked,175335,IND-2021-11,1,"INTERTEX LIMITED"
19547,5,legitimate-linked,175374,IND-RC-1982-89,1,"INTERTEX LIMITED"
19547,5,legitimate-linked,175423,"MLKN 2858",KANGIS,"INTERTEX LIMITED"
19547,5,legitimate-linked,175438,"MLKN 3366",KANGIS,"INTERTEX LIMITED"
19547,5,legitimate-linked,33352,CON-COM-1990-69,3,"LAWAL ABDULAZEEZ"
238,4,legitimate-linked,13893,CON-COM-1982-289,3,"ALH. KABIRU SANI YAKASAI"
238,4,legitimate-linked,187385,CON-COM-2016-342,3,"ISHAQ MUSA"
238,4,legitimate-linked,187411,AG-RC-1982-5,1,"ALH. SHEHU SHA'AIBU"
238,4,legitimate-linked,187419,"MLKN 1745",KANGIS,"ISHAQ MUSA"
9944,4,legitimate-linked,182480,"MLKN 3338",KANGIS,"OSUN AGRI COMMODITIES AND EXPORT LTD"
9944,4,legitimate-linked,182490,CON-COM-2026-17,3,"OSUN AGRI COMMODITIES AND EXPORT LTD"
9944,4,legitimate-linked,23646,AG-RC-1981-72,1,"ALHAJI SANUSI DANTATA"
9944,4,legitimate-linked,198388,CON-COM-2021-267,3,"OSUN AGRIC COMMODITIES & EXPORT LIMITED"
66500,4,legitimate-linked,190858,RES-2008-4673,2,"ENGR NASIRU  A.S DANTATA"
66500,4,legitimate-linked,173366,RES-RC-1982-717,1,"ABDULKADIR S.A. DANTATA"
66500,4,legitimate-linked,191584,RES-2008-4672,2,"ENGR. NASIRU A. S. DANTATA"
66500,4,legitimate-linked,191952,RES-2008-4670,2,"SUNUSI ABDULKADIR S.A. DANTATA"
19102,4,legitimate-linked,32907,CON-COM-2003-95,3,"ABDULLAHI AHMAD"
19102,4,legitimate-linked,175414,IND-2023-354,1,"PETRIOCHOR INDUSTRIES LIMITED"
19102,4,legitimate-linked,175424,"MLKN 421",KANGIS,"PETRIOCHOR INDUSTRIES LIMITED"
19102,4,legitimate-linked,196222,IND-2009-6,1,"PETRIOCHOR INDUSTRIES LIMITED"
118402,4,legitimate-linked,194204,CON-RES-2012-42,3,"ALHAJI AMINU BALA SALISU"
118402,4,legitimate-linked,194221,"KNML 738",KANGIS,"ALHAJI AMINU BALA SALISU"
118402,4,legitimate-linked,194230,RES-2025-43,2,"ALHAJI AMINU BALA SALISU"
118402,4,legitimate-linked,194238,RES-2025-44,2,"ALHAJI AMINU BALA SALISU"
7747,4,legitimate-linked,172333,CON-COM-1982-166,3,"CHALLAWA OIL & GAS LTD"
7747,4,legitimate-linked,172383,CON-COM-2014-83,3,"CHALLAWA OIL AND GAS LIMITED"
7747,4,legitimate-linked,172415,"MLKN 447",KANGIS,"CHALLAWA OIL AND GAS LIMITED"
7747,4,legitimate-linked,21438,RES-1992-4505,2,"INUWA IBRAHIM GAYA"
9945,4,legitimate-linked,23647,CON-AG-1999-27,3,"IBRAHIM ABUBAKAR KARAYE"
9945,4,legitimate-linked,182323,"MLKN 3337",KANGIS,"OSUN AGRI COMMODITIES AND EXPORT LTD"
9945,4,legitimate-linked,182337,CON-COM-2026-16,3,"OSUN AGRI COMMODITIES AND EXPORT LTD"
9945,4,legitimate-linked,198399,CON-COM-2021-268,3,"OSUN AGRIC COMMODITIES & EXPORT LIMITED"
7286,4,legitimate-linked,194144,CON-COM-2015-108,3,"SALNUHA INVESTMENT LTD"
7286,4,legitimate-linked,194165,CON-AG-1988-103,3,"SALNUHA INVESTMENT LTD"
7286,4,legitimate-linked,194176,"MLKN 2610",KANGIS,"SALNUHA INVESTMENT LTD"
7286,4,legitimate-linked,20973,RES-1992-3458,2,"LAWAN BELLO"
9298,4,legitimate-linked,22999,CON-RES-1984-215,3,"MADAM MAGRET ADUKI TINDE"
9298,4,legitimate-linked,182029,CON-COM-2011-108,3,"DAWANAU AGRO COMMODITIES LTD"
9298,4,legitimate-linked,182044,CON-IND-2025-252,3,"DAWANAU AGRO COMMODITIES LTD"
9298,4,legitimate-linked,182047,KN4476,KANGIS,"DAWANAU AGRO COMMODITIES LTD"
178715,4,legitimate-linked,197367,CON-RES-2012-95,3,"NU'UMAN BARAU DANBATTA"
178715,4,legitimate-linked,197381,CON-RES-2009-1082,3,"NU'UMAN BARAU DANBATTA"
178715,4,legitimate-linked,197389,"KNML 2111",KANGIS,"NU'UMAN BARAU DANBATTA"
178715,4,legitimate-linked,197346,CON-RES-2014-180,3,"NU'UMAN BARAU DANBATTA"
14094,4,legitimate-linked,27881,RES-1993-702,2,"HAJIYA NANA SANI BABURA"
14094,4,legitimate-linked,198268,RES-2022-801,2,"ABDU MALAM BABA"
14094,4,legitimate-linked,198280,"KNML 8832",KANGIS,"ABDU MALAM BABA"
14094,4,legitimate-linked,198179,CON-RES-1992-492,3,"ABDU MALAM BABA"
4728,4,legitimate-linked,18403,RES-1992-5474,2,"ALHAJI SHEHU ADAMU"
4728,4,legitimate-linked,187851,COM-2019-64,1,"AL-HALAL TRAVEL & TOURS LIMITED"
4728,4,legitimate-linked,187873,RES-2001-2518,2,"GAMBO ABDULLAHI HASSAN"
4728,4,legitimate-linked,187890,"MLKN 2760",KANGIS,"AL-HALAL TRAVEL & TOURS LIMITED"
18747,4,legitimate-linked,181377,"MLKN 422",KANGIS,"PETRICHOR INDS. LTD"
18747,4,legitimate-linked,181368,IND-2023-351,1,"PETRICHOR INDS. LTD"
18747,4,legitimate-linked,32552,CON-IND-1982-4,3,"MERSSRS FAHA ENTERPRISES NIGERIA LIMITED"
18747,4,legitimate-linked,196221,IND-1982-22,1,"PETRICHOR INDS. LTD"
3930,4,legitimate-linked,17604,RES-1982-1543,1,"MOHAMMAD RABO IBRAHIM"
3930,4,legitimate-linked,179681,RES-2021-4560,2,"BINTA IBRAHIM LIMAN"
3930,4,legitimate-linked,179686,RES-2021-4561,2,"BINTA IBRAHIM LIMAN"
3930,4,legitimate-linked,179690,RES-2021-4562,2,"BINTA IBRAHIM LIMAN"
66958,4,legitimate-linked,180945,"KNML 7950",KANGIS,"MUSBAHU M BASHIR"
66958,4,legitimate-linked,180842,RES-2021-203,2,"MUSBAHU M BASHIR"
66958,4,legitimate-linked,180897,RES-RC-1983-37,1,"ALHAJI M.M. BASHIR"
66958,4,legitimate-linked,180932,RES-2021-1203,2,"MUSBAHU M BASHIR"
171087,4,legitimate-linked,191793,KN4601_1,,"MURTALA ABADULLAHI JEGA"
171087,4,legitimate-linked,191794,KN2803,,"ABBA MAMMAN TOR HABIB"
171087,4,legitimate-linked,194579,CON-RES-2023-7176,3,"FAIZU MUHAMMAD GALADIMA"
171087,4,legitimate-linked,194610,KN3365,,"KABIRU MOHAMMED SARKI"
18760,4,legitimate-optot,32565,CON-COM-RC-1982-33,3,"GERAWA GLOBAL ENGINEERING LIMITED"
18760,4,legitimate-optot,196220,IND-1982-34,1,"W.J BUSH AND CO. NIGERIA LIMITED"
18760,4,legitimate-optot,195161,IND-2020-15,1,"W.J BUSH AND CO. NIGERIA LIMITED"
18760,4,legitimate-optot,195171,"MLKN 120",KANGIS,"W.J BUSH AND CO. NIGERIA LIMITED"
57615,4,legitimate-linked,168334,COM-2022-323,1,"MARYAM ABACHA AMERICAN UNIVERSITY OF NIGERIA"
57615,4,legitimate-linked,168356,RES-2017-65,2,"MARYAM ABACHA AMERICAN UNIVERSITY OF NIGERIA"
57615,4,legitimate-linked,168376,"KNGP 267",KANGIS,"MARYAM ABACHA AMERICAN UNIVERSITY OF NIGERIA"
57615,4,legitimate-linked,168857,"MLKN 3623",KANGIS,"MARYAM ABACHA AMERICAN UNIVERSITY OF NIGERIA"
247,4,legitimate-linked,13902,CON-COM-1982-202,3,"SANI MUHAMMAD MA'AJI"
247,4,legitimate-linked,181687,CON-RES-2023-7598,3,"ALHAJI AMADU KWANDASTA"
247,4,legitimate-linked,181715,CON-RES-2022-5572,3,"ALHAJI AMADU KWANDASTA"
247,4,legitimate-linked,193131,CON-RES-2023-7596,3,"ALHAJI AMADU KWANDASTA"
10621,4,legitimate-linked,24324,CON-RES-1988-16,3,"DANJUMA AMINA"
10621,4,legitimate-linked,184205,CON-IND-2025-281,3,"LIGHT CONE NIGERIA COMPANY LTD"
10621,4,legitimate-linked,184403,CON-AG-2022-31,3,"MUSSAFI NIG LTD."
10621,4,legitimate-linked,184443,KN4673,KANGIS,"LIGHT CONE NIGERIA COMPANY LTD."
17541,4,legitimate-linked,31344,CON-RES-1995-551,3,"ABDULLAHI L. SAID"
17541,4,legitimate-linked,189764,KN5151_1,,"MURTALA ABDULLAHI JEGA"
17541,4,legitimate-linked,189766,"KNML 1730",,"RASHID JAFFAR"
17541,4,legitimate-linked,189778,"KNML 2657",,"YAHUZA SUYA SPOT"
1266,4,legitimate-linked,191012,RES-2008-129,2,"ALH HAMZA BELLO"
1266,4,legitimate-linked,191176,RES-2008-128,2,"ALH. HAMZA BELLO"
1266,4,legitimate-linked,176180,RES-2005-1086,2,"LEADER TEXTILE MILL LIMITED"
1266,4,legitimate-linked,14927,RES-1992-1352,2,"IBRAHIM ABDU"
66113,4,legitimate-linked,171914,RES-2021-2520,2,"USMAN USMAN DANTATA"
66113,4,legitimate-linked,171925,KN5517,KANGIS,"USMAN USMAN DANTATA"
66113,4,legitimate-linked,171458,RES-2021-2519,2,"USMAN USMAN DANTATA"
66113,4,legitimate-linked,171472,KN5516,KANGIS,"USMAN USMAN DANTATA"
9720,4,legitimate-linked,23422,CON-RES-1984-550,3,"UMARU KOKI"
9720,4,legitimate-linked,193222,CON-COM-2017-182,3,"DAWOOD STEEL CONSTRUCTION CO"
9720,4,legitimate-linked,193255,CON-COM-1987-65,3,"DAWOOD STEEL CONSTRUCTION"
9720,4,legitimate-linked,193279,"MLKN 3234",KANGIS,"AUDU MANAGER & SONS NIG LTD"
649,3,legitimate-linked,14308,RES-1981-333,1,"MUHAMMED LAMIDO"
649,3,legitimate-linked,174431,COM-1983-424,1,"RICHARD ABDULMASIH & CARLOS ABDULMASIH"
649,3,legitimate-linked,174488,"MLKN 2603",KANGIS,"RICHARD ABDULMASIH & CARLOS ABDULMASIH"
1230,3,legitimate-linked,14891,RES-1992-929,2,"ALHAJI SANI GAMBO"
1230,3,legitimate-linked,196882,COM-1992-280,1,"SALNUHA INVESTMENT COMPANY LIMITED"
1230,3,legitimate-linked,196980,"MLKN 3442",KANGIS,"SALNUHA INVESTMENT COMPANY LIMITED"
2995,3,legitimate-linked,172965,,1,"AMANALLAH AHMED GETSO"
2995,3,legitimate-linked,173021,"MLKN 3068",,"AMANALLAH AHMED GETSO"
2995,3,legitimate-linked,16665,RES-1992-2071,2,"ALH SULE"
39893,3,legitimate-linked,194642,RES-2009-8176,2,"ALHAJI UMARU ABDULLAHI"
39893,3,legitimate-linked,194655,RES-2009-8177,2,"ALHAJI UMARU ABDULLAHI"
39893,3,legitimate-linked,194671,RES-2009-8178,2,"ALHAJI UMARU ABDULLAHI"
11755,3,legitimate-linked,25459,CON-RES-1989-97,3,"BINTA SANI"
11755,3,legitimate-linked,187249,CON-RES-1982-833,3,"ALH MUHD MUSA"
11755,3,legitimate-linked,187266,"KNML 278",KANGIS,"ALH MOHD MUSA SHAEHU"
176172,3,legitimate-optot,195367,RES-2018-83,2,"AL-HASSAN SAMA'ILA"
176172,3,legitimate-optot,195386,RES-2021-4434,2,"AL-HASSAN SAMA'ILA"
176172,3,legitimate-optot,195395,"KNML 9837",KANGIS,"AL-HASSAN SAMA'ILA"
11818,3,legitimate-linked,184526,CON-RES-1982-947,3,"ALHAJI ISYAKU UMAR"
11818,3,legitimate-linked,184541,"KNML 1742",KANGIS,"ISYAKU UMAR TOFA"
11818,3,legitimate-linked,25522,CON-RES-1999-314,3,"MRS AISHATU ADO GARBA"
66407,3,collision,168038,RES-2024-3913,2,"ALH. SANI BABURA"
66407,3,collision,180263,RES-2024-3912,2,"ALH SANI BABURA"
66407,3,collision,180282,RES-2024-3911,2,"ALH SANI BABURA"
