file_indexing_id,file_number,registry,file_title
52977,"MLKN 3003",KANGIS,"MN ATAJ CONSTRUCTION"
52979,"KNGP 328",KANGIS,"MN ATAJ CONSTRUCTION"
75143,"KNGP 247",KANGIS,"ADAMU MUHAMMAD"
75183,"KNML 642",KANGIS,"MAHMOUD INUWA"
88197,"MLKN 137",KANGIS,"B. S. M. PETROLEUM"
88200,"MLKN 138",KANGIS,"ALHAJI ALI SA'IDU"
88220,"MLKN 139",KANGIS,"ALHAJI JAMILU SULAIMAN"
88233,"MLKN 140",KANGIS,"ALHAJI JAMILU SULEIMAN"
88238,"MLKN 141",KANGIS,"AUWALU NAIYA"
88252,"MLKN 143",KANGIS,"ALH AMINU LAWAN LUKORO"
88291,"MLKN 144",KANGIS,"ALHAJI ABUBAKAR AHMAD A."
88295,"MLKN 145",KANGIS,"ABUBAKAR A. AHMAD"
88298,"MLKN 142",KANGIS,"ALHAJI AMINU LAWAM LUKORO"
88305,"MLKN 146",KANGIS,"ABUBAKAR MUHAMMAD AL-GHAZALI"
88317,"MLKN 147",KANGIS,"ALHAJI ABUBAKAR AHMAD"
88342,"MLKN 148",KANGIS,"ALH GARBA MAMUDA"
88352,"MLKN 150",KANGIS,"SALBAS OIL & GAS NIG. LTD"
88375,"MLKN 153",KANGIS,"NEMER SAMAHA"
88381,"MLKN 164",KANGIS,"ALHAJI ALI ABDU GARKO(MAI ZABI)"
88389,"MLKN 166",KANGIS,"ALHAJI HARUNA ABDULLAHI"
88397,"MLKN 167",KANGIS,"ALHAJI AMINU LAWAN LUKORO"
88404,"MLKN 165",KANGIS,"ANNIE MING ZHU ZHENG"
88414,"MLKN 168",KANGIS,"ALHAJI AMINU LUKORO"
88430,"MLKN 169",KANGIS,"ALHAJI AUWALU MUAZU"
88448,"MLKN 170",KANGIS,"MUHAMMAD SULEIMAN"
88453,"MLKN 171",KANGIS,"DANTSOHO PETROLEUM MARKETING NIGERIA LIMITED"
88457,"MLKN 172",KANGIS,"DANTSOHO PETROLEUM MARKET NIGERIA LIMITED"
88538,"MLKN 174",KANGIS,"ALHAJI GARBA SALIHU"
88553,"MLKN 175",KANGIS,"TASI'U SABO RINGIM"
88565,"MLKN 176",KANGIS,"WG CDR UMAR KABIR ABDULLAHI (RTD)"
88579,"MLKN 177",KANGIS,"ABUBAKAR YUSUF GUMEL"
88597,"MLKN 178",KANGIS,"ATLASFIELD INTEGRATED LIMITED"
88607,"MLKN 105",KANGIS,"ALHAJI AUDU MANAGER"
88638,"MLKN 119",KANGIS,"W.J BUSH & CO. NIG LTD"
88673,"MLKN 122",KANGIS,"W. J. BUSH AND CO. NIGERIA LIMITED"
88708,"MLKN 104",KANGIS,"ALHAJI YAHAYA IBRAHIM YOLA"
88793,"MLKN 103",KANGIS,"MOHAMMAD ISMA'ILA & YUSUF ISMA'ILA"
88860,"MLKN 102",KANGIS,"LUNA PARK LIMITED"
88880,"MLKN 106",KANGIS,"ABDULLAHI JADDA NIGERIA LTD."
88896,"MLKN 113",KANGIS,"RISLANUDEEN MUHAMMAD"
88907,"MLKN 112",KANGIS,"ALHAJI AMINU SAIDU BABA"
88944,"MLKN 136",KANGIS,"BELLO MAHMOUD BABURA"
88997,"MLKN 135",KANGIS,"DR MOHAMMED KABIR"
88999,"MLKN 66",KANGIS,"NABILA OIL MILLS NIGERIA LIMITED"
89021,"MLKN 115_1",KANGIS,"TURARE N HAUSAWA LTD"
89037,"MLKN 72",KANGIS,"YUSUF KALARAWI NIGERIA LIMITED"
89041,"MLKN 101",KANGIS,"SAFARI INTERNATIONAL SCHOOL"
89048,"MLKN 71",KANGIS,"ALHAJI ABDU ABUBAKAR DAN AZUMI AND SONS"
89059,"MLKN 123",KANGIS,"FRANCIS AKPADOLU"
89065,"MLKN 68",KANGIS,"ALHAJI IBRAHIM ILIYASU SHESHE"
89080,"MLKN 73",KANGIS,"ALHAJI AHMAD MUHAMMAD"
89279,"MLKN 97",KANGIS,"ALHAJI ADAMU ALASSAN AJINGI"
89287,"MLKN 100",KANGIS,"ASPIRA NIGERIA LIMITED"
89306,"MLKN 94",KANGIS,"GARBA KUMBOTSO SHUAIBU"
89321,"MLKN 93",KANGIS,"GARBA KUMBOTSO SHUAIBU"
89333,"MLKN 99",KANGIS,"AFRICAN AGRO COMMODITIES LTD"
89336,"MLKN 92",KANGIS,"TOCHUKWU FRANCIS ODINA"
89377,"MLKN 91",KANGIS,"PLATINUM SYNERGY LIMITED"
89396,"MLKN 90",KANGIS,"ALHAJI AMINU ABUBAKAR D/KD"
89402,"MLKN 89",KANGIS,"ALHAJI AMINU ABUBAKAR"
89430,"MLKN 85",KANGIS,"TRIACTA NIGERIA LTD"
89439,"MLKN 84",KANGIS,"DR. ALIYU MUSA"
89448,"MLKN 83",KANGIS,"ALHAJI AMINU ABUBAKAR D/KD"
89453,"MLKN 81",KANGIS,"GINI ENTERPRISES LIMITED"
89462,"MLKN 78",KANGIS,"RODA ALI FAWAZ"
89469,"MLKN 77",KANGIS,"MUHAMMAD AUWAL NA'IYA"
89472,"MLKN 76",KANGIS,"A. U KAIFA INVESTMENT NIG LTD"
89477,"MLKN 75",KANGIS,"ALHAJI AHMAD MUHAMMAD"
89478,"MLKN 74",KANGIS,"YUSUF BABANGIDA SULAIMAN"
89482,"MLKN 230_1",KANGIS,"H AND H ENGINEERING LIMITED"
89483,"MLKN 203",KANGIS,"ALHAJI SHEHU WAKILI"
89484,"MLKN 209",KANGIS,"MOHAMMED NURA ZAKARIYYA"
89487,"MLKN 204",KANGIS,"B. M. Y. MARKETING LTD."
89549,"MLKN 202",KANGIS,"FIELD DEVELOPMENT AND PROPERTY CO. LTD"
89554,"MLKN 223_1",KANGIS,"T. B. F. NIGERIA LIMITED"
89564,"MLKN 225",KANGIS,"SA'AD SHITTU SHARUBUTU"
89585,"MLKN 214",KANGIS,"ALHAJI LABARAN MADARI"
89586,"MLKN 226",KANGIS,"INTERGLOBAL SERVICES LIMITED"
90019,"MLKN 216_1",KANGIS,"NURA LAWAN RABI'U"
90025,"MLKN 219_1",KANGIS,"ALHAJI ADAMU IBRAHIM"
90045,"MLKN 213",KANGIS,"SAJTECH ENGINEERING CONSULTANTS"
90070,"MLKN 217",KANGIS,"ABUBAKAR USMAN INUWA"
90072,"MLKN 218",KANGIS,"SHEHU WAKILI"
90096,"MLKN 206",KANGIS,"GOLD AND SILVER INT. SUITE LTD."
90104,"MLKN 249",KANGIS,"ALHAJI HAMISU RABI'U JINGAU"
90127,"MLKN 212",KANGIS,"MUKHTAR MUHAMMAD DAN ZARIA"
90202,"MLKN 260",KANGIS,"TRUSTEES OF THE SOCIETY OF AFRICAN MISSION (SMA)"
90214,"MLKN 259",KANGIS,"APOSTOLIC VICARIATE OF KANO (ROMAN CATHOLIC)"
90224,"MLKN 261",KANGIS,"APOSTOLIC VICARIATE OF KANO"
90226,"MLKN 257",KANGIS,"ALHAJI SANI DAN ABU MUSA"
90240,"MLKN 252",KANGIS,"W. J. BUSH AND COMPANY NIGERIA LIMITED"
90247,"MLKN 254",KANGIS,"MAGAJIN MALAM GENERAL ENTERPRISES"
90257,"MLKN 286",KANGIS,"SABITU MUHAMMAD YAHAYA"
90272,"MLKN 253",KANGIS,"YAKUBU ADAMU"
90277,"MLKN 287",KANGIS,"SABITU MUHAMMAD YAHAYA"
90284,"MLKN 288",KANGIS,"SALSIU GARBA AND SONS"
90285,"MLKN 298",KANGIS,"DR ALIYU MUSA"
90291,"MLKN 292",KANGIS,"MUHAMMAD GARBA"
90301,"MLKN 299",KANGIS,"ALIYU MUSA"
90313,"MLKN 293",KANGIS,"RIVIERA HOLDINGS NIGERIA LIMITED"
90322,"MLKN 284",KANGIS,"ALHAJI RABIU GAMBO"
90339,"MLKN 274",KANGIS,"B. S. M. FARMS"
90351,"MLKN 276",KANGIS,"GARBA MUHAMMAD"
90361,"MLKN 277",KANGIS,"TRIPPLE K. INVESTMENT LIMITED"
90368,"MLKN 279",KANGIS,"AFIYA TAYYU IBRAHIM"
90369,"MLKN 280",KANGIS,"ALHAJI BADAMASI UBA"
90375,"MLKN 281",KANGIS,"YAHAYA KABIR SANI"
90376,"MLKN 282",KANGIS,"HARUNA AL-KASIM BATAKAYE"
90383,"MLKN 215",KANGIS,"ALLAD DRILLING NIG. LIMITED"
90443,"MLKN 237",KANGIS,"HAJIYA MARYAM SANUSI"
90453,"MLKN 232",KANGIS,"ABBA OTHMAN BROTHERS LIMITED"
90472,"MLKN 236",KANGIS,"ZAKARI GAMBO USMAN"
90474,"MLKN 238",KANGIS,"HAUWA MUHAMMAD ALA"
90486,"MLKN 229",KANGIS,"MUHAMMAD AKIBU AHMAD"
90578,"MLKN 278",KANGIS,"HAJIYA FATIMA HUSSAINI ADAMU"
90589,"MLKN 221",KANGIS,"AIDAROUS SAEED NUMAN"
90590,"MLKN 224",KANGIS,"LAMIDO FURNITURES"
90614,"MLKN 220",KANGIS,"UK & ASSOCIATE (NIG) LIMITED"
90616,"MLKN 228",KANGIS,"BASHIR OTHMAN TOFA"
90636,"MLKN 222",KANGIS,"HAJIYA MARYAM SANUSI"
90786,"MLKN 241",KANGIS,"ALHAJI YUSUF I RABI'U"
90791,"MLKN 242",KANGIS,"ALHAJI YUSUF I RABI'U"
90813,"MLKN 247",KANGIS,"IBRAHIM A MUSA KURA"
90815,"MLKN 248",KANGIS,"A. A. ALFA OIL AND GAS (NIGERIA) LIMITED"
90829,"MLKN 246",KANGIS,"KAWU MUHAMMAD MA'AJI"
90834,"MLKN 245",KANGIS,"GARKUWA IDRIS AHMED"
90849,"MLKN 244",KANGIS,"ABBA OTHMAN AND SONS LTD."
90850,"MLKN 243",KANGIS,"GARKUWA IDRIS AHMED"
90953,"MLKN 357",KANGIS,"TOFA GENERAL ENTERPRISES LIMITED"
90974,"MLKN 367",KANGIS,"BATURIYA WADA KACHAKO"
90988,"MLKN 355",KANGIS,"TOFA GENERAL ENTERPRISES LIMITED"
90999,"MLKN 366",KANGIS,"WADA ABDULLAHI KACHAKO"
91019,"MLKN 359",KANGIS,"ISYAKU RABI'U AND SONS LIMITED"
91136,"MLKN 504",KANGIS,"MURNA OIL AND GAS LIMITED"
91150,"MLKN 369",KANGIS,"WADA ABDULLAHI KACHAKO"
91175,"MLKN 315",KANGIS,"ALIYU MAHOUD GALADANCI"
91202,"MLKN 325",KANGIS,"ETC AGRO COMPANY NIG LTD"
91204,"MLKN 317",KANGIS,"YUSUF IBRAHIM"
91224,"MLKN 313",KANGIS,"ALHAJI ALIYU MAHMOUD GALADANCI"
91227,"MLKN 312",KANGIS,"ALIYU MAHMOUD GALADANCI"
91242,"MLKN 310",KANGIS,"ALIYU MAHMOUD GALADANCI"
91248,"MLKN 314",KANGIS,"ALIYU MAHMOUD GALADANCI"
91337,"MLKN 322",KANGIS,"HAJIYA UMMULKHULSUM M. USMAN"
91355,"MLKN 321",KANGIS,"ALHAJI HAMISU HASSAN"
91378,"MLKN 323",KANGIS,"NASIHA TRADING STORES LIMITED"
91403,"MLKN 502",KANGIS,"SANI IDI DANFULANI"
91425,"MLKN 503",KANGIS,"SANI IDI DANFULANI"
91482,"MLKN 506",KANGIS,"ANGELOT NIGERIAN LIMITED"
91528,"MLKN 319",KANGIS,"CATHOLIC DIOCESE OF KANO"
91587,"MLKN 786",KANGIS,"SILVER PLASTIC LIMITED"
91634,"MLKN 788",KANGIS,"AUDU GARBA"
91658,"MLKN 791",KANGIS,"SILVER PLASTIC LIMITED"
91683,"MLKN 793",KANGIS,"FABS INVESTMENT LIMITED"
91703,"MLKN 796",KANGIS,"ABBA A. GARBA"
91710,"MLKN 797",KANGIS,"SA'AD SHITU SHARUBUTU"
91717,"MLKN 798",KANGIS,"SA'AD SHITU SHARUBUTU"
91723,"MLKN 800",KANGIS,"B. A BELLO NIGERIA LIMITED"
91804,"MLKN 785",KANGIS,"ALHAJI MUHAMMAD TAFIDA YAHAYA"
91844,"MLKN 783",KANGIS,"KABIRU TANIMU TURAKI"
91891,"MLKN 777",KANGIS,"AZMAN OIL AND GAS LIMITED"
92036,"MLKN 776",KANGIS,"ABDULLAHI BABA ALI"
92071,"MLKN 772",KANGIS,"AL-IHSAN TRANSPORT NIG LTD"
92104,"MLKN 771",KANGIS,"MUSTAPHA UMAR"
92113,"MLKN 773",KANGIS,"IBRAHIM ABUBAKAR NA-KURA"
92141,"MLKN 769",KANGIS,"SANI TASI'U IBRAHIM"
92157,"MLKN 774",KANGIS,"ALIYU MAHMOUD GALADANCI"
92186,"MLKN 780",KANGIS,"ATLASFIED INTEGRATED NIGERIA LTD."
92194,"MLKN 768",KANGIS,"ALH IBRAHIM BABAYO"
92217,"MLKN 760",KANGIS,"MUSTAPHA ZAKARIYA"
92233,"MLKN 757",KANGIS,"YAHAYA TAHIR"
92239,"MLKN 756",KANGIS,"YAHAYA TAHIR"
92242,"MLKN 764",KANGIS,"HAFIZ ABUBAKAR"
92257,"MLKN 755",KANGIS,"NASIRU HAMZA NASIDI"
92262,"MLKN 761",KANGIS,"NAMADI INUWA"
92290,"MLKN 754",KANGIS,"NASIRU HAMZA NASIDI"
92305,"MLKN 763",KANGIS,"STEAM BROADCASTING AND COMMUNICATIONLIMITED"
92322,"MLKN 765",KANGIS,"MUNZALI MUHAMMAD ZAKARI"
92345,"MLKN 766",KANGIS,"YUSUF C. USMAN"
92389,"MLKN 753",KANGIS,"GREEN AGE BULDING SERVICE LTD."
92397,"MLKN 752",KANGIS,"CHIEF IFEANYI EZOASOIBE"
92418,"MLKN 499",KANGIS,"ASHIR TUKUR ABUBAKAR"
92424,"MLKN 478",KANGIS,"MUNIR NASIDI DANEJI"
92425,"MLKN 250",KANGIS,"W. J. BUSH AND COMPANY NIGERIA LIMITED"
92437,"MLKN 472",KANGIS,"DALA INVESTORS"
92445,"MLKN 787",KANGIS,"SHEIK BASHIR EL-RAYAH SCHOOL COMPLEX LIMITED"
92446,"MLKN 463",KANGIS,"YARSARKI NIGERIA LIMITED"
92447,"MLKN 479",KANGIS,"ISMA'IL ADAMU BELLO"
92458,"MLKN 465",KANGIS,"MONUMENT ASSETS & RESOURCES COMPANY LIMITED"
92467,"MLKN 467",KANGIS,"HABIBU ISA"
92482,"MLKN 426",KANGIS,"AMSAD PRINTING CO. (NIG.) LTD."
92483,"MLKN 481",KANGIS,"ABDULRAHMAN ABBA SHESHE"
92513,"MLKN 455",KANGIS,"RABIU HASSAN IBRAHIM"
92517,"MLKN 453",KANGIS,"UMAR NAMADI"
92521,"MLKN 454",KANGIS,"UMAR NAMADI"
92522,"MLKN 461",KANGIS,"SALISU HARUNA"
92558,"MLKN 489",KANGIS,"YAKUBU MUNKAILA"
92571,"MLKN 457",KANGIS,"FROZEN FISH & ALLIED SEAFOOD DEALERS CO-OP. SOCIETY LTD"
92583,"MLKN 459",KANGIS,"MAIRIAGA ISA MUHD AND SONS OIL NIGERIA LIMITED"
92585,"MLKN 458",KANGIS,"ARN GROUP INTERNATIONAL CO. LTD"
92591,"MLKN 500",KANGIS,"RIMI HOLDINGS NIGERIA LIMITED"
92611,"MLKN 456",KANGIS,"A. U. I. MULTIPURPOSE NIG. LTD."
92616,"MLKN 496",KANGIS,"DR ALIYU MUSA"
92633,"MLKN 490",KANGIS,"LAILALIA ENTERPRISES"
92645,"MLKN 471",KANGIS,"AMINU BABA"
92647,"MLKN 469",KANGIS,"BALA BUALLA"
92672,"MLKN 488",KANGIS,"AZMAN OIL & GAS LIMITED"
92682,"MLKN 484",KANGIS,"SABI PLAST LIMITED"
92693,"MLKN 483",KANGIS,BIFSAM
92694,"MLKN 477",KANGIS,"MUNIR NASIDI DANEJI"
92699,"MLKN 487",KANGIS,"AZMAN OIL & GAS LIMITED"
92709,"MLKN 485",KANGIS,"LAKE CHAD MERCHANT NIG LTD"
92713,"MLKN 482",KANGIS,BIFSAM
92723,"MLKN 476",KANGIS,"ALHAJI IBRAHIM MIJINYAWA"
92726,"MLKN 486",KANGIS,"NAZIR AHMED GGWADABE"
92744,"MLKN 449",KANGIS,"ISA A,. SALLARI & SONS NIG LTD"
92750,"MLKN 497",KANGIS,"BELLO RABIU BABURA"
92762,"MLKN 401",KANGIS,"NASIR ADO BAYERO"
92770,"MLKN 493",KANGIS,"ROBRASS NIGERIA LIMITED"
92799,"MLKN 403",KANGIS,"NASIR ADO BAYERO"
92805,"MLKN 432",KANGIS,"MUHAMMADU MAIKWAKWA"
92814,"MLKN 431",KANGIS,"ALFATASHIR PETROLEUM CO. LTD"
92818,"MLKN 433",KANGIS,"BALA USMAN"
92823,"MLKN 430",KANGIS,"ALHAJI BALA USMAN"
92824,"MLKN 451",KANGIS,"MAJIYA PETROLEUM NIGERIA LIMITED"
92846,"MLKN 491",KANGIS,"HAFIZU YUSUF USMAN"
92853,"MLKN 428",KANGIS,"AMSAD PRINTING CO(NIG) LTD"
92856,"MLKN 434",KANGIS,"MRB NIGERIA LIMITED"
92868,"MLKN 495",KANGIS,"B. A. BELLO NIGERIA LIMITED"
92873,"MLKN 427",KANGIS,"AMSAD PRINTING CO(NIG) LTD"
92875,"MLKN 438",KANGIS,"AUWAL HARUNA"
92925,"MLKN 435",KANGIS,"MAIKANO VENTURES NIG LTD"
92933,"MLKN 429",KANGIS,"ALHAJI MIKA'ILU AHMAD"
92939,"MLKN 446",KANGIS,"YUSUF IBRAHIM CHIGARI"
92946,"MLKN 404",KANGIS,"NASIR ADO BAYERO"
92950,"MLKN 441",KANGIS,"ALHAJI DANLAMI AUDU ZANGO"
92951,"MLKN 405",KANGIS,"KAMSHAT INTERNATIONAL LTD"
92956,"MLKN 443",KANGIS,"ALIYU MOHAMMED"
92963,"MLKN 442",KANGIS,"SANI YUNUSA"
92971,"MLKN 450",KANGIS,"I. M. G. PETROLEUM MARKETING COMPANY LIMITED"
92985,"MLKN 437",KANGIS,"SALE ADAMU KWARU"
92990,"MLKN 439",KANGIS,"KABIRU ABDULLAHI"
92993,"MLKN 436",KANGIS,"MALLAM ISMA'ILA USMAN"
92994,"MLKN 440",KANGIS,"NASIHA TRADING STORES"
93043,"MLKN 669",KANGIS,"UMARU MUSA"
93044,"MLKN 652",KANGIS,"AYMAN JAMMAL"
93056,"MLKN 656",KANGIS,"HAUYA NIGERIA LIMITED"
93058,"MLKN 662",KANGIS,"ALHAJI IBRAHIM MUSA"
93075,"MLKN 666",KANGIS,"ALHAJI IBRAHIM MUSA"
93076,"MLKN 660",KANGIS,"TIJJANI NUHU JIBRIL"
93078,"MLKN 518",KANGIS,"ALI AHMAD SULAIMAN"
93094,"MLKN 661",KANGIS,"ALHAJI IBRAHIM MUSA"
93108,"MLKN 653",KANGIS,"JAMILU MOHAMMAD DANGOGGO"
93112,"MLKN 658",KANGIS,"ARC. MUHAMMAD BASHIR ABDULLAHI"
93113,"MLKN 522",KANGIS,"ALH. MUSTAPHA ADO"
93560,"MLKN 657",KANGIS,"M. D. R. OIL AND GAS LIMITED"
93570,"MLKN 655",KANGIS,"M. D. R. OIL AND GAS LIMITED"
93595,"MLKN 525",KANGIS,"BALA MOHAMMED BORODO"
93605,"MLKN 663",KANGIS,"IBRAHIM MUSA"
93655,"MLKN 549",KANGIS,"ADHAMA TEXTILE AND GARMENT IND. LTD."
93660,"MLKN 532",KANGIS,"ALH. MAGAJI DAMBATTA"
93688,"MLKN 523",KANGIS,"BALA BORODO"
93692,"MLKN 526",KANGIS,"ALH. BALA MUHAMMED BORODO"
93706,"MLKN 520",KANGIS,"CHRISTIAN C. MADUAKO"
93718,"MLKN 521",KANGIS,"GULF BRILLIANT ACADEMY"
93728,"MLKN 527",KANGIS,"BALA MOHAMMED BORODO"
93732,"MLKN 519",KANGIS,"ALI AHMAD SULAIMAN"
93744,"MLKN 530",KANGIS,"SPASIBA NIGERIA LIMITED"
93766,"MLKN 531",KANGIS,"DAMBATTA INTERNATIONAL LIMITED"
93779,"MLKN 528",KANGIS,"BALA MOHAMMED BORODO"
93792,"MLKN 529",KANGIS,"MOBAB NIGERIA LIMITED"
93813,"MLKN 547",KANGIS,"TERYTEX NIGERIA LIMITED"
93818,"MLKN 540",KANGIS,"MUSTAPHA USMAN ABUBAKAR"
93838,"MLKN 545",KANGIS,"RABIU ABDULLAHI IBRAHIM"
93851,"MLKN 546",KANGIS,"HABIBU ABDULLAHI MAHMUD"
93870,"MLKN 524",KANGIS,"BALA MOHAMMED BORODO"
93881,"MLKN 538",KANGIS,"SALIHU ZAWAY UBA"
93901,"MLKN 536",KANGIS,"ALHASSAN ABDULKADIR DANTATA (ADULT)"
93928,"MLKN 534",KANGIS,"AHMED ALHASSAN GARO"
93943,"MLKN 533",KANGIS,"LAUTAI ENTERPRISES LTD."
93944,"MLKN 508",KANGIS,"ANGEL SPINING AND DYEING COMPANY LIMITED"
94232,"MLKN 1789",KANGIS,"ANGEL SPINNING AND DYEING COMPANY NIG. LTD."
94252,"MLKN 1786",KANGIS,"BAMAKAWA FARMS NIGERIA LIMITED"
94266,"MLKN 1788",KANGIS,"AHMAD YAHAYA MARAYA"
94300,"MLKN 1757",KANGIS,"ALKALI MUHAMMAD INUWA GAYA (RTD)"
94359,"MLKN 1760",KANGIS,"ALKALI MUHAMMAD INUWA GAYA (RTD)"
94417,"MLKN 1759",KANGIS,"ALKALI MUHAMMAD INUWA GAYA (RTD)"
94442,"MLKN 1756",KANGIS,"ALH. SAGIR YAHAYA UMAR"
94464,"MLKN 1758",KANGIS,"ALKALI MUHAMMAD INUWA GAYA (RTD)"
94484,"MLKN 1755",KANGIS,"ABBA NIGERIAN LIMITED"
94495,"MLKN 1785",KANGIS,"BAMAKAWA FARMS NIGERIA LIMITED"
94546,"MLKN 1781",KANGIS,"ALHAJI BALA GAMBO"
94551,"MLKN 1754",KANGIS,"IBRAHIM AHAMAD KARAYE"
94582,"MLKN 1782",KANGIS,"ALHAJI BALA GAMBO"
94590,"MLKN 1753",KANGIS,"MAIDAJI PETROLEUM NIGERIA LIMITED"
94593,"MLKN 1784",KANGIS,"AL-AZHAR SCHOOL"
94602,"MLKN 1761",KANGIS,"HAFIZU YUSUF USMAN"
94603,"MLKN 1768",KANGIS,"GERAHOLDS NIGERIA LIMITED"
94610,"MLKN 1762",KANGIS,"HAFIZU YUSUF USMAN"
94637,"MLKN 1752",KANGIS,"MAIDAJI PETROLEUM NIGERIA LIMITED"
94643,"MLKN 1769",KANGIS,"AMINU LAWAN LUKORO"
