file_indexing_id,file_number,registry,prop_id,parent_prop_id,missing_parent
132874,RES-RC-2026-5,1,,108905,108905
143410,CON-AG-2018-18,3,,26068,26068
143411,COM-2019-141,1,,26069,26069
143412,CON-COM-2015-255,3,,26067,26067
143413,CON-AG-2016-114,3,,26055,26055
143414,CON-AG-2021-75,3,,26058,26058
143415,CON-AG-2016-89,3,,26059,26059
143416,COM-2007-12,1,,26061,26061
143417,COM-2016-368,1,,26043,26043
143418,COM-RC-1982-86,1,,26043,26043
143419,CON-AG-2021-74,3,,26057,26057
143420,AG-RC-1981-77,1,,26057,26057
143421,CON-COM-2021-70,3,,26063,26063
143422,CON-COM-2017-13,3,,26044,26044
143423,CON-RES-1996-272,3,,26044,26044
143424,CON-COM-2019-120,3,,26053,26053
143425,CON-COM-2021-373,3,,26073,26073
143426,CON-COM-RC-1982-3,3,,26073,26073
143427,IND-1988-19,1,,26060,26060
143428,COM-2002-2370,1,,26049,26049
143429,COM-2001-534,1,,26052,26052
143430,COM-2015-366,1,,25658,25658
143431,COM-1991-202,1,,25657,25657
143432,CON-COM-2015-297,3,,25642,25642
143433,CON-COM-2008-104,3,,25662,25662
143434,CON-COM-2015-5,3,,25666,25666
143435,COM-1994-146,1,,25651,25651
143436,CON-COM-2016-14,3,,25649,25649
143437,CON-COM-2007-24,3,,25659,25659
143438,CON-COM-2015-4,3,,25665,25665
143439,CON-AG-2015-14,3,,25641,25641
143440,CON-COM-2015-157,3,,25667,25667
143441,CON-COM-2015-244,3,,25664,25664
143442,CON-COM-2015-142,3,,25639,25639
143443,CON-COM-2015-214,3,,25640,25640
143444,COM-2002-2331,1,,25648,25648
143445,COM-2020-90,1,,26133,26133
143446,COM-2020-283,1,,26141,26141
143447,COM-2016-169,1,,26142,26142
143448,CON-AG-2019-80,3,,26145,26145
143449,CON-COM-2019-248,3,,26146,26146
143450,CON-AG-2016-115,3,,26140,26140
143451,CON-COM-2019-74,3,,26157,26157
143452,RES-2007-1364,2,,26196,26196
143453,CON-AG-2018-67,3,,26154,26154
143454,CON-COM-2020-386,3,,26152,26152
143455,CON-IND-2020-28,3,,26150,26150
143456,CON-IND-2021-12,3,,26134,26134
143457,CON-COM-2016-9,3,,25652,25652
143458,COM-2016-106,1,,25655,25655
143459,CON-COM-2019-157,3,,26123,26123
143460,CON-COM-2016-61,3,,25660,25660
143461,CON-AG-2018-63,3,,26124,26124
143462,CON-IND-2020-22,3,,26121,26121
143463,CON-COM-2019-844,3,,26126,26126
143464,CON-COM-2012-151,3,,"26138,173711",26138
143465,CON-COM-2012-150,3,,26137,26137
143466,CON-IND-2021-14,3,,26135,26135
143467,COM-2018-245,1,,26524,26524
143468,COM-2016-155,1,,26129,26129
143469,COM-2016-57,1,,26130,26130
143470,CON-AG-1989-38,3,,26132,26132
143471,COM-2016-58,1,,26131,26131
143472,CON-COM-2019-284,3,,26119,26119
143473,COM-2023-374,1,,26285,26285
143474,COM-2023-437,1,,26293,26293
143475,CON-COM-2022-155,3,,26297,26297
143476,COM-2021-317,1,,26291,26291
143477,COM-2020-288,1,,26298,26298
143478,IND-2022-18,1,,26280,26280
143479,COM-2023-432,1,,26292,26292
143480,COM-2022-642,1,,26289,26289
143481,COM-2023-431,1,,26288,26288
143482,COM-2023-373,1,,26287,26287
143483,COM-2022-881,1,,26281,26281
143484,COM-2023-376,1,,26290,26290
143485,COM-2022-536,1,,26299,26299
143486,CON-COM-2022-422,3,,26305,26305
143487,CON-COM-2018-319,3,,26300,26300
143488,COM-2023-430,1,,26294,26294
143489,COM-2022-506,1,,26295,26295
143490,RES-2020-4295,2,,26295,26295
143491,CON-COM-2020-406,3,,26303,26303
143492,CON-COM-2020-407,3,,26304,26304
143493,COM-2019-68,1,,26118,26118
143495,COM-2007-123,1,,25650,25650
143496,CON-COM-2014-275,3,,25671,25671
143497,COM-2016-359,1,,25672,25672
143498,CON-AG-2009-13,3,,25643,25643
143499,CON-COM-2010-36,3,,25645,25645
143500,CON-COM-2010-35,3,,25647,25647
143501,IND-1994-27,1,,25682,25682
143502,IND-1992-19,1,,25674,25674
143756,COM-2016-24,1,,25631,25631
143757,CON-COM-2015-185,3,,25009,25009
143758,IND-2018-8,1,,25057,25057
143759,COM-RC-1982-326,1,,25802,25802
143760,CON-COM-2021-433,3,,26163,26163
143764,COM-2021-161,1,,26110,26110
143765,CON-RES-2015-139,3,,25189,25189
143766,COM-2010-47,1,,25586,25586
143767,CON-COM-2016-203,3,,25791,25791
143771,CON-IND-2010-27,3,,25783,25783
143772,CON-AG-2016-122,3,,25781,25781
143773,CON-COM-2017-274,3,,25049,25049
143774,COM-2014-102,1,,25784,25784
143775,COM-2016-192,1,,25055,25055
143776,CON-AG-2010-64,3,,25051,25051
143779,CON-COM-2018-31,3,,25805,25805
143780,IND-2018-7,1,,25790,25790
143781,CON-COM-2012-127,3,,25785,25785
143782,IND-2018-11,1,,25056,25056
143783,CON-COM-2017-175,3,,25796,25796
143784,IND-2018-9,1,,25810,25810
143785,CON-COM-2017-204,3,,25803,25803
143786,COM-2022-424,1,,26219,26219
143787,COM-2022-422,1,,26220,26220
143788,COM-2022-420,1,,26221,26221
143789,COM-2022-403,1,,26224,26224
143790,CON-COM-2020-505,3,,26002,26002
143791,COM-1986-50,1,,25188,25188
143792,COM-2022-423,1,,26215,26215
143793,COM-2022-442,1,,26223,26223
143794,CON-COM-2017-11,3,,25786,25786
143795,COM-2021-350,1,,26009,26009
143796,COM-2011-302,1,,26021,26021
143797,COM-2022-436,1,,26217,26217
143798,IND-RC-1986-2,1,,26230,26230
143799,COM-2022-944,1,,26276,26276
143800,COM-2022-421,1,,26226,26226
143802,CON-IND-2019-6,3,,26000,26000
143803,COM-2022-408,1,,26218,26218
143804,CON-COM-1998-37,3,,25866,25866
143806,CON-IND-2019-21,3,,26027,26027
143807,RES-2014-1131,2,,24894,24894
143810,CON-COM-2019-868,3,,26025,26025
143811,COM-2019-85,1,,26024,26024
143812,COM-1987-208,1,,26359,26359
143813,CON-AG-2013-119,3,,25798,25798
143814,CON-AG-2017-51,3,,26231,26231
143815,CON-COM-2012-156,3,,109377,109377
143820,CON-COM-RC-1981-15,3,,25879,25879
143821,CON-COM-1992-89,3,,26455,26455
143829,CON-COM-2013-1993,3,,25861,25861
143832,RES-2013-458,2,,25025,25025
143834,COM-1990-157,1,,26270,26270
143835,RES-2016-3160,2,,24896,24896
143839,COM-1990-65,1,,25873,25873
143840,CON-AG-2011-87,3,,25778,25778
143841,CON-AG-2011-88,3,,25779,25779
143842,CON-IND-2006-3,3,,25881,25881
143843,COM-1986-139,1,,25788,25788
143844,COM-2022-607,1,,25788,25788
143845,COM-2022-608,1,,25788,25788
143846,RES-2014-110,2,,25231,25231
143847,IND-1981-21,1,,26263,26263
143848,IND-1982-79,1,,26261,26261
143852,COM-2002-571,1,,26172,26172
143853,CON-COM-1985-87,3,,25799,25799
143856,COM-2022-131,1,,26171,26171
143857,COM-2009-257,1,,25812,25812
143858,CON-COM-2010-358,3,,25815,25815
143859,CON-COM-2013-176,3,,25793,25793
143860,CON-COM-2012-178,3,,25816,25816
143862,CON-COM-2008-38,3,,25823,25823
143864,CON-COM-2011-359,3,,25830,25830
143865,CON-COM-2012-177,3,,25841,25841
143866,COM-1993-112,1,,25864,25864
32750,CON-RES-2026-2632,3,146513,146546,146546
143045,CON-IND-2010-76,3,,26099,26099
143046,CON-COM-2009-96,3,,26350,26350
143047,IND-1987-9,1,,26354,26354
143048,CON-COM-RC-1982-4,3,,26071,26071
143049,COM-RC-1982-66,1,,26449,26449
143050,CON-COM-1996-10,3,,26451,26451
143051,COM-1991-62,1,,26453,26453
143053,COM-2015-86,1,,26456,26456
143057,CON-AG-2005-55,3,,26448,26448
143058,COM-1997-174,1,,26447,26447
143059,CON-COM-2014-289,3,,26442,26442
143060,CON-COM-2013-85,3,,127195,127195
143062,COM-2009-77,1,,26440,26440
143063,COM-1985-120,1,,26441,26441
143064,COM-2007-60,1,,26445,26445
143065,CON-COM-2011-326,3,,26439,26439
143066,CON-COM-2009-218,3,,26436,26436
143070,COM-2007-111,1,,26434,26434
143072,COM-2007-76,1,,26433,26433
143073,COM-2015-346,1,,26437,26437
143075,CON-COM-2011-220,3,,26438,26438
143077,CON-COM-2013-238,3,,26432,26432
143078,COM-2015-74,1,,26346,26346
143079,CON-COM-2006-96,3,,26334,26334
143080,COM-1993-188,1,,25901,25901
143081,COM-1983-121,1,,26330,26330
143082,COM-2015-21,1,,26450,26450
143084,COM-1987-220,1,,26325,26325
143085,CON-COM-2010-26,3,,26286,26286
143086,COM-2021-77,1,,26336,26336
143087,CON-COM-2007-70,3,,26317,26317
143090,CON-COM-2011-87,3,,26322,26322
143091,CON-AG-1995-63,3,,26339,26339
143092,CON-COM-2014-32,3,,26320,26320
143093,COM-1997-169,1,,26319,26319
143094,CON-COM-2005-8,3,,26318,26318
143095,COM-1992-344,1,,26344,26344
143096,CON-COM-2014-22,3,,26341,26341
143097,COM-2010-92,1,,26329,26329
143098,COM-2014-4,1,,26328,26328
143101,CON-COM-2006-98,3,,26333,26333
143102,CON-COM-2008-168,3,,26337,26337
143105,COM-2002-227,1,,26345,26345
143106,CON-AG-1986-91,3,,26272,26272
143107,CON-COM-2008-107,3,,26342,26342
143108,COM-1991-307,1,,26273,26273
143112,CON-COM-2010-28,3,,26301,26301
143114,CON-COM-2010-27,3,,26296,26296
143115,COM-2004-87,1,,26309,26309
143116,CON-COM-2013-163,3,,26302,26302
143118,COM-2006-42,1,,131778,131778
143119,COM-RC-1982-77,1,,26310,26310
143123,COM-1986-201,1,,26424,26424
143124,COM-1992-292,1,,26426,26426
143125,COM-2002-660,1,,26422,26422
143126,COM-1987-243,1,,26361,26361
143127,RES-2018-2910,2,,26361,26361
143128,COM-1992-293,1,,26423,26423
143131,COM-2014-141,1,,26363,26363
143134,CON-AG-1984-108,3,,26366,26366
143135,COM-1996-134,1,,26381,26381
143136,CON-AG-2010-32,3,,26372,26372
143137,COM-1986-187,1,,26364,26364
143138,COM-1996-164,1,,26367,26367
143141,CON-AG-2003-5,3,,26368,26368
143143,COM-1997-43,1,,26371,26371
143145,IND-1992-13,1,,26380,26380
143147,CON-COM-2008-86,3,,26378,26378
143148,CON-COM-2013-260,3,,26379,26379
143149,COM-1997-95,1,,26365,26365
143150,IND-2009-10,1,,26374,26374
143153,COM-2002-1654,1,,25768,25768
143154,COM-2015-485,1,,25753,25753
143155,COM-2015-489,1,,25752,25752
143156,COM-2015-238,1,,25749,25749
143157,CON-COM-2015-46,3,,25767,25767
143159,COM-2016-305,1,,25748,25748
143162,COM-2015-129,1,,25766,25766
143163,IND-1987-8,1,,25759,25759
143165,COM-2000-274,1,,25760,25760
143166,CON-AG-1987-1998,3,,25762,25762
143167,COM-2016-318,1,,25765,25765
143170,COM-2016-287,1,,25758,25758
143176,IND-2018-2,1,,25757,25757
143177,CON-COM-2011-136,3,,25773,25773
143178,IND-1982-13,1,,25772,25772
143179,COM-2014-144,1,,25537,25537
143185,COM-1995-27,1,,25541,25541
143186,COM-1995-26,1,,25542,25542
143187,CON-COM-2000-66,3,,25543,25543
143190,COM-1992-295,1,,25527,25527
143191,COM-1982-204,1,,25544,25544
143193,CON-COM-2015-101,3,,25526,25526
143197,COM-2015-497,1,,25528,25528
143198,COM-2015-496,1,,25529,25529
143200,CON-COM-2014-82,3,,25536,25536
133452,KN2758,KANGIS,,52015,52015
144138,RES-1998-970,2,,46085,46085
144139,CON-COM-2011-111,3,,104138,104138
144140,CON-COM-2017-53,3,,104167,104167
144141,RES-1997-240,2,,45348,45348
144143,CON-COM-2016-345,3,,104235,104235
144144,COM-2010-380,1,,104247,104247
144145,CON-COM-2008-2,3,,104292,104292
144146,CON-AG-2001-9,3,,104324,104324
144149,COM-2015-41,1,,104442,104442
144151,CON-COM-2011-42,3,,104462,104462
144152,CON-COM-2008-162,3,,104476,104476
144153,COM-RC-1982-111,1,,104503,104503
144154,CON-COM-2014-54,3,,104558,104558
144155,CON-COM-2010-61,3,,104586,104586
144156,COM-2015-33,1,,104607,104607
144158,CON-COM-2010-141,3,,104674,104674
144159,COM-2014-127,1,,104684,104684
144160,CON-COM-2011-212,3,,104703,104703
144161,CON-COM-2020-389,3,,104717,104717
144162,COM-2015-50,1,,104733,104733
144163,COM-2014-170,1,,104774,104774
144164,CON-COM-2011-66,3,,104792,104792
144165,CON-AG-2013-33,3,,104816,104816
144166,COM-2015-98,1,,104915,104915
144168,RES-1989-765,1,,34676,34676
144169,RES-2023-1034,2,,106127,106127
144170,RES-2001-2773,2,,48075,48075
144172,RES-2000-2475,2,,46887,46887
144174,RES-1993-2086,2,,41364,41364
144176,RES-1998-232,2,,45892,45892
144177,CON-AG-2019-89,3,,106418,106418
144178,RES-RC-1981-319,1,,64896,64896
144179,RES-2008-4497,2,,51838,51838
144181,RES-2018-47,2,,58510,58510
144182,COM-2011-275,1,,106562,106562
144183,COM-2000-814,1,,106571,106571
144184,RES-1983-1193,1,,29596,29596
144186,RES-2002-3502,2,,49018,49018
144188,CON-RES-2010-499,3,,106918,106918
144189,RES-1991-714,1,,37645,37645
144190,CON-COM-2020-388,3,,106965,106965
144191,CON-COM-2016-364,3,,106976,106976
144192,CON-RES-2001-220,3,,107002,107002
144193,RES-RC-2000-4,1,,68159,68159
144194,CON-RES-2012-433,3,,107037,107037
144195,CON-RES-2013-15,3,,107078,107078
144196,RES-2013-762,2,,107080,107080
144197,CON-AG-2014-83,3,,107124,107124
144198,CON-AG-2022-137,3,,107126,107126
144199,RES-2010-1217,2,,53073,53073
144200,CON-COM-2015-41,3,,107156,107156
144201,CON-COM-2019-174,3,,107317,107317
144202,CON-RES-2013-79,3,,107337,107337
144203,RES-2014-85,2,,107339,107339
144204,CON-IND-2021-28,3,,107364,107364
144205,CON-RES-2007-412,3,,107368,107368
144206,RES-1987-842,1,,32823,32823
144207,RES-1982-216,1,,28752,28752
144208,RES-2000-856,2,,47841,47841
144209,RES-2000-1498,2,,46499,46499
144210,CON-COM-2019-293,3,,107422,107422
144212,RES-2020-2296,2,,107465,107465
144213,RES-2008-1104,2,,107470,107470
144214,RES-1993-2881,2,,41519,41519
144215,RES-2010-2231,2,,53322,53322
144216,COM-2021-21,1,,107512,107512
144219,RES-2020-1542,2,,60392,60392
144221,CON-RES-2012-431,3,,107794,107794
144222,RES-2013-763,2,,107798,107798
144223,CON-RES-1982-1109,3,,107813,107813
144224,COM-2021-19,1,,107821,107821
144225,CON-RES-2012-432,3,,107838,107838
144226,CON-RES-2006-351,3,,107849,107849
144228,RES-2012-3822,2,,107882,107882
144229,RES-2008-4046,2,,51791,51791
144231,CON-IND-2020-11,3,,107934,107934
144232,COM-2021-20,1,,108471,108471
144233,COM-2000-476,1,,108473,108473
143503,CON-COM-2014-76,3,,25669,25669
143504,CON-IND-2016-2,3,,25670,25670
143505,COM-2018-196,1,,25654,25654
143506,COM-RC-1981-5,1,,25654,25654
143507,CON-COM-2014-68,3,,25661,25661
143508,IND-1982-60,1,,25771,25771
143509,CON-COM-1990-15,3,,26148,26148
143510,CON-COM-2021-347,3,,26153,26153
143512,CON-COM-2015-129,3,,26153,26153
143513,IND-1988-20,1,,26144,26144
143514,COM-2021-75,1,,26139,26139
143515,RES-1991-7928,1,,26139,26139
143516,RES-1992-6846,2,,25240,25240
143517,IND-1983-7,1,,25663,25663
143519,CON-RES-2013-172,3,,25261,25261
143520,CON-IND-1996-6,3,,25673,25673
143521,CON-RES-2013-171,3,,25043,25043
143522,CON-RES-2013-173,3,,25262,25262
143524,RES-1981-629,1,,25041,25041
143525,COM-1982-56,1,,26331,26331
143526,RES-2016-1564,2,,25229,25229
143527,RES-2003-3708,2,,25229,25229
143528,RES-1995-1183,2,,25229,25229
143530,CON-COM-RC-1985-4,3,,26324,26324
143531,CON-IND-1996-5,3,,25676,25676
143534,CON-RES-1996-297,3,,25247,25247
143535,RES-2014-419,2,,25245,25245
143536,COM-1982-9,1,,25679,25679
143537,RES-2002-5840,2,,25253,25253
143538,RES-2002-8505,2,,25250,25250
143539,RES-2014-84,2,,25244,25244
143540,IND-2002-7,1,,25678,25678
143541,CON-RES-2013-35,3,,25243,25243
143543,RES-1992-6881,2,,25242,25242
143544,IND-1981-14,1,,25675,25675
143545,RES-1995-2176,2,,25255,25255
143546,IND-1982-19,1,,25677,25677
143547,RES-2015-1287,2,,25241,25241
143548,RES-1997-241,2,,25265,25265
143549,RES-1988-314,1,,25251,25251
143550,RES-2002-4770,2,,25263,25263
143551,RES-1988-713,1,,25267,25267
143552,CON-RES-2010-184,3,,25269,25269
143553,RES-2007-1210,2,,25266,25266
143554,RES-1990-1174,1,,25266,25266
143556,RES-1990-1201,1,,25248,25248
143557,RES-2013-79,2,,25004,25004
143558,RES-2008-3326,2,,24990,24990
143559,RES-2005-1768,2,,24982,24982
143560,RES-2000-3192,2,,24980,24980
143561,RES-1995-501,2,,24973,24973
143563,RES-2000-5312,2,,24995,24995
143564,RES-2001-5417,2,,24989,24989
143568,RES-2009-5245,2,,24963,24963
143571,RES-1992-1490,2,,24998,24998
143572,RES-1992-1486,2,,24984,24984
143573,RES-1991-505,1,,24965,24965
143574,RES-1994-2045,2,,25003,25003
143575,RES-1993-6973,2,,25002,25002
143576,RES-2015-3580,2,,24895,24895
143577,RES-2000-2509,2,,25045,25045
143579,RES-2003-1630,2,,24962,24962
143580,CON-RES-2006-108,3,,24992,24992
143581,RES-1988-1116,1,,24987,24987
143582,RES-1981-284,1,,24994,24994
143583,CON-RES-2010-478,3,,24993,24993
143584,RES-1982-1747,1,,24966,24966
143585,RES-1992-1394,2,,25074,25074
143586,RES-2017-658,2,,24900,24900
143587,RES-1992-5274,2,,24968,24968
143588,RES-1993-6629,2,,24972,24972
143589,RES-1990-2179,1,,25195,25195
143590,CON-RES-2012-264,3,,25194,25194
143591,RES-2002-8169,2,,25184,25184
143592,RES-1992-7398,2,,25221,25221
143593,RES-1995-370,2,,25155,25155
143594,RES-1993-3761,2,,24976,24976
143595,RES-2008-5045,2,,25185,25185
143596,RES-1993-3745,2,,25208,25208
143598,RES-2012-3344,2,,"24978,175784",24978
143599,RES-1991-4403,1,,25220,25220
143600,RES-2000-556,2,,25178,25178
143601,RES-2001-3543,2,,25201,25201
143602,RES-2008-567,2,,25175,25175
143603,RES-2000-5399,2,,25206,25206
143868,CON-COM-2010-342,3,,25574,25574
143869,COM-2015-370,1,,25604,25604
143870,COM-1990-123,1,,25776,25776
143871,COM-1992-414,1,,25850,25850
143872,RES-2014-86,2,,25062,25062
143874,COM-2001-766,1,,26033,26033
143875,COM-2001-765,1,,26034,26034
143876,CON-COM-2011-28,3,,25599,25599
143877,RES-2001-5757,2,,25150,25150
143882,RES-2000-1731,2,,25147,25147
143884,CON-AG-2012-23,3,,26427,26427
143888,COM-2016-152,1,,26031,26031
143889,CON-AG-2010-108,3,,26306,26306
143890,RES-2002-2631,2,,25042,25042
143891,CON-IND-2014-123,3,,25696,25696
143892,CON-RES-1981-283,3,,25145,25145
143893,COM-1988-20,1,,26251,26251
143894,CON-AG-1983-78,3,,25994,25994
143895,CON-AG-1988-67,3,,25624,25624
143896,COM-1985-65,1,,26269,26269
143897,CON-COM-2010-118,3,,26271,26271
143898,COM-1983-343,1,,25995,25995
143899,COM-2003-516,1,,26262,26262
143900,RES-1998-309,2,,26262,26262
143901,CON-AG-1981-69,3,,25996,25996
143902,COM-RC-1982-476,1,,25950,25950
143903,COM-1988-24,1,,26267,26267
143904,COM-2001-109,1,,25952,25952
143905,CON-COM-2001-21,3,,25954,25954
143906,IND-2016-1,1,,25685,25685
143907,IND-RC-1982-131,1,,26165,26165
143911,CON-RES-2012-50,3,,25165,25165
143912,COM-1997-251,1,,26167,26167
143913,COM-2001-573,1,,26164,26164
143914,CON-AG-1993-10,3,,26159,26159
143915,COM-2002-2302,1,,26125,26125
143916,CON-COM-2008-207,3,,26151,26151
143917,CON-COM-2015-189,3,,25687,25687
143918,CON-AG-2012-57,3,,26179,26179
143919,COM-2002-2329,1,,26174,26174
143920,COM-1997-168,1,,26175,26175
143921,COM-2014-20,1,,25632,25632
143922,COM-1986-164,1,,26170,26170
143924,COM-1990-47,1,,26114,26114
143925,CON-COM-2009-404,3,,26116,26116
143926,CON-COM-2013-61,3,,26390,26390
143927,CON-COM-2012-51,3,,25949,25949
143928,CON-COM-2013-220,3,,26397,26397
143929,COM-2022-921,1,,26275,26275
143930,COM-2011-179,1,,26386,26386
143931,COM-2011-181,1,,26382,26382
143932,COM-2011-177,1,,26376,26376
143933,COM-2011-180,1,,26370,26370
143935,CON-COM-2005-72,3,,26404,26404
143936,CON-COM-2004-22,3,,26412,26412
143937,CON-AG-1982-323,3,,26417,26417
143938,CON-AG-1982-324,3,,26414,26414
143939,CON-COM-2010-82,3,,26418,26418
143941,IND-2013-6,1,,26419,26419
143944,COM-1988-37,1,,25948,25948
143945,RES-2002-6806,2,,25081,25081
143946,CON-COM-2015-222,3,,25592,25592
143948,CON-COM-2020-112,3,,26178,26178
143949,CON-COM-2013-239,3,,26343,26343
143950,RES-2000-5003,2,,25146,25146
143951,RES-2015-7173,2,,24902,24902
143952,IND-2018-1,1,,26006,26006
143953,IND-RC-1982-33,1,,26006,26006
143954,IND-2018-3,1,,26006,26006
143955,CON-COM-2020-504,3,,26001,26001
143956,COM-2015-139,1,,26004,26004
143957,COM-2015-140,1,,26005,26005
143958,CON-AG-2020-20,3,,26030,26030
143959,CON-COM-2019-323,3,,26019,26019
143960,AG-RC-1983-7,1,,26026,26026
143961,CON-COM-2017-206,3,,26016,26016
143962,CON-COM-2011-153,3,,26017,26017
143963,IND-2018-13,1,,25833,25833
143964,CON-COM-2008-4,3,,26008,26008
143965,CON-AG-2015-23,3,,26029,26029
143966,COM-2012-106,1,,26509,26509
143967,CON-COM-2009-25,3,,26015,26015
143968,RES-2014-2110,2,,25066,25066
143969,CON-COM-2019-852,3,,26003,26003
143970,IND-RC-1982-63,1,,26011,26011
143971,CON-COM-2019-166,3,,26028,26028
143972,COM-2020-290,1,,26014,26014
143974,CON-IND-2021-4,3,,26012,26012
143976,CON-COM-2019-320,3,,26020,26020
144234,RES-1990-2742,1,,108513,108513
144235,CON-COM-2019-8,3,,108531,108531
144236,RES-2000-5282,2,,47550,47550
144238,RES-2000-2749,2,,46967,46967
144239,CON-COM-2017-184,3,,108630,108630
144240,RES-2002-1264,2,,48595,48595
144241,RES-1985-555,1,,30947,30947
144242,IND-2021-4,1,,108702,108702
144244,RES-2002-2237,2,,108759,108759
144246,RES-1993-1176,2,,41008,41008
144247,CON-COM-2020-276,3,,108839,108839
144248,RES-1988-1147,1,,32960,32960
144249,CON-RES-2012-434,3,,108892,108892
144250,RES-1987-2271,1,,108905,108905
144252,RES-1981-1559,1,,26994,26994
144253,RES-2009-711,2,,52692,52692
144254,RES-2003-2315,2,,108965,108965
144255,RES-1995-258,2,,108987,108987
144257,RES-1993-2002,2,,41351,41351
144258,CON-RES-2004-32,3,,109021,109021
144259,RES-RC-1982-1578,1,,65614,65614
144260,RES-1999-1337,2,,46189,46189
144262,RES-2015-3439,2,,109205,109205
144263,CON-COM-2020-55,3,,109250,109250
144264,RES-2000-3802,2,,47279,47279
144267,RES-1981-1412,1,,26902,26902
144271,RES-1981-776,1,,27729,27729
144272,RES-1985-1187,1,,30323,30323
144273,RES-1981-763,1,,27718,27718
144276,RES-1985-1042,1,,30261,30261
144277,RES-2008-1103,2,,109485,109485
144278,RES-2015-3806,2,,55182,55182
144279,RES-2008-501,2,,51900,51900
144280,RES-1985-1711,1,,30522,30522
144281,RES-1990-1384,1,,34911,34911
144285,RES-1987-1221,1,,31904,31904
144288,RES-1991-3492,1,,36818,36818
144290,RES-2000-3803,2,,47280,47280
144291,RES-2007-848,2,,51525,51525
144292,COM-2002-790,1,,109904,109904
144294,CON-COM-2019-3,3,,109956,109956
144295,CON-RES-2008-472,3,,109965,109965
144296,CON-COM-2019-4,3,,109983,109983
144297,CON-COM-2019-5,3,,109991,109991
144299,CON-COM-2019-6,3,,110010,110010
144300,CON-AG-2018-12,3,,110044,110044
144302,RES-2008-1025,2,,110158,110158
144304,CON-COM-2017-17,3,,110242,110242
144306,COM-2018-193,1,,110556,110556
144307,IND-2020-19,1,,26113,26113
144308,CON-COM-2018-194,3,,110603,110603
144314,CON-AG-2021-8,3,,110659,110659
144317,CON-COM-2018-44,3,,110704,110704
144318,COM-2018-283,1,,110705,110705
144319,CON-COM-2018-156,3,,110738,110738
144320,IND-2020-17,1,,110748,110748
144321,CON-COM-2014-220,3,,110910,110910
144324,CON-COM-2011-390,3,,111031,111031
144325,COM-2010-511,1,,111045,111045
144326,COM-2002-2390,1,,111076,111076
144330,CON-AG-2016-27,3,,111186,111186
144331,CON-COM-2012-239,3,,111204,111204
144332,CON-COM-2009-74,3,,111234,111234
144333,COM-2014-183,1,,111248,111248
144334,CON-COM-2016-209,3,,111251,111251
144335,COM-2018-12,1,,111289,111289
144336,COM-2016-265,1,,111298,111298
144337,RES-2015-2117,2,,54852,54852
144338,COM-2001-542,1,,111328,111328
144339,CON-COM-2018-237,3,,111417,111417
144340,RES-2015-1565,2,,111436,111436
143201,CON-COM-2011-315,3,,25534,25534
143202,CON-AG-2011-38,3,,25535,25535
143204,CON-AG-2006-31,3,,25532,25532
143205,CON-COM-2007-46,3,,25531,25531
143206,COM-2000-69,1,,25530,25530
143212,COM-2014-64,1,,26497,26497
143213,COM-2000-322,1,,26497,26497
143215,COM-2010-390,1,,26502,26502
143218,COM-2014-62,1,,26503,26503
143221,COM-2015-89,1,,26488,26488
143225,CON-IND-1981-64,3,,26494,26494
143227,COM-2014-173,1,,26487,26487
143231,CON-COM-2014-288,3,,26490,26490
143235,COM-2002-1600,1,,26496,26496
143236,IND-2013-7,1,,26492,26492
143237,COM-2014-851,1,,26486,26486
143242,CON-COM-2013-113,3,,26474,26474
143244,COM-1987-118,1,,26472,26472
143245,COM-2003-3,1,,26464,26464
143246,COM-1997-216,1,,26463,26463
143247,CON-COM-1995-12,3,,26465,26465
143248,CON-COM-2013-65,3,,26478,26478
143249,IND-RC-1982-74,1,,26461,26461
143250,COM-2014-139,1,,26475,26475
143251,COM-2015-544,1,,25561,25561
143252,COM-2015-545,1,,25549,25549
143257,IND-RC-1982-18,1,,25551,25551
143260,COM-2015-566,1,,25562,25562
143263,CON-COM-2014-148,3,,25559,25559
143265,COM-2016-81,1,,25552,25552
143269,CON-COM-1982-1,3,,25557,25557
143270,COM-2016-82,1,,25553,25553
143271,COM-1991-339,1,,25548,25548
143276,CON-COM-2015-183,3,,25550,25550
143285,CON-COM-2002-52,3,,25589,25589
143287,COM-2016-214,1,,25595,25595
143294,CON-AG-1986-81,3,,25603,25603
143296,COM-1997-222,1,,25597,25597
143297,COM-2016-215,1,,25594,25594
143299,CON-AG-2011-77,3,,26400,26400
143300,CON-COM-2014-218,3,,26394,26394
143301,CON-COM-1982-83,3,,26399,26399
143304,CON-COM-2006-60,3,,26411,26411
143308,COM-2013-31,1,,26405,26405
143309,COM-2000-308,1,,26409,26409
143311,COM-1991-221,1,,26408,26408
143312,IND-1982-44,1,,26389,26389
143313,IND-1982-7,1,,26383,26383
143314,IND-1982-17,1,,26384,26384
143315,IND-1982-11,1,,26387,26387
143316,IND-1982-24,1,,26393,26393
143317,CON-COM-2002-45,3,,26410,26410
143318,CON-COM-2018-85,3,,25942,25942
143319,CON-COM-2018-81,3,,25943,25943
143320,CON-COM-2018-111,3,,25944,25944
143321,CON-COM-2018-82,3,,25941,25941
143322,CON-AG-2017-79,3,,25929,25929
143323,CON-COM-2018-83,3,,25939,25939
143324,COM-2001-640,1,,25930,25930
143325,COM-2016-99,1,,25935,25935
143326,CON-COM-2019-94,3,,25934,25934
143327,CON-COM-2012-7,3,,25919,25919
143328,CON-COM-2017-372,3,,25938,25938
143329,COM-2016-267,1,,25937,25937
143330,CON-COM-2017-173,3,,25915,25915
143331,COM-2015-483,1,,25917,25917
143332,CON-COM-2017-227,3,,25912,25912
143333,CON-COM-2016-215,3,,25908,25908
143334,COM-2001-243,1,,25909,25909
143335,CON-COM-2019-32,3,,25921,25921
143336,CON-COM-1999-69,3,,25931,25931
143337,CON-COM-2019-93,3,,25932,25932
143338,COM-2018-288,1,,25936,25936
143339,COM-2019-33,1,,25928,25928
143340,CON-COM-2012-211,3,,25933,25933
143341,CON-COM-2013-155,3,,25926,25926
143342,CON-COM-2015-170,3,,25924,25924
143343,COM-2016-184,1,,25913,25913
143344,CON-COM-2015-114,3,,25914,25914
143345,CON-AG-2015-38,3,,25911,25911
143346,COM-2013-102,1,,25918,25918
143347,COM-RC-1982-504,1,,25918,25918
143348,CON-AG-2015-44,3,,25922,25922
143349,COM-2018-289,1,,25916,25916
143350,COM-1995-147,1,,25916,25916
143353,COM-2013-85,1,,25893,25893
143354,COM-2000-356,1,,25895,25895
143355,CON-COM-2010-34,3,,25646,25646
143356,CON-COM-2013-251,3,,25539,25539
143357,CON-COM-2006-5,3,,25538,25538
143358,CON-AG-2017-117,3,,25845,25845
143359,COM-2016-395,1,,25844,25844
143360,COM-2015-548,1,,25848,25848
143361,CON-AG-2016-62,3,,25846,25846
143362,CON-AG-2015-26,3,,25842,25842
143363,CON-COM-2016-311,3,,25837,25837
143364,CON-COM-2011-112,3,,25836,25836
143365,CON-COM-2015-270,3,,25835,25835
143366,CON-COM-2016-43,3,,25834,25834
143977,CON-COM-2019-216,3,,26018,26018
143980,COM-2016-334,1,,26093,26093
143981,COM-RC-1982-92,1,,26093,26093
143982,COM-2019-113,1,,25947,25947
143983,COM-2015-355,1,,26086,26086
143984,COM-RC-1984-5,1,,26086,26086
143985,COM-2019-285,1,,26076,26076
143986,COM-2009-43,1,,26104,26104
143987,CON-COM-2019-154,3,,26077,26077
143988,CON-COM-2020-247,3,,26100,26100
143989,CON-COM-2018-277,3,,26105,26105
143990,CON-COM-2020-246,3,,26101,26101
143991,CON-COM-2010-49,3,,26106,26106
143992,COM-2020-88,1,,26078,26078
143993,CON-COM-2007-33,3,,26102,26102
143994,CON-COM-1996-37,3,,26022,26022
143995,COM-2019-376,1,,26087,26087
143997,CON-COM-2017-83,3,,26109,26109
143998,CON-COM-2017-218,3,,26111,26111
143999,CON-COM-2018-276,3,,26103,26103
144000,CON-COM-2019-185,3,,26112,26112
144001,GKN-2212,,,26010,26010
144002,COM-2002-257,1,,26081,26081
144003,CON-AG-2019-48,3,,26083,26083
144004,CON-AG-2015-74,3,,26084,26084
144005,CON-COM-2017-129,3,,26085,26085
144006,CON-AG-2020-45,3,,26090,26090
144007,COM-2021-15,1,,26091,26091
144008,COM-2017-126,1,,26097,26097
144016,CON-COM-2020-130,3,,26096,26096
144017,CON-COM-2018-301,3,,26095,26095
144018,COM-2021-222,1,,26094,26094
144019,CON-COM-2021-157,3,,26239,26239
144020,CON-COM-2021-673,3,,26234,26234
144022,CON-RES-2007-96,3,,26234,26234
144023,COM-2016-25,1,,25714,25714
144024,COM-2021-220,1,,26257,26257
144025,CON-IND-2022-6,3,,26233,26233
144027,CON-AG-2019-28,3,,26236,26236
144028,COM-2007-3,1,,26245,26245
144029,CON-RES-2019-302,3,,26253,26253
144030,COM-2022-382,1,,26240,26240
144031,CON-COM-2022-551,3,,26241,26241
144032,CON-RES-2013-564,3,,26241,26241
144033,CON-COM-2019-854,3,,26242,26242
144034,CON-COM-2019-42,3,,26249,26249
144035,CON-COM-2019-303,3,,26254,26254
144036,CON-AG-2021-80,3,,26258,26258
144037,COM-2022-445,1,,26259,26259
144038,IND-2002-24,1,,26237,26237
144039,RES-1982-1199,1,,25072,25072
144040,CON-IND-2022-2,3,,26235,26235
144041,CON-IND-2019-16,3,,26173,26173
144042,COM-2022-487,1,,26246,26246
144043,CON-IND-2022-46,3,,26232,26232
144044,CON-COM-2016-3,3,,26248,26248
144045,CON-COM-2017-217,3,,26256,26256
144046,RES-1991-577,1,,25091,25091
144048,COM-1985-6,1,,25737,25737
144050,RES-2014-1901,2,,24904,24904
144051,COM-1990-112,1,,26260,26260
144054,RES-2002-1933,2,,25163,25163
144055,COM-2015-125,1,,25731,25731
144056,COM-2015-225,1,,25970,25970
144057,CON-COM-2016-171,3,,25973,25973
144058,CON-AG-2013-96,3,,25978,25978
144059,CON-COM-2015-284,3,,25979,25979
144060,CON-AG-2016-103,3,,25735,25735
144061,CON-COM-2017-146,3,,25736,25736
144062,CON-COM-2016-324,3,,25738,25738
144063,CON-COM-2016-327,3,,25739,25739
144064,CON-COM-2016-325,3,,25741,25741
144065,CON-COM-2015-125,3,,25966,25966
144066,COM-2015-262,1,,25742,25742
144067,COM-2015-447,1,,25745,25745
144068,CON-COM-2015-126,3,,25967,25967
144069,COM-2015-375,1,,25746,25746
144070,COM-2014-179,1,,25747,25747
144072,CON-COM-2017-263,3,,101341,101341
144073,CON-COM-2017-262,3,,101352,101352
144074,CON-COM-2011-55,3,,101376,101376
144075,CON-COM-2012-144,3,,101401,101401
144076,CON-RES-2010-677,3,,101401,101401
144077,CON-RES-2008-246,3,,101424,101424
144078,RES-2000-475,2,,47447,47447
144079,COM-2013-49,1,,101517,101517
144081,RES-1989-492,1,,34534,34534
143604,RES-1986-2130,1,,25213,25213
143605,RES-2000-1672,2,,25204,25204
143606,RES-1986-1800,1,,25191,25191
143608,RES-2000-1136,2,,25210,25210
143609,RES-2012-3298,2,,25199,25199
143610,RES-2000-5183,2,,25225,25225
143612,RES-1988-2084,1,,25211,25211
143613,RES-2007-1815,2,,25214,25214
143614,RES-2000-1666,2,,25196,25196
143615,RES-2001-3542,2,,25202,25202
143616,RES-2007-1816,2,,25217,25217
143617,RES-2007-3,2,,25183,25183
143618,RES-RC-1982-1099,1,,25182,25182
143619,RES-2000-1677,2,,25212,25212
143621,RES-2005-758,2,,25114,25114
143622,CON-RES-2014-217,3,,25127,25127
143623,RES-RC-1982-152,1,,25132,25132
143624,CON-RES-2014-216,3,,25126,25126
143625,RES-1993-8080,2,,25137,25137
143626,CON-RES-2012-462,3,,25122,25122
143627,CON-RES-2013-558,3,,25139,25139
143629,CON-RES-2014-219,3,,25129,25129
143630,RES-2008-3781,2,,25123,25123
143631,RES-1996-1044,2,,25138,25138
143632,RES-2014-2737,2,,25124,25124
143633,RES-2002-1791,2,,25143,25143
143634,CON-RES-2014-266,3,,25110,25110
143636,RES-2004-585,2,,25135,25135
143637,RES-2011-3095,2,,25108,25108
143638,RES-1997-323,2,,25142,25142
143639,CON-RES-2012-461,3,,25121,25121
143640,RES-1989-827,1,,25112,25112
143641,RES-1992-6772,2,,25106,25106
143642,RES-2015-1301,2,,25140,25140
143643,CON-RES-2014-218,3,,25128,25128
143644,RES-1990-2421,1,,25102,25102
143645,RES-2002-7712,2,,25133,25133
143646,RES-2002-7711,2,,25134,25134
143647,RES-2000-1972,2,,25115,25115
143648,CON-RES-1999-444,3,,25116,25116
143649,RES-1993-8151,2,,25141,25141
143650,RES-1998-953,2,,25105,25105
143651,CON-RES-1982-1340,3,,25119,25119
143652,CON-RES-2014-215,3,,25125,25125
143653,CON-COM-2005-93,3,,25036,25036
143654,RES-1981-1634,1,,25109,25109
143655,CON-RES-1994-446,3,,25691,25691
143657,RES-RC-1982-440,1,,25130,25130
143659,RES-RC-1982-317,1,,25131,25131
143660,RES-1993-4893,2,,25104,25104
143662,CON-COM-2011-90,3,,25701,25701
143663,IND-1994-28,1,,25716,25716
143664,CON-COM-2016-167,3,,25703,25703
143665,CON-RES-2008-1060,3,,25120,25120
143666,CON-IND-2014-15,3,,25692,25692
143667,CON-RES-1997-304,3,,25111,25111
143668,COM-2007-84,1,,25699,25699
143669,COM-2016-301,1,,25708,25708
143670,COM-2016-302,1,,25709,25709
143671,COM-2016-349,1,,25700,25700
143673,RES-RC-1982-703,1,,25113,25113
143674,CON-COM-2008-195,3,,25707,25707
143675,RES-1995-2945,2,,25118,25118
143676,COM-2016-396,1,,25710,25710
143677,CON-AG-2014-56,3,,25035,25035
143678,COM-2006-88,1,,"25034,2941",25034
143679,CON-RES-1994-59,3,,25286,25286
143680,CON-COM-2010-343,3,,25702,25702
143681,RES-2014-46,2,,25296,25296
143682,CON-RES-2010-939,3,,25291,25291
143684,RES-2015-693,2,,25282,25282
143686,RES-RC-1982-1486,1,,25239,25239
143687,CON-RES-2015-315,3,,25281,25281
143688,RES-2002-7510,2,,25293,25293
143693,RES-2009-2045,2,,25280,25280
143696,RES-2002-7506,2,,25294,25294
143697,RES-1999-11,2,,25283,25283
143698,RES-2016-3385,2,,25295,25295
143701,RES-2015-7641,2,,25284,25284
143702,RES-2010-2353,2,,25292,25292
143705,RES-1997-35,2,,25297,25297
143706,RES-1987-2576,1,,25287,25287
143709,RES-2009-2044,2,,25277,25277
119502,RES-RC-1982-611,1,,"80005511,21146",80005511
125100,CON-COM-2026-336,3,,"84852,26013",84852
125100,CON-COM-2026-336,3,,"84852,26013",26013
125101,CON-COM-2026-337,3,,"84852,26013",84852
125101,CON-COM-2026-337,3,,"84852,26013",26013
125117,RES-2026-2270,2,,26013,26013
170573,CON-RES-2026-2635,3,149135,149262,149262
170574,CON-RES-2026-2636,3,149136,149262,149262
170575,CON-RES-2026-2637,3,149137,149262,149262
170576,CON-RES-2026-2638,3,149138,149262,149262
170577,CON-RES-2026-2639,3,149139,149262,149262
170578,CON-RES-2026-2640,3,149140,149262,149262
170579,CON-RES-2026-2641,3,149141,149262,149262
170580,CON-RES-2026-2642,3,149142,149262,149262
170581,CON-RES-2026-2643,3,149143,149262,149262
170582,CON-RES-2026-2644,3,149144,149262,149262
170583,CON-RES-2026-2645,3,149145,149262,149262
170584,CON-RES-2026-2646,3,149146,149262,149262
170585,CON-RES-2026-2647,3,149147,149262,149262
170586,CON-RES-2026-2648,3,149148,149262,149262
170587,CON-RES-2026-2649,3,149149,149262,149262
170588,CON-RES-2026-2650,3,149150,149262,149262
170589,CON-RES-2026-2651,3,149151,149262,149262
170590,CON-RES-2026-2652,3,149152,149262,149262
170591,CON-RES-2026-2653,3,149153,149262,149262
170592,CON-RES-2026-2654,3,149154,149262,149262
170593,CON-RES-2026-2655,3,149155,149262,149262
170594,CON-RES-2026-2656,3,149156,149262,149262
170595,CON-RES-2026-2657,3,149157,149262,149262
170596,CON-RES-2026-2658,3,149158,149262,149262
170597,CON-RES-2026-2659,3,149159,149262,149262
170598,CON-RES-2026-2660,3,149160,149262,149262
170599,CON-RES-2026-2661,3,149161,149262,149262
170600,CON-RES-2026-2662,3,149162,149262,149262
170601,CON-RES-2026-2663,3,149163,149262,149262
170602,CON-RES-2026-2664,3,149164,149262,149262
170603,CON-RES-2026-2665,3,149165,149262,149262
170604,CON-RES-2026-2666,3,149166,149262,149262
170605,CON-RES-2026-2667,3,149167,149262,149262
170606,CON-RES-2026-2668,3,149168,149262,149262
170607,CON-RES-2026-2669,3,149169,149262,149262
170608,CON-RES-2026-2670,3,149170,149262,149262
170609,CON-RES-2026-2671,3,149171,149262,149262
170610,CON-RES-2026-2672,3,149172,149262,149262
170611,CON-RES-2026-2673,3,149173,149262,149262
170612,CON-RES-2026-2674,3,149174,149262,149262
170613,CON-RES-2026-2675,3,149175,149262,149262
170614,CON-RES-2026-2676,3,149176,149262,149262
170615,CON-RES-2026-2677,3,149177,149262,149262
170616,CON-RES-2026-2678,3,149178,149262,149262
170617,CON-RES-2026-2679,3,149179,149262,149262
170618,CON-RES-2026-2680,3,149180,149262,149262
170619,CON-RES-2026-2681,3,149181,149262,149262
170620,CON-RES-2026-2682,3,149182,149262,149262
170621,CON-RES-2026-2683,3,149183,149262,149262
170622,CON-RES-2026-2684,3,149184,149262,149262
170623,CON-RES-2026-2685,3,149185,149262,149262
170624,CON-RES-2026-2686,3,149186,149262,149262
170625,CON-RES-2026-2687,3,149187,149262,149262
170626,CON-RES-2026-2688,3,149188,149262,149262
170627,CON-RES-2026-2689,3,149189,149262,149262
170628,CON-RES-2026-2690,3,149190,149262,149262
170629,CON-RES-2026-2691,3,149191,149262,149262
170630,CON-RES-2026-2692,3,149192,149262,149262
170631,CON-RES-2026-2693,3,149193,149262,149262
170632,CON-RES-2026-2694,3,149194,149262,149262
170633,CON-RES-2026-2695,3,149195,149262,149262
160927,DCIV-2026-70,DCIV,,139619,139619
176414,CON-IND-2026-140,3,,152904,152904
176415,CON-IND-2026-141,3,,152904,152904
176416,CON-IND-2026-142,3,,152904,152904
176417,CON-IND-2026-145,3,,152904,152904
176418,CON-IND-2026-146,3,,152904,152904
176419,CON-IND-2026-147,3,,152904,152904
176420,CON-IND-2026-148,3,,152904,152904
176421,CON-IND-2026-149,3,,152904,152904
176422,CON-IND-2026-150,3,,152904,152904
176423,CON-IND-2026-151,3,,152904,152904
176424,CON-IND-2026-152,3,,152904,152904
176425,CON-IND-2026-153,3,,152904,152904
176426,CON-IND-2026-154,3,,152904,152904
176427,CON-IND-2026-155,3,,152904,152904
176428,CON-IND-2026-156,3,,152904,152904
176429,CON-IND-2026-157,3,,152904,152904
176430,CON-IND-2026-158,3,,152904,152904
176431,CON-IND-2026-159,3,,152904,152904
176432,CON-IND-2026-160,3,,152904,152904
176433,CON-IND-2026-161,3,,152904,152904
176434,CON-IND-2026-162,3,,152904,152904
176435,CON-IND-2026-163,3,,152904,152904
176436,CON-IND-2026-164,3,,152904,152904
176437,CON-IND-2026-165,3,,152904,152904
176438,CON-IND-2026-166,3,,152904,152904
176439,CON-IND-2026-167,3,,152904,152904
176440,CON-IND-2026-168,3,,152904,152904
176441,CON-IND-2026-169,3,,152904,152904
176442,CON-IND-2026-170,3,,152904,152904
176443,CON-IND-2026-171,3,,152904,152904
176444,CON-IND-2026-172,3,,152904,152904
176445,CON-IND-2026-173,3,,152904,152904
176446,CON-IND-2026-174,3,,152904,152904
176447,CON-IND-2026-175,3,,152904,152904
176448,CON-IND-2026-176,3,,152904,152904
176449,CON-IND-2026-177,3,,152904,152904
176450,CON-IND-2026-178,3,,152904,152904
176451,CON-IND-2026-179,3,,152904,152904
176452,CON-IND-2026-180,3,,152904,152904
176453,CON-IND-2026-181,3,,152904,152904
176454,CON-IND-2026-182,3,,152904,152904
176455,CON-IND-2026-183,3,,152904,152904
176456,CON-IND-2026-184,3,,152904,152904
176457,CON-IND-2026-185,3,,152904,152904
176458,CON-IND-2026-186,3,,152904,152904
176459,CON-IND-2026-187,3,,152904,152904
176460,CON-IND-2026-188,3,,152904,152904
144341,CON-RES-2017-123,3,,111635,111635
144342,COM-2013-178,1,,111656,111656
144346,CON-AG-2009-87,3,,113419,113419
144348,COM-2003-127,1,,113520,113520
144349,CON-AG-2021-200,3,,113534,113534
144355,COM-2015-1,1,,115293,115293
144356,CON-COM-2014-175,3,,115327,115327
144357,RES-2003-2076,2,,115485,115485
144358,CON-COM-2013-41,3,,116009,116009
144359,CON-COM-2012-175,3,,116441,116441
144361,COM-2002-486,1,,116896,116896
144363,COM-2015-162,1,,117362,117362
144365,CON-AG-2014-8,3,,117440,117440
144366,COM-2016-134,1,,117639,117639
144368,CON-COM-2013-223,3,,118201,118201
144371,COM-2015-29,1,,26510,26510
144372,CON-COM-2021-159,3,,120376,120376
144373,COM-2021-158,1,,120653,120653
176338,CON-IND-2026-64,3,,152904,152904
176339,CON-IND-2026-65,3,,152904,152904
176340,CON-IND-2026-66,3,,152904,152904
176341,CON-IND-2026-67,3,,152904,152904
176342,CON-IND-2026-68,3,,152904,152904
176343,CON-IND-2026-69,3,,152904,152904
176344,CON-IND-2026-70,3,,152904,152904
176345,CON-IND-2026-71,3,,152904,152904
176346,CON-IND-2026-72,3,,152904,152904
176347,CON-IND-2026-73,3,,152904,152904
176348,CON-IND-2026-74,3,,152904,152904
176349,CON-IND-2026-75,3,,152904,152904
176350,CON-IND-2026-76,3,,152904,152904
142971,CON-COM-2003-66,3,,25596,25596
142973,CON-AG-1981-66,3,,25602,25602
142974,CON-COM-2010-370,3,,25606,25606
142976,COM-2007-186,1,,25621,25621
142977,CON-COM-2011-79,3,,25629,25629
142978,COM-2010-260,1,,25635,25635
142979,COM-1982-110,1,,25616,25616
142980,CON-AG-2008-16,3,,25644,25644
142981,COM-2010-250,1,,25653,25653
142983,CON-COM-2008-256,3,,25681,25681
142985,CON-COM-2012-82,3,,25723,25723
142986,CON-COM-2013-68,3,,25725,25725
142987,CON-COM-2004-51,3,,25728,25728
142988,COM-2009-213,1,,25724,25724
142989,CON-COM-2004-52,3,,25729,25729
142990,CON-AG-2001-16,3,,25730,25730
142991,COM-1991-264,1,,25732,25732
142992,COM-1991-235,1,,25733,25733
142993,COM-1982-95,1,,25734,25734
142995,COM-1999-79,1,,25754,25754
142997,COM-2013-2,1,,25588,25588
142998,IND-1985-12,1,,25563,25563
143000,CON-COM-2013-67,3,,25577,25577
143001,COM-RC-1982-148,1,,26504,26504
143002,COM-2012-37,1,,26460,26460
143003,CON-COM-2013-72,3,,26430,26430
143004,COM-1989-77,1,,25865,25865
143008,IND-1993-6,1,,25905,25905
143010,COM-1996-158,1,,25989,25989
143011,COM-1997-45,1,,25990,25990
143013,CON-IND-1982-39,3,,25992,25992
143015,COM-2002-576,1,,25975,25975
143016,COM-1993-56,1,,25981,25981
143017,COM-2001-268,1,,25984,25984
143018,CON-COM-2013-173,3,,25986,25986
143021,CON-COM-2012-238,3,,25874,25874
143023,IND-RC-1983-9,1,,25880,25880
143026,CON-COM-2009-185,3,,25899,25899
143027,COM-2001-59,1,,25897,25897
143028,COM-1983-18,1,,25888,25888
143029,COM-RC-1981-16,1,,26211,26211
143030,COM-2005-99,1,,26247,26247
143031,COM-RC-1982-414,1,,26209,26209
143032,COM-2005-102,1,,26238,26238
143033,COM-1987-35,1,,26213,26213
143034,CON-COM-RC-1982-25,3,,26352,26352
143035,COM-2005-100,1,,26255,26255
143036,COM-2003-128,1,,26039,26039
143038,AG-RC-1981-40,1,,26056,26056
143039,COM-2003-124,1,,26037,26037
143040,COM-2003-125,1,,26036,26036
143041,COM-2003-123,1,,26032,26032
143042,COM-2003-126,1,,26038,26038
143043,CON-COM-2003-109,3,,26092,26092
143044,CON-COM-2001-41,3,,26082,26082
173792,RES-2012-5019,2,150523,65379,65379
173793,RES-2012-5020,2,150524,65379,65379
183482,CON-IND-2026-333,3,,159842,159842
183483,CON-IND-2026-334,3,,159842,159842
183484,CON-IND-2026-335,3,,159842,159842
183485,CON-IND-2026-336,3,,159842,159842
183486,CON-IND-2026-337,3,,159842,159842
183487,CON-IND-2026-338,3,,159842,159842
183488,CON-IND-2026-339,3,,159842,159842
183489,CON-IND-2026-340,3,,159842,159842
183490,CON-IND-2026-341,3,,159842,159842
183491,CON-IND-2026-342,3,,159842,159842
183492,CON-IND-2026-343,3,,159842,159842
183493,CON-IND-2026-344,3,,159842,159842
183494,CON-IND-2026-345,3,,159842,159842
183495,CON-IND-2026-346,3,,159842,159842
183496,CON-IND-2026-347,3,,159842,159842
183497,CON-IND-2026-348,3,,159842,159842
183498,CON-IND-2026-349,3,,159842,159842
183499,CON-IND-2026-350,3,,159842,159842
183500,CON-IND-2026-351,3,,159842,159842
183501,CON-IND-2026-352,3,,159842,159842
183502,CON-IND-2026-353,3,,159842,159842
183503,CON-IND-2026-354,3,,159842,159842
183504,CON-IND-2026-355,3,,159842,159842
183505,CON-IND-2026-356,3,,159842,159842
183506,CON-IND-2026-357,3,,159842,159842
183507,CON-IND-2026-358,3,,159842,159842
183508,CON-IND-2026-359,3,,159842,159842
183509,CON-IND-2026-360,3,,159842,159842
183510,CON-IND-2026-361,3,,159842,159842
183511,CON-IND-2026-362,3,,159842,159842
183512,CON-IND-2026-363,3,,159842,159842
183513,CON-IND-2026-364,3,,159842,159842
183514,CON-IND-2026-365,3,,159842,159842
183515,CON-IND-2026-366,3,,159842,159842
183516,CON-IND-2026-367,3,,159842,159842
183517,CON-IND-2026-368,3,,159842,159842
183518,CON-IND-2026-369,3,,159842,159842
183519,CON-IND-2026-370,3,,159842,159842
183520,CON-IND-2026-371,3,,159842,159842
183521,CON-IND-2026-372,3,,159842,159842
183522,CON-IND-2026-373,3,,159842,159842
183523,CON-IND-2026-374,3,,159842,159842
183524,CON-IND-2026-375,3,,159842,159842
183525,CON-IND-2026-376,3,,159842,159842
183526,CON-IND-2026-377,3,,159842,159842
183527,CON-IND-2026-378,3,,159842,159842
183528,CON-IND-2026-379,3,,159842,159842
183529,CON-IND-2026-380,3,,159842,159842
183530,CON-IND-2026-381,3,,159842,159842
183531,CON-IND-2026-382,3,,159842,159842
183532,CON-IND-2026-383,3,,159842,159842
183533,CON-IND-2026-384,3,,159842,159842
183534,CON-IND-2026-385,3,,159842,159842
183535,CON-IND-2026-386,3,,159842,159842
183536,CON-IND-2026-387,3,,159842,159842
183537,CON-IND-2026-388,3,,159842,159842
183538,CON-IND-2026-389,3,,159842,159842
183539,CON-IND-2026-390,3,,159842,159842
183540,CON-IND-2026-391,3,,159842,159842
183541,CON-IND-2026-392,3,,159842,159842
183542,CON-IND-2026-393,3,,159842,159842
183543,CON-IND-2026-394,3,,159842,159842
183544,CON-IND-2026-395,3,,159842,159842
183545,CON-IND-2026-396,3,,159842,159842
134306,DCIV-2025-47,,,115312,115312
183792,CON-IND-2026-643,3,,159842,159842
183793,CON-IND-2026-644,3,,159842,159842
183794,CON-IND-2026-645,3,,159842,159842
183795,CON-IND-2026-646,3,,159842,159842
183796,CON-IND-2026-647,3,,159842,159842
183797,CON-IND-2026-648,3,,159842,159842
183798,CON-IND-2026-649,3,,159842,159842
183799,CON-IND-2026-650,3,,159842,159842
183800,CON-IND-2026-651,3,,159842,159842
183801,CON-IND-2026-652,3,,159842,159842
183802,CON-IND-2026-653,3,,159842,159842
183803,CON-IND-2026-654,3,,159842,159842
183804,CON-IND-2026-655,3,,159842,159842
183805,CON-IND-2026-656,3,,159842,159842
183806,CON-IND-2026-657,3,,159842,159842
183807,CON-IND-2026-658,3,,159842,159842
183808,CON-IND-2026-659,3,,159842,159842
183809,CON-IND-2026-660,3,,159842,159842
183810,CON-IND-2026-661,3,,159842,159842
183811,CON-IND-2026-662,3,,159842,159842
183812,CON-IND-2026-663,3,,159842,159842
183813,CON-IND-2026-664,3,,159842,159842
183814,CON-IND-2026-665,3,,159842,159842
183815,CON-IND-2026-666,3,,159842,159842
183816,CON-IND-2026-667,3,,159842,159842
183817,CON-IND-2026-668,3,,159842,159842
183818,CON-IND-2026-669,3,,159842,159842
183819,CON-IND-2026-670,3,,159842,159842
183820,CON-IND-2026-671,3,,159842,159842
183821,CON-IND-2026-672,3,,159842,159842
183822,CON-IND-2026-673,3,,159842,159842
183823,CON-IND-2026-674,3,,159842,159842
183824,CON-IND-2026-675,3,,159842,159842
183825,CON-IND-2026-676,3,,159842,159842
183826,CON-IND-2026-677,3,,159842,159842
183827,CON-IND-2026-678,3,,159842,159842
183828,CON-IND-2026-679,3,,159842,159842
183829,CON-IND-2026-680,3,,159842,159842
183830,CON-IND-2026-681,3,,159842,159842
183831,CON-IND-2026-682,3,,159842,159842
183832,CON-IND-2026-683,3,,159842,159842
183833,CON-IND-2026-684,3,,159842,159842
183834,CON-IND-2026-685,3,,159842,159842
183835,CON-IND-2026-686,3,,159842,159842
183836,CON-IND-2026-687,3,,159842,159842
183837,CON-IND-2026-688,3,,159842,159842
183838,CON-IND-2026-689,3,,159842,159842
183839,CON-IND-2026-690,3,,159842,159842
183840,CON-IND-2026-691,3,,159842,159842
183841,CON-IND-2026-692,3,,159842,159842
183842,CON-IND-2026-693,3,,159842,159842
183843,CON-IND-2026-694,3,,159842,159842
183844,CON-IND-2026-695,3,,159842,159842
183845,CON-IND-2026-696,3,,159842,159842
183846,CON-IND-2026-697,3,,159842,159842
183847,CON-IND-2026-698,3,,159842,159842
183848,CON-IND-2026-699,3,,159842,159842
183849,CON-IND-2026-700,3,,159842,159842
183850,CON-IND-2026-701,3,,159842,159842
183851,CON-IND-2026-702,3,,159842,159842
183852,CON-IND-2026-703,3,,159842,159842
183853,CON-IND-2026-704,3,,159842,159842
183854,CON-IND-2026-705,3,,159842,159842
183855,CON-IND-2026-706,3,,159842,159842
183856,CON-IND-2026-707,3,,159842,159842
183857,CON-IND-2026-708,3,,159842,159842
183407,CON-IND-2026-257,3,,159842,159842
183408,CON-IND-2026-258,3,,159842,159842
183409,CON-IND-2026-259,3,,159842,159842
183410,CON-IND-2026-260,3,,159842,159842
183411,CON-IND-2026-261,3,,159842,159842
183412,CON-IND-2026-262,3,,159842,159842
183413,CON-IND-2026-263,3,,159842,159842
183414,CON-IND-2026-264,3,,159842,159842
183415,CON-IND-2026-265,3,,159842,159842
183416,CON-IND-2026-266,3,,159842,159842
183417,CON-IND-2026-267,3,,159842,159842
183418,CON-IND-2026-268,3,,159842,159842
183419,CON-IND-2026-269,3,,159842,159842
183420,CON-IND-2026-270,3,,159842,159842
183421,CON-IND-2026-271,3,,159842,159842
183422,CON-IND-2026-272,3,,159842,159842
183423,CON-IND-2026-273,3,,159842,159842
183424,CON-IND-2026-274,3,,159842,159842
183425,CON-IND-2026-275,3,,159842,159842
183426,CON-IND-2026-276,3,,159842,159842
183427,CON-IND-2026-277,3,,159842,159842
183428,CON-IND-2026-278,3,,159842,159842
183429,CON-IND-2026-279,3,,159842,159842
176461,CON-IND-2026-189,3,,152904,152904
176462,CON-IND-2026-190,3,,152904,152904
176463,CON-IND-2026-191,3,,152904,152904
176464,CON-IND-2026-192,3,,152904,152904
176465,CON-IND-2026-193,3,,152904,152904
176466,CON-IND-2026-194,3,,152904,152904
176467,CON-IND-2026-195,3,,152904,152904
176468,CON-IND-2026-196,3,,152904,152904
176469,CON-IND-2026-197,3,,152904,152904
176470,CON-IND-2026-198,3,,152904,152904
176471,CON-IND-2026-199,3,,152904,152904
176472,CON-IND-2026-200,3,,152904,152904
176473,CON-IND-2026-201,3,,152904,152904
176474,CON-IND-2026-202,3,,152904,152904
176475,CON-IND-2026-203,3,,152904,152904
176476,CON-IND-2026-204,3,,152904,152904
176477,CON-IND-2026-205,3,,152904,152904
176478,CON-IND-2026-206,3,,152904,152904
176479,CON-IND-2026-207,3,,152904,152904
176480,CON-IND-2026-208,3,,152904,152904
176481,CON-IND-2026-209,3,,152904,152904
176482,CON-IND-2026-210,3,,152904,152904
176483,CON-IND-2026-211,3,,152904,152904
176484,CON-IND-2026-212,3,,152904,152904
176485,CON-IND-2026-213,3,,152904,152904
176486,CON-IND-2026-214,3,,152904,152904
176487,CON-IND-2026-215,3,,152904,152904
176488,CON-IND-2026-216,3,,152904,152904
176489,CON-IND-2026-217,3,,152904,152904
176490,CON-IND-2026-218,3,,152904,152904
176491,CON-IND-2026-219,3,,152904,152904
176492,CON-IND-2026-220,3,,152904,152904
176493,CON-IND-2026-221,3,,152904,152904
176494,CON-IND-2026-222,3,,152904,152904
176495,CON-IND-2026-223,3,,152904,152904
176496,CON-IND-2026-224,3,,152904,152904
176497,CON-IND-2026-225,3,,152904,152904
176498,CON-IND-2026-226,3,,152904,152904
176499,CON-IND-2026-227,3,,152904,152904
176500,CON-IND-2026-228,3,,152904,152904
176501,CON-IND-2026-229,3,,152904,152904
176502,CON-IND-2026-230,3,,152904,152904
176503,CON-IND-2026-231,3,,152904,152904
176504,CON-IND-2026-232,3,,152904,152904
176505,CON-IND-2026-233,3,,152904,152904
176506,CON-IND-2026-234,3,,152904,152904
176507,CON-IND-2026-235,3,,152904,152904
176508,CON-IND-2026-236,3,,152904,152904
176509,CON-IND-2026-237,3,,152904,152904
176510,CON-IND-2026-238,3,,152904,152904
176511,CON-IND-2026-239,3,,152904,152904
176512,CON-IND-2026-240,3,,152904,152904
176513,CON-IND-2026-241,3,,152904,152904
176514,CON-IND-2026-242,3,,152904,152904
176515,CON-IND-2026-243,3,,152904,152904
176516,CON-IND-2026-244,3,,152904,152904
176517,CON-IND-2026-245,3,,152904,152904
176518,CON-IND-2026-246,3,,152904,152904
176519,CON-IND-2026-247,3,,152904,152904
176520,CON-IND-2026-248,3,,152904,152904
176521,CON-IND-2026-249,3,,152904,152904
183546,CON-IND-2026-397,3,,159842,159842
183547,CON-IND-2026-398,3,,159842,159842
183548,CON-IND-2026-399,3,,159842,159842
183549,CON-IND-2026-400,3,,159842,159842
183550,CON-IND-2026-401,3,,159842,159842
183551,CON-IND-2026-402,3,,159842,159842
183552,CON-IND-2026-403,3,,159842,159842
183553,CON-IND-2026-404,3,,159842,159842
183554,CON-IND-2026-405,3,,159842,159842
183555,CON-IND-2026-406,3,,159842,159842
183556,CON-IND-2026-407,3,,159842,159842
183557,CON-IND-2026-408,3,,159842,159842
183558,CON-IND-2026-409,3,,159842,159842
183559,CON-IND-2026-410,3,,159842,159842
183560,CON-IND-2026-411,3,,159842,159842
183561,CON-IND-2026-412,3,,159842,159842
183562,CON-IND-2026-413,3,,159842,159842
183563,CON-IND-2026-414,3,,159842,159842
183564,CON-IND-2026-415,3,,159842,159842
183565,CON-IND-2026-416,3,,159842,159842
183566,CON-IND-2026-417,3,,159842,159842
183567,CON-IND-2026-418,3,,159842,159842
183568,CON-IND-2026-419,3,,159842,159842
183569,CON-IND-2026-420,3,,159842,159842
183570,CON-IND-2026-421,3,,159842,159842
183571,CON-IND-2026-422,3,,159842,159842
183572,CON-IND-2026-423,3,,159842,159842
183573,CON-IND-2026-424,3,,159842,159842
183574,CON-IND-2026-425,3,,159842,159842
183575,CON-IND-2026-426,3,,159842,159842
183576,CON-IND-2026-427,3,,159842,159842
183577,CON-IND-2026-428,3,,159842,159842
183578,CON-IND-2026-429,3,,159842,159842
183579,CON-IND-2026-430,3,,159842,159842
183580,CON-IND-2026-431,3,,159842,159842
183581,CON-IND-2026-432,3,,159842,159842
183582,CON-IND-2026-433,3,,159842,159842
183583,CON-IND-2026-434,3,,159842,159842
183584,CON-IND-2026-435,3,,159842,159842
183585,CON-IND-2026-436,3,,159842,159842
183586,CON-IND-2026-437,3,,159842,159842
183587,CON-IND-2026-438,3,,159842,159842
183588,CON-IND-2026-439,3,,159842,159842
183589,CON-IND-2026-440,3,,159842,159842
183590,CON-IND-2026-441,3,,159842,159842
183591,CON-IND-2026-442,3,,159842,159842
183592,CON-IND-2026-443,3,,159842,159842
183593,CON-IND-2026-444,3,,159842,159842
183594,CON-IND-2026-445,3,,159842,159842
183595,CON-IND-2026-446,3,,159842,159842
183596,CON-IND-2026-447,3,,159842,159842
183597,CON-IND-2026-448,3,,159842,159842
183598,CON-IND-2026-449,3,,159842,159842
183599,CON-IND-2026-450,3,,159842,159842
183600,CON-IND-2026-451,3,,159842,159842
183601,CON-IND-2026-452,3,,159842,159842
183602,CON-IND-2026-453,3,,159842,159842
183603,CON-IND-2026-454,3,,159842,159842
183604,CON-IND-2026-455,3,,159842,159842
183605,CON-IND-2026-456,3,,159842,159842
183606,CON-IND-2026-457,3,,159842,159842
183607,CON-IND-2026-458,3,,159842,159842
183608,CON-IND-2026-459,3,,159842,159842
183609,CON-IND-2026-460,3,,159842,159842
183610,CON-IND-2026-461,3,,159842,159842
183611,CON-IND-2026-462,3,,159842,159842
183612,CON-IND-2026-463,3,,159842,159842
183613,CON-IND-2026-464,3,,159842,159842
183614,CON-IND-2026-465,3,,159842,159842
183615,CON-IND-2026-466,3,,159842,159842
183616,CON-IND-2026-467,3,,159842,159842
183617,CON-IND-2026-468,3,,159842,159842
183618,CON-IND-2026-469,3,,159842,159842
183619,CON-IND-2026-470,3,,159842,159842
183620,CON-IND-2026-471,3,,159842,159842
183621,CON-IND-2026-472,3,,159842,159842
183622,CON-IND-2026-473,3,,159842,159842
183623,CON-IND-2026-474,3,,159842,159842
183624,CON-IND-2026-475,3,,159842,159842
183625,CON-IND-2026-476,3,,159842,159842
183626,CON-IND-2026-477,3,,159842,159842
183627,CON-IND-2026-478,3,,159842,159842
183628,CON-IND-2026-479,3,,159842,159842
183629,CON-IND-2026-480,3,,159842,159842
183630,CON-IND-2026-481,3,,159842,159842
183631,CON-IND-2026-482,3,,159842,159842
183632,CON-IND-2026-483,3,,159842,159842
183633,CON-IND-2026-484,3,,159842,159842
144082,RES-2002-8116,2,,101724,101724
144083,RES-2006-866,2,,51296,51296
144084,RES-1997-1025,2,,45126,45126
144085,CON-RES-2006-427,3,,101809,101809
144086,CON-RES-2011-1163,3,,101836,101836
144087,RES-2000-1756,2,,46606,46606
144088,CON-RES-2016-168,3,,102302,102302
144089,COM-2023-463,1,,32327,32327
144090,RES-1987-2110,1,,32327,32327
144092,COM-1998-166,1,,102387,102387
144093,CON-RES-1991-311,3,,102395,102395
144094,RES-1987-972,1,,32897,32897
144095,RES-1981-324,1,,27340,27340
144098,CON-AG-2015-64,3,,102691,102691
144099,CON-RES-2015-124,3,,102805,102805
144101,COM-2012-192,1,,103059,103059
144104,CON-AG-2016-63,3,,103166,103166
144105,COM-2002-1162,1,,103191,103191
144106,COM-2016-373,1,,103206,103206
144108,RES-2000-2623,2,,103223,103223
144110,CON-COM-2010-368,3,,103305,103305
144111,CON-COM-2005-52,3,,103439,103439
144112,CON-COM-2004-72,3,,103467,103467
144113,CON-COM-2004-4,3,,103481,103481
144114,CON-COM-2016-344,3,,103495,103495
144115,COM-2015-137,1,,103552,103552
144116,RES-2000-2366,2,,46848,46848
144117,GKN-2148,,,103662,103662
144118,SIT-2017-52,2,,103662,103662
144120,RES-1988-1113,1,,32948,32948
144121,CON-COM-1998-43,3,,103745,103745
144122,RES-2010-3112,2,,103755,103755
144123,RES-2016-3038,2,,103767,103767
144124,COM-1987-15,1,,103767,103767
144125,RES-2007-315,2,,51474,51474
144127,CON-RES-2009-613,3,,103945,103945
144128,RES-2004-739,2,,50375,50375
144129,CON-COM-2016-169,3,,103966,103966
144130,CON-RES-2013-17,3,,103969,103969
144131,RES-2014-2354,2,,54412,54412
144132,RES-2016-177,2,,56455,56455
144135,CON-COM-2009-344,3,,104098,104098
144136,CON-RES-2008-242,3,,104115,104115
178877,RES-2005-1484,2,50578,24982,24982
143367,CON-COM-2018-87,3,,25832,25832
143368,COM-2015-158,1,,25831,25831
143369,CON-AG-1998-20,3,,25839,25839
143370,CON-COM-2017-242,3,,25852,25852
143371,CON-COM-1993-36,3,,25852,25852
143372,COM-2007-93,1,,25843,25843
143373,COM-2017-114,1,,25859,25859
143374,CON-AG-2013-117,3,,25857,25857
143375,CON-COM-2017-250,3,,25856,25856
143376,IND-1988-15,1,,25855,25855
143377,CON-COM-2017-243,3,,25851,25851
143379,CON-COM-2018-252,3,,25863,25863
143380,CON-AG-1992-25,3,,25863,25863
143381,CON-COM-2016-358,3,,25827,25827
143382,CON-IND-2008-17,3,,25826,25826
143383,COM-2015-30,1,,"25825,155255",25825
143384,COM-2018-39,1,,25824,25824
143385,RES-RC-1982-1433,1,,25824,25824
143386,CON-COM-2016-186,3,,25822,25822
143388,CON-COM-2017-284,3,,25821,25821
143389,CON-COM-2010-106,3,,25821,25821
143390,CON-COM-1982-110,3,,25820,25820
143391,CON-COM-2016-243,3,,25818,25818
143392,CON-COM-2018-109,3,,25817,25817
143393,CON-COM-2013-81,3,,25838,25838
143394,CON-RES-RC-1981-15,3,,25838,25838
143395,IND-2018-4,1,,25849,25849
143396,IND-RC-1982-82,1,,25849,25849
143397,CON-COM-2018-123,3,,25847,25847
143398,CON-COM-2013-219,3,,25829,25829
143399,CON-COM-2020-18,3,,26047,26047
143400,CON-AG-2020-67,3,,26045,26045
143401,CON-COM-2015-146,3,,26046,26046
143402,CON-COM-2019-290,3,,26042,26042
143403,CON-COM-2020-171,3,,26041,26041
143404,CON-AG-2020-65,3,,26040,26040
143405,CON-COM-2015-289,3,,26074,26074
143406,CON-COM-2010-16,3,,26072,26072
143407,CON-AG-2019-113,3,,26064,26064
143408,CON-COM-2017-128,3,,26065,26065
143409,CON-COM-2015-42,3,,26066,26066
152559,IND-2018-21,1,,26493,26493
152722,CON-AG-2005-42,3,,130893,130893
124197,RES-2026-2231,2,176366,66206,66206
136513,COM-2014-66,1,,26507,26507
163703,RES-2026-3143,2,,67097,67097
163704,RES-2026-3144,2,,67097,67097
163705,RES-2026-3145,2,,67097,67097
188184,COM-2014-50,1,3913,25977,25977
188224,COM-RC-1982-415,1,6158,25977,25977
143712,CON-RES-1998-239,3,,25290,25290
143714,RES-1997-1031,2,,25289,25289
143715,RES-2009-2046,2,,25279,25279
143719,RES-2002-6928,2,,25299,25299
143720,CON-RES-2009-420,3,,25275,25275
143721,RES-RC-1982-541,1,,25288,25288
143723,CON-RES-2009-814,3,,25276,25276
143724,CON-COM-2016-245,3,,25012,25012
143725,IND-1990-1,1,,25618,25618
143726,COM-1992-380,1,,25636,25636
143727,CON-AG-2015-100,3,,25613,25613
143728,COM-2016-369,1,,25008,25008
143729,COM-2018-78,1,,25868,25868
143730,IND-1982-65,1,,25005,25005
143732,CON-COM-2014-66,3,,26375,26375
143733,COM-2016-251,1,,25611,25611
143735,RES-RC-1982-763,1,,25162,25162
143736,CON-AG-2016-94,3,,25878,25878
143737,CON-AG-2020-34,3,,26169,26169
143738,COM-2009-25,1,,25622,25622
143739,CON-AG-2018-26,3,,25052,25052
143740,IND-2018-10,1,,25809,25809
143741,CON-COM-2014-106,3,,25007,25007
143742,COM-2014-98,1,,26313,26313
143744,COM-2016-195,1,,25619,25619
143745,CON-COM-2009-303,3,,25720,25720
143746,CON-RES-2015-435,3,,25215,25215
143747,CON-COM-2019-121,3,,25955,25955
143748,CON-COM-2018-29,3,,25804,25804
143750,CON-COM-2016-343,3,,25792,25792
143751,COM-2000-396,1,,25789,25789
143752,COM-2014-120,1,,25637,25637
143753,COM-1992-2,1,,25637,25637
143754,CON-COM-2010-103,3,,25053,25053
143755,COM-2003-628,1,,25811,25811
183858,CON-IND-2026-709,3,,159842,159842
183859,CON-IND-2026-710,3,,159842,159842
183860,CON-IND-2026-711,3,,159842,159842
183861,CON-IND-2026-712,3,,159842,159842
183862,CON-IND-2026-713,3,,159842,159842
183863,CON-IND-2026-714,3,,159842,159842
183864,CON-IND-2026-715,3,,159842,159842
183865,CON-IND-2026-716,3,,159842,159842
183866,CON-IND-2026-717,3,,159842,159842
183867,CON-IND-2026-718,3,,159842,159842
183868,CON-IND-2026-719,3,,159842,159842
183869,CON-IND-2026-720,3,,159842,159842
183870,CON-IND-2026-721,3,,159842,159842
183871,CON-IND-2026-722,3,,159842,159842
183872,CON-IND-2026-723,3,,159842,159842
183873,CON-IND-2026-724,3,,159842,159842
183874,CON-IND-2026-725,3,,159842,159842
183875,CON-IND-2026-726,3,,159842,159842
183876,CON-IND-2026-727,3,,159842,159842
183877,CON-IND-2026-728,3,,159842,159842
183878,CON-IND-2026-729,3,,159842,159842
183879,CON-IND-2026-730,3,,159842,159842
183880,CON-IND-2026-731,3,,159842,159842
183881,CON-IND-2026-732,3,,159842,159842
183882,CON-IND-2026-733,3,,159842,159842
183883,CON-IND-2026-734,3,,159842,159842
183884,CON-IND-2026-735,3,,159842,159842
183885,CON-IND-2026-736,3,,159842,159842
183886,CON-IND-2026-737,3,,159842,159842
183887,CON-IND-2026-738,3,,159842,159842
183888,CON-IND-2026-739,3,,159842,159842
183889,CON-IND-2026-740,3,,159842,159842
183890,CON-IND-2026-741,3,,159842,159842
183891,CON-IND-2026-742,3,,159842,159842
183892,CON-IND-2026-743,3,,159842,159842
183893,CON-IND-2026-744,3,,159842,159842
183894,CON-IND-2026-745,3,,159842,159842
183895,CON-IND-2026-746,3,,159842,159842
183896,CON-IND-2026-747,3,,159842,159842
183897,CON-IND-2026-748,3,,159842,159842
183898,CON-IND-2026-749,3,,159842,159842
183899,CON-IND-2026-750,3,,159842,159842
183900,CON-IND-2026-751,3,,159842,159842
183901,CON-IND-2026-752,3,,159842,159842
183902,CON-IND-2026-753,3,,159842,159842
183903,CON-IND-2026-754,3,,159842,159842
183904,CON-IND-2026-755,3,,159842,159842
183905,CON-IND-2026-756,3,,159842,159842
183906,CON-IND-2026-757,3,,159842,159842
183907,CON-IND-2026-758,3,,159842,159842
183908,CON-IND-2026-759,3,,159842,159842
183909,CON-IND-2026-760,3,,159842,159842
183910,CON-IND-2026-761,3,,159842,159842
183911,CON-IND-2026-762,3,,159842,159842
183912,CON-IND-2026-763,3,,159842,159842
183913,CON-IND-2026-764,3,,159842,159842
183914,CON-IND-2026-765,3,,159842,159842
183915,CON-IND-2026-766,3,,159842,159842
183916,CON-IND-2026-767,3,,159842,159842
183917,CON-IND-2026-768,3,,159842,159842
183918,CON-IND-2026-769,3,,159842,159842
183919,CON-IND-2026-770,3,,159842,159842
183920,CON-IND-2026-771,3,,159842,159842
183921,CON-IND-2026-772,3,,159842,159842
183922,CON-IND-2026-773,3,,159842,159842
183923,CON-IND-2026-774,3,,159842,159842
183924,CON-IND-2026-775,3,,159842,159842
183925,CON-IND-2026-776,3,,159842,159842
183926,CON-IND-2026-777,3,,159842,159842
183927,CON-IND-2026-778,3,,159842,159842
183928,CON-IND-2026-779,3,,159842,159842
183929,CON-IND-2026-780,3,,159842,159842
183930,CON-IND-2026-781,3,,159842,159842
183931,CON-IND-2026-782,3,,159842,159842
183932,CON-IND-2026-783,3,,159842,159842
183933,CON-IND-2026-784,3,,159842,159842
183934,CON-IND-2026-785,3,,159842,159842
183935,CON-IND-2026-786,3,,159842,159842
183936,CON-IND-2026-787,3,,159842,159842
176351,CON-IND-2026-77,3,,152904,152904
176352,CON-IND-2026-78,3,,152904,152904
176353,CON-IND-2026-79,3,,152904,152904
176354,CON-IND-2026-80,3,,152904,152904
176355,CON-IND-2026-81,3,,152904,152904
176356,CON-IND-2026-82,3,,152904,152904
176357,CON-IND-2026-83,3,,152904,152904
176358,CON-IND-2026-84,3,,152904,152904
176359,CON-IND-2026-85,3,,152904,152904
176360,CON-IND-2026-86,3,,152904,152904
176361,CON-IND-2026-87,3,,152904,152904
176362,CON-IND-2026-88,3,,152904,152904
176363,CON-IND-2026-89,3,,152904,152904
176364,CON-IND-2026-90,3,,152904,152904
176365,CON-IND-2026-91,3,,152904,152904
176366,CON-IND-2026-92,3,,152904,152904
176367,CON-IND-2026-93,3,,152904,152904
176368,CON-IND-2026-94,3,,152904,152904
176369,CON-IND-2026-95,3,,152904,152904
176370,CON-IND-2026-96,3,,152904,152904
176371,CON-IND-2026-97,3,,152904,152904
176372,CON-IND-2026-98,3,,152904,152904
176373,CON-IND-2026-99,3,,152904,152904
176374,CON-IND-2026-100,3,,152904,152904
176375,CON-IND-2026-101,3,,152904,152904
176376,CON-IND-2026-102,3,,152904,152904
176377,CON-IND-2026-103,3,,152904,152904
176378,CON-IND-2026-104,3,,152904,152904
176379,CON-IND-2026-105,3,,152904,152904
176380,CON-IND-2026-106,3,,152904,152904
176381,CON-IND-2026-107,3,,152904,152904
176382,CON-IND-2026-108,3,,152904,152904
176383,CON-IND-2026-109,3,,152904,152904
176384,CON-IND-2026-110,3,,152904,152904
176385,CON-IND-2026-111,3,,152904,152904
176386,CON-IND-2026-112,3,,152904,152904
176387,CON-IND-2026-113,3,,152904,152904
176388,CON-IND-2026-114,3,,152904,152904
176389,CON-IND-2026-115,3,,152904,152904
176390,CON-IND-2026-116,3,,152904,152904
176391,CON-IND-2026-117,3,,152904,152904
176392,CON-IND-2026-118,3,,152904,152904
176393,CON-IND-2026-119,3,,152904,152904
176394,CON-IND-2026-120,3,,152904,152904
176395,CON-IND-2026-121,3,,152904,152904
176396,CON-IND-2026-122,3,,152904,152904
176397,CON-IND-2026-123,3,,152904,152904
176398,CON-IND-2026-124,3,,152904,152904
176399,CON-IND-2026-125,3,,152904,152904
176400,CON-IND-2026-126,3,,152904,152904
176401,CON-IND-2026-127,3,,152904,152904
176402,CON-IND-2026-128,3,,152904,152904
176403,CON-IND-2026-129,3,,152904,152904
176404,CON-IND-2026-130,3,,152904,152904
176405,CON-IND-2026-131,3,,152904,152904
176406,CON-IND-2026-132,3,,152904,152904
176407,CON-IND-2026-133,3,,152904,152904
176408,CON-IND-2026-134,3,,152904,152904
176409,CON-IND-2026-135,3,,152904,152904
176410,CON-IND-2026-136,3,,152904,152904
176411,CON-IND-2026-137,3,,152904,152904
176412,CON-IND-2026-138,3,,152904,152904
176413,CON-IND-2026-139,3,,152904,152904
186727,RES-2026-3431,2,,36708,36708
186728,RES-2026-3432,2,,36708,36708
186831,RES-1996-1183,2,44599,"102014,44599",102014
146553,COM-1993-166,1,,"25882,1305",25882
162205,KN4769,KANGIS,,140691,140691
169573,KN876,KANGIS,146528,120014,120014
169575,KN4312,KANGIS,146530,127732,127732
169581,KN693,KANGIS,146536,133041,133041
169582,KN4159,KANGIS,146537,135180,135180
169584,KN3520,KANGIS,146539,24979,24979
169588,KN1044,KANGIS,146544,103006,103006
170634,CON-RES-2026-2696,3,149196,149262,149262
170635,CON-RES-2026-2697,3,149197,149262,149262
170636,CON-RES-2026-2698,3,149198,149262,149262
170637,CON-RES-2026-2699,3,149199,149262,149262
170638,CON-RES-2026-2700,3,149200,149262,149262
170639,CON-RES-2026-2701,3,149201,149262,149262
170640,CON-RES-2026-2702,3,149202,149262,149262
170641,CON-RES-2026-2703,3,149203,149262,149262
170642,CON-RES-2026-2704,3,149204,149262,149262
170643,CON-RES-2026-2705,3,149205,149262,149262
170644,CON-RES-2026-2706,3,149206,149262,149262
170645,CON-RES-2026-2707,3,149207,149262,149262
170646,CON-RES-2026-2708,3,149208,149262,149262
170647,CON-RES-2026-2709,3,149209,149262,149262
170648,CON-RES-2026-2710,3,149210,149262,149262
170649,CON-RES-2026-2711,3,149211,149262,149262
170650,CON-RES-2026-2712,3,149212,149262,149262
170651,CON-RES-2026-2713,3,149213,149262,149262
170652,CON-RES-2026-2714,3,149214,149262,149262
170653,CON-RES-2026-2715,3,149215,149262,149262
170654,CON-RES-2026-2716,3,149216,149262,149262
170655,CON-RES-2026-2717,3,149217,149262,149262
170656,CON-RES-2026-2718,3,149218,149262,149262
170657,CON-RES-2026-2719,3,149219,149262,149262
170658,CON-RES-2026-2720,3,149220,149262,149262
170659,CON-RES-2026-2721,3,149221,149262,149262
170660,CON-RES-2026-2722,3,149222,149262,149262
170661,CON-RES-2026-2723,3,149223,149262,149262
170662,CON-RES-2026-2724,3,149224,149262,149262
170663,CON-RES-2026-2725,3,149225,149262,149262
170664,CON-RES-2026-2726,3,149226,149262,149262
170665,CON-RES-2026-2727,3,149227,149262,149262
170666,CON-RES-2026-2728,3,149228,149262,149262
170667,CON-RES-2026-2729,3,149229,149262,149262
170668,CON-RES-2026-2730,3,149230,149262,149262
170669,CON-RES-2026-2731,3,149231,149262,149262
170670,CON-RES-2026-2732,3,149232,149262,149262
170671,CON-RES-2026-2733,3,149233,149262,149262
170672,CON-RES-2026-2734,3,149234,149262,149262
170680,CON-RES-2026-2735,3,149235,149262,149262
170681,CON-RES-2026-2736,3,149236,149262,149262
170682,CON-RES-2026-2737,3,149237,149262,149262
170683,CON-RES-2026-2738,3,149238,149262,149262
170684,CON-RES-2026-2739,3,149239,149262,149262
170685,CON-RES-2026-2740,3,149240,149262,149262
170686,CON-RES-2026-2741,3,149241,149262,149262
170687,CON-RES-2026-2742,3,149242,149262,149262
170688,CON-RES-2026-2743,3,149243,149262,149262
170689,CON-RES-2026-2744,3,149244,149262,149262
170690,CON-RES-2026-2745,3,149245,149262,149262
170691,CON-RES-2026-2746,3,149246,149262,149262
170692,CON-RES-2026-2747,3,149247,149262,149262
170693,CON-RES-2026-2748,3,149248,149262,149262
170703,CON-COM-2026-521,3,149131,149262,149262
170704,CON-COM-2026-522,3,149132,149262,149262
170705,CON-COM-2026-523,3,149133,149262,149262
170706,CON-COM-2026-524,3,149134,149262,149262
132110,COM-2016-191,1,,112090,112090
141065,CON-COM-2020-318,3,,26176,26176
149637,DCIV-2024-19,DCIV,,37095,37095
183430,CON-IND-2026-280,3,,159842,159842
183431,CON-IND-2026-281,3,,159842,159842
183432,CON-IND-2026-282,3,,159842,159842
183433,CON-IND-2026-283,3,,159842,159842
183434,CON-IND-2026-284,3,,159842,159842
183435,CON-IND-2026-285,3,,159842,159842
183436,CON-IND-2026-286,3,,159842,159842
183437,CON-IND-2026-287,3,,159842,159842
183438,CON-IND-2026-289,3,,159842,159842
183439,CON-IND-2026-290,3,,159842,159842
183440,CON-IND-2026-291,3,,159842,159842
183441,CON-IND-2026-292,3,,159842,159842
183442,CON-IND-2026-293,3,,159842,159842
183443,CON-IND-2026-294,3,,159842,159842
183444,CON-IND-2026-295,3,,159842,159842
183445,CON-IND-2026-296,3,,159842,159842
183446,CON-IND-2026-297,3,,159842,159842
183447,CON-IND-2026-298,3,,159842,159842
183448,CON-IND-2026-299,3,,159842,159842
183449,CON-IND-2026-300,3,,159842,159842
183450,CON-IND-2026-301,3,,159842,159842
183451,CON-IND-2026-302,3,,159842,159842
183452,CON-IND-2026-303,3,,159842,159842
183453,CON-IND-2026-304,3,,159842,159842
183454,CON-IND-2026-305,3,,159842,159842
183455,CON-IND-2026-306,3,,159842,159842
183456,CON-IND-2026-307,3,,159842,159842
183457,CON-IND-2026-308,3,,159842,159842
183458,CON-IND-2026-309,3,,159842,159842
183459,CON-IND-2026-310,3,,159842,159842
183460,CON-IND-2026-311,3,,159842,159842
183461,CON-IND-2026-312,3,,159842,159842
183462,CON-IND-2026-313,3,,159842,159842
183463,CON-IND-2026-314,3,,159842,159842
183464,CON-IND-2026-315,3,,159842,159842
183465,CON-IND-2026-316,3,,159842,159842
183466,CON-IND-2026-317,3,,159842,159842
183467,CON-IND-2026-318,3,,159842,159842
183468,CON-IND-2026-319,3,,159842,159842
183469,CON-IND-2026-320,3,,159842,159842
183470,CON-IND-2026-321,3,,159842,159842
183471,CON-IND-2026-322,3,,159842,159842
183472,CON-IND-2026-323,3,,159842,159842
183473,CON-IND-2026-324,3,,159842,159842
183474,CON-IND-2026-325,3,,159842,159842
183475,CON-IND-2026-326,3,,159842,159842
183476,CON-IND-2026-327,3,,159842,159842
183477,CON-IND-2026-328,3,,159842,159842
183478,CON-IND-2026-329,3,,159842,159842
183479,CON-IND-2026-330,3,,159842,159842
183480,CON-IND-2026-331,3,,159842,159842
183481,CON-IND-2026-332,3,,159842,159842
140931,KN897,KANGIS,,120512,120512
197379,CON-COM-2014-123,3,9554,"106918,9554",106918
119953,KN929,KANGIS,,26458,26458
181960,COM-1989-102,1,940,"26452,940",26452
182088,COM-1991-107,1,1040,"26454,1040",26454
196199,COM-RC-1991-1,1,,25770,25770
187788,CON-COM-2009-307,3,9078,"25100,9078",25100
151383,RES-2026-2803,2,,67447,67447
151384,RES-2026-2804,2,,67447,67447
183634,CON-IND-2026-485,3,,159842,159842
183635,CON-IND-2026-486,3,,159842,159842
183636,CON-IND-2026-487,3,,159842,159842
183637,CON-IND-2026-488,3,,159842,159842
183638,CON-IND-2026-489,3,,159842,159842
183639,CON-IND-2026-490,3,,159842,159842
183640,CON-IND-2026-491,3,,159842,159842
183641,CON-IND-2026-492,3,,159842,159842
183642,CON-IND-2026-493,3,,159842,159842
183643,CON-IND-2026-494,3,,159842,159842
183644,CON-IND-2026-495,3,,159842,159842
183645,CON-IND-2026-496,3,,159842,159842
183646,CON-IND-2026-497,3,,159842,159842
183647,CON-IND-2026-498,3,,159842,159842
183648,CON-IND-2026-499,3,,159842,159842
183649,CON-IND-2026-500,3,,159842,159842
183650,CON-IND-2026-501,3,,159842,159842
183651,CON-IND-2026-502,3,,159842,159842
183652,CON-IND-2026-503,3,,159842,159842
183653,CON-IND-2026-504,3,,159842,159842
183654,CON-IND-2026-505,3,,159842,159842
183655,CON-IND-2026-506,3,,159842,159842
183656,CON-IND-2026-507,3,,159842,159842
183657,CON-IND-2026-508,3,,159842,159842
183658,CON-IND-2026-509,3,,159842,159842
183659,CON-IND-2026-510,3,,159842,159842
183660,CON-IND-2026-511,3,,159842,159842
183661,CON-IND-2026-512,3,,159842,159842
183662,CON-IND-2026-513,3,,159842,159842
183663,CON-IND-2026-514,3,,159842,159842
183664,CON-IND-2026-515,3,,159842,159842
183665,CON-IND-2026-516,3,,159842,159842
183666,CON-IND-2026-517,3,,159842,159842
183667,CON-IND-2026-518,3,,159842,159842
183668,CON-IND-2026-519,3,,159842,159842
183669,CON-IND-2026-520,3,,159842,159842
183670,CON-IND-2026-521,3,,159842,159842
183671,CON-IND-2026-522,3,,159842,159842
183672,CON-IND-2026-523,3,,159842,159842
183673,CON-IND-2026-524,3,,159842,159842
183674,CON-IND-2026-525,3,,159842,159842
183675,CON-IND-2026-526,3,,159842,159842
183676,CON-IND-2026-527,3,,159842,159842
183677,CON-IND-2026-528,3,,159842,159842
183678,CON-IND-2026-529,3,,159842,159842
183679,CON-IND-2026-530,3,,159842,159842
183680,CON-IND-2026-531,3,,159842,159842
183681,CON-IND-2026-532,3,,159842,159842
183682,CON-IND-2026-533,3,,159842,159842
183683,CON-IND-2026-534,3,,159842,159842
183684,CON-IND-2026-535,3,,159842,159842
183685,CON-IND-2026-536,3,,159842,159842
183686,CON-IND-2026-537,3,,159842,159842
183687,CON-IND-2026-538,3,,159842,159842
183688,CON-IND-2026-539,3,,159842,159842
183689,CON-IND-2026-540,3,,159842,159842
183690,CON-IND-2026-541,3,,159842,159842
183691,CON-IND-2026-542,3,,159842,159842
183692,CON-IND-2026-543,3,,159842,159842
183693,CON-IND-2026-544,3,,159842,159842
183694,CON-IND-2026-545,3,,159842,159842
183695,CON-IND-2026-546,3,,159842,159842
183696,CON-IND-2026-547,3,,159842,159842
183697,CON-IND-2026-548,3,,159842,159842
183698,CON-IND-2026-549,3,,159842,159842
183699,CON-IND-2026-550,3,,159842,159842
183700,CON-IND-2026-551,3,,159842,159842
183701,CON-IND-2026-552,3,,159842,159842
183702,CON-IND-2026-553,3,,159842,159842
183703,CON-IND-2026-554,3,,159842,159842
183704,CON-IND-2026-555,3,,159842,159842
183705,CON-IND-2026-556,3,,159842,159842
183706,CON-IND-2026-557,3,,159842,159842
183707,CON-IND-2026-558,3,,159842,159842
183708,CON-IND-2026-559,3,,159842,159842
183709,CON-IND-2026-560,3,,159842,159842
183710,CON-IND-2026-561,3,,159842,159842
183711,CON-IND-2026-562,3,,159842,159842
183712,CON-IND-2026-563,3,,159842,159842
183713,CON-IND-2026-564,3,,159842,159842
183714,CON-IND-2026-565,3,,159842,159842
183715,CON-IND-2026-566,3,,159842,159842
183716,CON-IND-2026-567,3,,159842,159842
183717,CON-IND-2026-568,3,,159842,159842
183718,CON-IND-2026-569,3,,159842,159842
183719,CON-IND-2026-570,3,,159842,159842
183720,CON-IND-2026-571,3,,159842,159842
183721,CON-IND-2026-572,3,,159842,159842
192360,RES-2026-3519,2,,66631,66631
192361,RES-2026-3520,2,,66631,66631
183722,CON-IND-2026-573,3,,159842,159842
183723,CON-IND-2026-574,3,,159842,159842
183724,CON-IND-2026-575,3,,159842,159842
183725,CON-IND-2026-576,3,,159842,159842
183726,CON-IND-2026-577,3,,159842,159842
183727,CON-IND-2026-578,3,,159842,159842
183728,CON-IND-2026-579,3,,159842,159842
183729,CON-IND-2026-580,3,,159842,159842
183730,CON-IND-2026-581,3,,159842,159842
183731,CON-IND-2026-582,3,,159842,159842
183732,CON-IND-2026-583,3,,159842,159842
183733,CON-IND-2026-584,3,,159842,159842
183734,CON-IND-2026-585,3,,159842,159842
183735,CON-IND-2026-586,3,,159842,159842
183736,CON-IND-2026-587,3,,159842,159842
183737,CON-IND-2026-588,3,,159842,159842
183738,CON-IND-2026-589,3,,159842,159842
183739,CON-IND-2026-590,3,,159842,159842
183740,CON-IND-2026-591,3,,159842,159842
183741,CON-IND-2026-592,3,,159842,159842
183742,CON-IND-2026-593,3,,159842,159842
183743,CON-IND-2026-594,3,,159842,159842
183744,CON-IND-2026-595,3,,159842,159842
183745,CON-IND-2026-596,3,,159842,159842
183746,CON-IND-2026-597,3,,159842,159842
183747,CON-IND-2026-598,3,,159842,159842
183748,CON-IND-2026-599,3,,159842,159842
183749,CON-IND-2026-600,3,,159842,159842
183750,CON-IND-2026-601,3,,159842,159842
183751,CON-IND-2026-602,3,,159842,159842
183752,CON-IND-2026-603,3,,159842,159842
183753,CON-IND-2026-604,3,,159842,159842
183754,CON-IND-2026-605,3,,159842,159842
183755,CON-IND-2026-606,3,,159842,159842
183756,CON-IND-2026-607,3,,159842,159842
183757,CON-IND-2026-608,3,,159842,159842
183758,CON-IND-2026-609,3,,159842,159842
183759,CON-IND-2026-610,3,,159842,159842
183760,CON-IND-2026-611,3,,159842,159842
183761,CON-IND-2026-612,3,,159842,159842
183762,CON-IND-2026-613,3,,159842,159842
183763,CON-IND-2026-614,3,,159842,159842
183764,CON-IND-2026-615,3,,159842,159842
183765,CON-IND-2026-616,3,,159842,159842
183766,CON-IND-2026-617,3,,159842,159842
183767,CON-IND-2026-618,3,,159842,159842
183768,CON-IND-2026-619,3,,159842,159842
183769,CON-IND-2026-620,3,,159842,159842
183770,CON-IND-2026-621,3,,159842,159842
183771,CON-IND-2026-622,3,,159842,159842
183772,CON-IND-2026-623,3,,159842,159842
183773,CON-IND-2026-624,3,,159842,159842
183774,CON-IND-2026-625,3,,159842,159842
183775,CON-IND-2026-626,3,,159842,159842
183776,CON-IND-2026-627,3,,159842,159842
183777,CON-IND-2026-628,3,,159842,159842
183778,CON-IND-2026-629,3,,159842,159842
183779,CON-IND-2026-630,3,,159842,159842
183780,CON-IND-2026-631,3,,159842,159842
183781,CON-IND-2026-632,3,,159842,159842
183782,CON-IND-2026-633,3,,159842,159842
183783,CON-IND-2026-634,3,,159842,159842
183784,CON-IND-2026-635,3,,159842,159842
183785,CON-IND-2026-636,3,,159842,159842
183786,CON-IND-2026-637,3,,159842,159842
183787,CON-IND-2026-638,3,,159842,159842
183788,CON-IND-2026-639,3,,159842,159842
183789,CON-IND-2026-640,3,,159842,159842
183790,CON-IND-2026-641,3,,159842,159842
183791,CON-IND-2026-642,3,,159842,159842
