file_indexing_id,file_number,old_prop_id,action
25583,CON-RES-1993-621,11878,CLEAR
29909,CON-IND-1988-3,16110,CLEAR
32356,CON-RES-1987-1068,18551,CLEAR
31623,CON-RES-1982-1233,17819,CLEAR
20607,RES-1992-3169,6923,CLEAR
20793,RES-1992-3396,7106,CLEAR
21800,RES-1992-4958,8104,CLEAR
25068,CON-RES-1984-442,11364,CLEAR
27656,RES-1991-745,13878,CLEAR
25506,CON-RES-1999-347,11802,CLEAR
22631,RES-1992-6952,8930,CLEAR
28635,RES-1993-1702,14844,CLEAR
21457,RES-1992-4534,7766,CLEAR
26283,CON-RES-1986-63,12577,CLEAR
25533,CON-RES-1999-298,11828,CLEAR
186120,CON-RES-1999-145,7088,CLEAR
186142,CON-RES-1999-144,7088,CLEAR
186174,CON-RES-1999-143,7088,CLEAR
186191,CON-RES-1999-146,7088,CLEAR
186223,CON-RES-1999-147,7088,CLEAR
25090,CON-AG-1984-28,11386,CLEAR
20745,CON-RES-1995-50,7059,CLEAR
27858,RES-1993-612,14071,CLEAR
24653,CON-RES-1984-624,10949,CLEAR
28497,RES-1993-445,14709,CLEAR
28426,RES-1992-8657,14638,CLEAR
32355,CON-RES-1987-1067,18550,CLEAR
26890,RES-1991-212,13117,CLEAR
28356,RES-1992-7360,14569,CLEAR
26784,RES-1991-98,13012,CLEAR
24593,CON-RES-1987-910,10889,CLEAR
32380,CON-RES-1987-1148,18575,CLEAR
20849,RES-1992-3283,7162,CLEAR
21593,RES-1992-4660,7901,CLEAR
29940,CON-AG-1988-59,16141,CLEAR
27401,RES-1990-4482,13627,CLEAR
24801,CON-RES-1986-113,11097,CLEAR
24866,CON-RES-1986-274,11162,CLEAR
24543,CON-RES-1987-15,10839,CLEAR
25850,CON-AG-1985-104,12145,CLEAR
27464,RES-1990-4443,13688,CLEAR
28159,RES-1993-2126,14372,CLEAR
28459,RES-1993-335,14671,CLEAR
27343,RES-1990-4452,13569,CLEAR
25916,CON-RES-1988-399,12211,CLEAR
32349,CON-RES-1987-1139,18544,CLEAR
21077,CON-RES-1995-401,7387,CLEAR
21092,CON-RES-1995-120,7402,CLEAR
28682,RES-1993-1814,14891,CLEAR
